{
  "rouge1": [
    0.4963768115942028,
    0.20689655172413793,
    0.359375,
    0.405144694533762
  ],
  "rouge2": [
    0.12727272727272726,
    0.04705882352941177,
    0.126984126984127,
    0.11003236245954692
  ],
  "rougeL": [
    0.2282608695652174,
    0.13793103448275862,
    0.25,
    0.22508038585209003
  ],
  "rougeLsum": [
    0.4565217391304348,
    0.16091954022988506,
    0.28125,
    0.3408360128617363
  ],
  "bertscore_precision": [
    0.635919988155365,
    0.5314217209815979,
    0.6149025559425354,
    0.6649494767189026
  ],
  "bertscore_recall": [
    0.5987054705619812,
    0.5049780607223511,
    0.6361401677131653,
    0.5371638536453247
  ],
  "bertscore_f1": [
    0.6167518496513367,
    0.5178625583648682,
    0.6253411173820496,
    0.594264805316925
  ],
  "bleurt": [
    0.33700573444366455,
    0.40839242935180664,
    0.4247591495513916,
    0.5318822264671326
  ],
  "pred_note": [
    "\nHISTORY OF PRESENT ILLNESS\n Angela reports experiencing kidney stone pain that fluctuates and has recently improved. No more blood was found in the urine, and pain has subsided. Angela has been to the emergency room last week and was given pain medication. This is the seventh or eighth time that Angela has experienced kidney stones.  \nPHYSICAL EXAM\n Clear lungs bilaterally with no crackles heard. On heart exam, grade two out of six systolic ejection murmur was heard. No tenderness on palpation of the abdomen or tenderness of the CVA.  \nRESULTS\n Angela's blood pressure was one fifty over ninety, and she is currently taking two point five of Norvasc. Angela had A1C, which was six . seven, showing a little bit high. Labs for urinalysis and urine culture were ordered. Angela was referred to a nutritionist, and a consult to urology was given.  \nASSESSMENT AND PLAN\n Angela has improved from her kidney stone pain, and it seems to be passed. However, she is referred to urology for further examination. Angela is doing well on the two . five of Norvasc for hypertension and should continue. Angela will also continue with the five hundred milligrams of Metformin daily for her diabetes. Angela will be asked to take blood sugar measurements before every meal to gauge how much food she should eat. Angela is to take ten milligrams of melatonin as needed and will practice proper sleep hygiene to manage her insomnia. Angela will return in three months for a follow-up.",
    "Angela reports experiencing kidney stone pain that fluctuates and has recently improved. No more blood was found in the urine, and pain has subsided. Angela has been to the emergency room last week and was given pain medication. This is the seventh or eighth time that Angela has experienced kidney stones. ",
    "Clear lungs bilaterally with no crackles heard. On heart exam, grade two out of six systolic ejection murmur was heard. No tenderness on palpation of the abdomen or tenderness of the CVA. Angela's blood pressure was one fifty over ninety, and she is currently taking two point five of Norvasc. Angela had A1C, which was six . seven, showing a little bit high. Labs for urinalysis and urine culture were ordered. Angela was referred to a nutritionist, and a consult to urology was given. ",
    "Angela has improved from her kidney stone pain, and it seems to be passed. However, she is referred to urology for further examination. Angela is doing well on the two . five of Norvasc for hypertension and should continue. Angela will also continue with the five hundred milligrams of Metformin daily for her diabetes. Angela will be asked to take blood sugar measurements before every meal to gauge how much food she should eat. Angela is to take ten milligrams of melatonin as needed and will practice proper sleep hygiene to manage her insomnia. Angela will return in three months for a follow-up. "
  ],
  "gt_note": [
    "CHIEF COMPLAINT\n\nKidney stone.\n\nMEDICAL HISTORY\n\nPatient reports history of hypertension, diabetes, and kidney stones.\n\nMEDICATIONS\n\nPatient reports taking Norvasc 2.5 mg and metformin 500 mg.\n\nREVIEW OF SYSTEMS\n\nConstitutional: Reports insomnia.\nCardiovascular: Denies chest pain.\nGastrointestinal: Denies abdominal pain.\nGenitourinary: Denies hematuria.\n\nVITALS\n\nBlood pressure: 150/90 mm Hg\n\nPHYSICAL EXAM\n\nRespiratory\n- Auscultation of Lungs: Clear bilaterally. No wheezes, rales, or rhonchi.\n\nCardiovascular\n- Auscultation of Heart: Grade 2/6 systolic ejection murmur, unchanged.\n\nGastrointestinal\n- Examination of Abdomen: No masses or tenderness. No tenderness of the CVA.\n\nRESULTS\n\nA1c: 6.7\n\nASSESSMENT AND PLAN\n\n1. Kidney stones.\n- Medical Reasoning: Patient recently experience an episode of kidney stones which is her 7th or 8th episode. Based on the patient's symptoms and exam today, I think she has likely passed her kidney stones.\n- Patient Education and Counseling: I advised the patient that we will obtain further testing, however, based on her recurrent episodes a referral to urology is necessary.\n- Medical Treatment: Urine culture and urinalysis were ordered. She will be referred to Dr. Harris in urology.\n\n2. Hypertension.\n- Medical Reasoning: Patient is currently stable and doing well on Norvasc 2.5 mg.\n- Medical Treatment: Continue Norvasc 2.5 mg. Referral to nutrition provided.\n\n3. Diabetes.\n- Medical Reasoning: Patient is currently stable and compliant with her metformin.\n- Patient Education and Counseling: She was advised to start checking her blood sugar prior to every meal.\n- Medical Treatment: Continue metformin 500 mg daily. Start daily blood sugar monitoring before each meal.\n\n4. Insomnia.\n- Medical Reasoning: The patient has a history of insomnia.\n- Patient Education and Counseling: We discussed proper sleep hygiene.\n- Medical Treatment: I have recommended she take 10 mg of melatonin as needed.\n\nPatient Agreements: The patient understands and agrees with the recommended medical treatment plan.\n\nINSTRUCTIONS\n\nPatient will return for follow-up in 3 months.",
    "Kidney stone. Patient reports history of hypertension, diabetes, and kidney stones. Patient reports taking Norvasc 2.5 mg and metformin 500 mg. Constitutional: Reports insomnia.\nCardiovascular: Denies chest pain.\nGastrointestinal: Denies abdominal pain.\nGenitourinary: Denies hematuria. ",
    "Blood pressure: 150/90 mm Hg Respiratory\n- Auscultation of Lungs: Clear bilaterally. No wheezes, rales, or rhonchi.\n\nCardiovascular\n- Auscultation of Heart: Grade 2/6 systolic ejection murmur, unchanged.\n\nGastrointestinal\n- Examination of Abdomen: No masses or tenderness. No tenderness of the CVA. A1c: 6.7 ",
