{
  "rouge1": [
    0.36061026352288483,
    0.24817518248175183,
    0.5555555555555556,
    0.24324324324324323
  ],
  "rouge2": [
    0.1446453407510431,
    0.08823529411764705,
    0.25806451612903225,
    0.08843537414965986
  ],
  "rougeL": [
    0.1941747572815534,
    0.16058394160583941,
    0.253968253968254,
    0.16216216216216217
  ],
  "rougeLsum": [
    0.3273231622746186,
    0.1897810218978102,
    0.380952380952381,
    0.18243243243243243
  ],
  "bertscore_precision": [
    0.7098584771156311,
    0.7366418838500977,
    0.7234943509101868,
    0.7323086261749268
  ],
  "bertscore_recall": [
    0.6303921937942505,
    0.5449113845825195,
    0.6708031296730042,
    0.5689931511878967
  ],
  "bertscore_f1": [
    0.6677694320678711,
    0.6264344453811646,
    0.6961531043052673,
    0.6404027342796326
  ],
  "bleurt": [
    0.41459065675735474,
    0.48205655813217163,
    0.5215283036231995,
    0.5582199692726135
  ],
  "pred_note": [
    "\nHISTORY OF PRESENT ILLNESS\n William is a new patient with right knee pain for one week. He reports hearing a snap and experiencing immediate pain while on a trampoline. He has been taking Tylenol for the pain with no relief. He elevates the leg to manage the pain.  \nPHYSICAL EXAM\n Upon physical exam, there is ecchymosis and edema along the lateral aspect of the knee with slight gait due to pain. The knee has limited range of motion but no effusion. Heart and lungs are normal. Blood pressure is elevated at 180/80 mmHg.  \nRESULTS\n X-ray reveals no fracture or bony abnormalities. Blood pressure and glucose monitoring indicate suboptimal control.  \nASSESSMENT AND PLAN\n William is diagnosed with lateral ligament strain of the right knee. He is prescribed meloxicam, 15mg for pain and swelling, and referred to physical therapy. Blood pressure is managed with Lisinopril 20mg and further medication modifications will be recommended following the results of an echo. An a1c and lipid panel are ordered to assess diabetes management.",
    "William is a new patient with right knee pain for one week. He reports hearing a snap and experiencing immediate pain while on a trampoline. He has been taking Tylenol for the pain with no relief. He elevates the leg to manage the pain. ",
    "Upon physical exam, there is ecchymosis and edema along the lateral aspect of the knee with slight gait due to pain. The knee has limited range of motion but no effusion. Heart and lungs are normal. Blood pressure is elevated at 180/80 mmHg. X-ray reveals no fracture or bony abnormalities. Blood pressure and glucose monitoring indicate suboptimal control. ",
    "William is diagnosed with lateral ligament strain of the right knee. He is prescribed meloxicam, 15mg for pain and swelling, and referred to physical therapy. Blood pressure is managed with Lisinopril 20mg and further medication modifications will be recommended following the results of an echo. An a1c and lipid panel are ordered to assess diabetes management. "
  ],
  "gt_note": [
    "CHIEF COMPLAINT\n\nRight knee injury.\n\nHISTORY OF PRESENT ILLNESS\n\nWilliam Russell is a pleasant 57-year-old male who presents to the clinic today for the evaluation of a right knee injury. He has a past medical history significant for hypertension and type 2 diabetes.\n\nApproximately 1 week ago, the patient sustained an injury to his right knee while at a trampoline park. He explains that he was jumping on a trampoline when he heard a snap, followed by instant pain in the lateral aspect of his knee. This is not a common activity for him, and he admits that he is inconsistent with exercise. As far as treatment, he has been elevating his knee and taking Tylenol without significant relief of his pain. He has not tried applying heat or ice to the area.\n\nIn terms of his hypertension, the patient admits that he did not purchase a blood pressure cuff as previously recommended. While he does not monitor his blood pressures at home, he has been compliant with lisinopril 20 mg.\n\nHis diabetes appears to be stable based on home monitoring, although he is only checking his blood glucose levels 4 to 5 times per week. He does not follow any specific diet plan, but he does try to make healthier choices such as limiting his carbohydrate intake. He has also been taking his metformin 500 mg as prescribed.\n\nREVIEW OF SYSTEMS\n\nMusculoskeletal: Reports right knee pain.\n\nVITALS\n\nBlood pressure: 180/80 mmHg\n\nPHYSICAL EXAM\n\nCV: Regular rate and rhythm. No murmurs.\nRESPIRATORY:\nLungs are clear bilaterally.\nMSK: Examination of the right knee: Mild tenderness to palpation at the lateral aspect. Ecchymosis and edema along the lateral aspect. No effusion. Decent range of motion. Pain with movement.\n\nRESULTS\n\nX-rays of the right knee were obtained and reviewed. These reveal no evidence of fracture or bony abnormality.\n\nASSESSMENT\n\n1. Right knee pain, lateral ligament strain.\n2. Hypertension.\n3. Diabetes type 2.\n\nPLAN\n\nAfter reviewing the patient's examination and radiographic findings today, his symptoms appear to be consistent with a lateral ligament strain of the right knee. I am going to prescribe meloxicam 15 mg once daily for pain and swelling. I also put in a referral for physical therapy so he can work on strengthening the muscles around the area and prevent any further injury. We can consider further imaging if he continues to have pain, but I explained that this is a common injury that typically heals on it's own.\n\nFor his hypertension, I'm concerned that his blood pressure is not well controlled at this time, so we may need to modify his medication. I'm going to order an echocardiogram for further evaluation, but I want him to continue taking his lisinopril 20 mg for now.\n\nFor his diabetes, he stated that he has been measuring his blood glucose levels 4 to 5 times per week, but I want him to start measuring them 2 to 3 times per day. His hemoglobin A1c levels should provide more detail as far as his long-term progress so we will order that today. I'm also going to order a lipid panel and we can determine if any adjustments need to be made to his medication. In the meantime, he should continue taking metformin 500 mg.\n",
    "Right knee injury. William Russell is a pleasant 57-year-old male who presents to the clinic today for the evaluation of a right knee injury. He has a past medical history significant for hypertension and type 2 diabetes.\n\nApproximately 1 week ago, the patient sustained an injury to his right knee while at a trampoline park. He explains that he was jumping on a trampoline when he heard a snap, followed by instant pain in the lateral aspect of his knee. This is not a common activity for him, and he admits that he is inconsistent with exercise. As far as treatment, he has been elevating his knee and taking Tylenol without significant relief of his pain. He has not tried applying heat or ice to the area.\n\nIn terms of his hypertension, the patient admits that he did not purchase a blood pressure cuff as previously recommended. While he does not monitor his blood pressures at home, he has been compliant with lisinopril 20 mg.\n\nHis diabetes appears to be stable based on home monitoring, although he is only checking his blood glucose levels 4 to 5 times per week. He does not follow any specific diet plan, but he does try to make healthier choices such as limiting his carbohydrate intake. He has also been taking his metformin 500 mg as prescribed. Musculoskeletal: Reports right knee pain. ",
    "Blood pressure: 180/80 mmHg CV: Regular rate and rhythm. No murmurs.\nRESPIRATORY:\nLungs are clear bilaterally.\nMSK: Examination of the right knee: Mild tenderness to palpation at the lateral aspect. Ecchymosis and edema along the lateral aspect. No effusion. Decent range of motion. Pain with movement. X-rays of the right knee were obtained and reviewed. These reveal no evidence of fracture or bony abnormality. ",
