{
  "rouge1": [
    0.42026825633383014,
    0.1016949152542373,
    0.36448598130841126,
    0.34838709677419355
  ],
  "rouge2": [
    0.1584454409566517,
    0.0,
    0.16037735849056603,
    0.10389610389610389
  ],
  "rougeL": [
    0.22056631892697462,
    0.06779661016949151,
    0.2897196261682243,
    0.2064516129032258
  ],
  "rougeLsum": [
    0.36661698956780925,
    0.06779661016949151,
    0.32710280373831774,
    0.232258064516129
  ],
  "bertscore_precision": [
    0.6487685441970825,
    0.5588818192481995,
    0.7072067260742188,
    0.7106370329856873
  ],
  "bertscore_recall": [
    0.6023772954940796,
    0.5113087892532349,
    0.6027233004570007,
    0.5488525032997131
  ],
  "bertscore_f1": [
    0.6247128248214722,
    0.5340378880500793,
    0.6507980823516846,
    0.6193539500236511
  ],
  "bleurt": [
    0.36660921573638916,
    0.288951575756073,
    0.43528294563293457,
    0.49248987436294556
  ],
  "pred_note": [
    "\nHISTORY OF PRESENT ILLNESS\n Kyle came in after being referred from his pcp who diagnosed him with bronchitis after his cough persisted for three months. During the chest x-ray for pneumonia, a lung nodule was found which was confirmed through a CT scan.  \nPHYSICAL EXAM\n During the physical exam, vital signs appeared normal with no fever. When lungs were auscultated, they were clear and equal bilateral. The heart was regular with no extra beats. The extremity exam noted swelling to the knuckles consistent with rheumatoid arthritis, but the pulses were intact with brisk capillary refill.  \nRESULTS\n A chest CT before the appointment showed a two centimeter nodule in the lateral aspect of the right upper lobe. A PET CT was scheduled to determine if the nodule is metabolically active.  \nASSESSMENT AND PLAN\n The patient has an incidentally found lung nodule and a video-assisted thoracoscopy is planned for removal of it. A portion of the lung is expected to be removed as well. The patient is also being referred for a pulmonary function test. The patient has a history of rheumatoid arthritis, which is stable, and is recommended to continue medication therapy with their rheumatologist.",
    "Kyle came in after being referred from his pcp who diagnosed him with bronchitis after his cough persisted for three months. During the chest x-ray for pneumonia, a lung nodule was found which was confirmed through a CT scan. ",
    "During the physical exam, vital signs appeared normal with no fever. When lungs were auscultated, they were clear and equal bilateral. The heart was regular with no extra beats. The extremity exam noted swelling to the knuckles consistent with rheumatoid arthritis, but the pulses were intact with brisk capillary refill. A chest CT before the appointment showed a two centimeter nodule in the lateral aspect of the right upper lobe. A PET CT was scheduled to determine if the nodule is metabolically active. ",
    "The patient has an incidentally found lung nodule and a video-assisted thoracoscopy is planned for removal of it. A portion of the lung is expected to be removed as well. The patient is also being referred for a pulmonary function test. The patient has a history of rheumatoid arthritis, which is stable, and is recommended to continue medication therapy with their rheumatologist. "
  ],
  "gt_note": [
    "CHIEF COMPLAINT\n\nCough.\n\nMEDICAL HISTORY\n\nPatient reports a history of rheumatoid arthritis. He denies any previous history of lung infections or pneumonia.\n\nSOCIAL HISTORY\n\nPatient reports he stopped smoking tobacco 7 years ago and has felt better since doing so. He notes that he enjoys biking.\n\nFAMILY HISTORY\n\nPatient reports his mother has a history of breast cancer, but is doing well. He denies any family history of lung cancer.\n\nMEDICATIONS\n\nPatient reports taking methotrexate 7.5 mg every week.\n\nREVIEW OF SYSTEMS\n\nRespiratory: Denies cough or shortness of breath.\n\nVITALS\n\nBlood Pressure: 124/76 mmHg.\nHeart Rate: 70 beats per minute.\nRespiratory Rate: 16 breaths per minute.\nOxygen Saturation: 98% on room air.\nBody Temperature: Afebrile.\n\nPHYSICAL EXAM\n\nRespiratory\n- Auscultation of Lungs: Clear and equal bilaterally.\n\nCardiovascular\n- Auscultation of Heart: Regular rate and rhythm. No clicks, rubs, or murmurs. Pulses are intact in all extremities.\n\nMusculoskeletal\n- Examination: No lower extremity edema. Mild swelling to the 3rd digit knuckles on the bilateral hands, consistent with RA.\n\nIntegumentary\n- Examination: Skin is pink, warm, and dry. Capillary refill is brisk.\n\nRESULTS\n\nCT scan of chest, obtained at an outside facility, is reviewed today and demonstrates a solitary 2 cm nodule in the lateral aspect of the right upper lobe. It appears the nodule is smooth in appearance. No evidence of any type of emphysematous disease is present.\n\nASSESSMENT AND PLAN\n\n1. Right upper lobe lung nodule.\n- Medical Reasoning: The patient has incidentally found right upper lobe lung nodule visible on his chest CT. It could be a benign nodule, but because of his smoking history, I think it is best that he has it surgically removed.\n- Patient Education and Counseling: I had a thorough discussion with the patient concerning surgical treatment. Surgery will require general anesthesia and will take approximately 1.5 hours. I explained to the patient that his procedure will consist of 3 small incisions being made on the side of his right chest. I will then insert a camera and scope to assist in removing the nodule along with a very small portion of his lung. He was advised that he will be admitted for most likely an overnight stay. He will have a chest tube in until the following day when I remove it at his bedside. All questions were answered.\n- Medical Treatment: Pulmonary function test ordered today to obtain patient's baseline. PET CT will also be scheduled to determine if the nodule is metabolically active, which can suggest if it is cancerous or inflammatory. Nodule will be removed via video assisted thoracoscopy.\n\n2. Rheumatoid arthritis.\n- Medical Reasoning: Stable.\n- Patient Education and Counseling: I encouraged the patient to continue to follow up with his rheumatologist.\n- Medical Treatment: Continue medication therapy and routine follow up with rheumatologist as previously outlined.\n\nPatient Agreements: The patient understands and agrees with the recommended medical treatment plan.\n",
    "Cough. Patient reports a history of rheumatoid arthritis. He denies any previous history of lung infections or pneumonia. Patient reports he stopped smoking tobacco 7 years ago and has felt better since doing so. He notes that he enjoys biking. Patient reports his mother has a history of breast cancer, but is doing well. He denies any family history of lung cancer. Patient reports taking methotrexate 7.5 mg every week. Respiratory: Denies cough or shortness of breath. ",
    "Blood Pressure: 124/76 mmHg.\nHeart Rate: 70 beats per minute.\nRespiratory Rate: 16 breaths per minute.\nOxygen Saturation: 98% on room air.\nBody Temperature: Afebrile. Respiratory\n- Auscultation of Lungs: Clear and equal bilaterally.\n\nCardiovascular\n- Auscultation of Heart: Regular rate and rhythm. No clicks, rubs, or murmurs. Pulses are intact in all extremities.\n\nMusculoskeletal\n- Examination: No lower extremity edema. Mild swelling to the 3rd digit knuckles on the bilateral hands, consistent with RA.\n\nIntegumentary\n- Examination: Skin is pink, warm, and dry. Capillary refill is brisk. CT scan of chest, obtained at an outside facility, is reviewed today and demonstrates a solitary 2 cm nodule in the lateral aspect of the right upper lobe. It appears the nodule is smooth in appearance. No evidence of any type of emphysematous disease is present. ",
