{
  "rouge1": [
    0.5021037868162693,
    0.423728813559322,
    0.2923076923076923,
    0.29411764705882354
  ],
  "rouge2": [
    0.1631504922644163,
    0.1818181818181818,
    0.078125,
    0.039603960396039604
  ],
  "rougeL": [
    0.24964936886395514,
    0.24293785310734461,
    0.21538461538461537,
    0.15686274509803924
  ],
  "rougeLsum": [
    0.426367461430575,
    0.2711864406779661,
    0.2307692307692308,
    0.15686274509803924
  ],
  "bertscore_precision": [
    0.6547987461090088,
    0.6966050863265991,
    0.5945017337799072,
    0.6332076787948608
  ],
  "bertscore_recall": [
    0.6341802477836609,
    0.5772223472595215,
    0.6644512414932251,
    0.5965172052383423
  ],
  "bertscore_f1": [
    0.644324541091919,
    0.6313194632530212,
    0.6275332570075989,
    0.6143150925636292
  ],
  "bleurt": [
    0.40906625986099243,
    0.5092087388038635,
    0.5433374047279358,
    0.4772084355354309
  ],
  "pred_note": [
    " \nHISTORY OF PRESENT ILLNESS\n  Brandon has been experiencing neck pain due to a car crash. He has been in multiple car crashes in the past and has had surgery for the third one. His recent accident occurred in February 2021, and he has been experiencing neck pain ever since. The pain is sharp and debilitating, with a score of 12 on a scale of 1 to 10. Brandon has been prescribed medication from a pain clinic, including fentanyl, which he has not taken in weeks. He is experiencing stiffness, headaches, dizziness, and numbness in his left arm and right leg. He is unable to move his neck from side to side or forward without severe pain.   \nPHYSICAL EXAM\n  The doctor performed a physical examination by palpating Brandon's neck and asking him to move it. Pain was present on palpation of the bony process and the muscle. Brandon had moderate range of movement to swivel his neck from side to side. However, bending his neck forward and backward caused severe pain. The doctor did not observe any swelling, lacerations or bruising.   \nRESULTS\n  An x-ray did not show any fracture, but the doctor is ordering an MRI for further evaluation. The diagnosis for Brandon is a neck sprain that may also be caused by multiple factors.   \nASSESSMENT AND PLAN\n  The doctor wants to treat Brandon's neck pain conservatively with exercise, robaxin medication, and icing his bruising areas. If the medication doesn't work, the doctor may refer him to pain medicine and physical therapy. The doctor also suggests that local injections may be an option to relieve his neck pain. Brandon will be given off for work and wait for the MRI result before taking additional action.",
    "Brandon has been experiencing neck pain due to a car crash. He has been in multiple car crashes in the past and has had surgery for the third one. His recent accident occurred in February 2021, and he has been experiencing neck pain ever since. The pain is sharp and debilitating, with a score of 12 on a scale of 1 to 10. Brandon has been prescribed medication from a pain clinic, including fentanyl, which he has not taken in weeks. He is experiencing stiffness, headaches, dizziness, and numbness in his left arm and right leg. He is unable to move his neck from side to side or forward without severe pain. ",
    "The doctor performed a physical examination by palpating Brandon's neck and asking him to move it. Pain was present on palpation of the bony process and the muscle. Brandon had moderate range of movement to swivel his neck from side to side. However, bending his neck forward and backward caused severe pain. The doctor did not observe any swelling, lacerations or bruising. An x-ray did not show any fracture, but the doctor is ordering an MRI for further evaluation. The diagnosis for Brandon is a neck sprain that may also be caused by multiple factors. ",
    "The doctor wants to treat Brandon's neck pain conservatively with exercise, robaxin medication, and icing his bruising areas. If the medication doesn't work, the doctor may refer him to pain medicine and physical therapy. The doctor also suggests that local injections may be an option to relieve his neck pain. Brandon will be given off for work and wait for the MRI result before taking additional action. "
  ],