{
  "rouge1": [
    0.486090775988287,
    0.3505154639175258,
    0.6358381502890174,
    0.34951456310679613
  ],
  "rouge2": [
    0.22320117474302495,
    0.13471502590673576,
    0.35087719298245607,
    0.1386138613861386
  ],
  "rougeL": [
    0.3103953147877013,
    0.18556701030927833,
    0.5549132947976878,
    0.2718446601941748
  ],
  "rougeLsum": [
    0.3777452415812591,
    0.18556701030927833,
    0.5549132947976878,
    0.2718446601941748
  ],
  "bertscore_precision": [
    0.7320472002029419,
    0.7311376333236694,
    0.8336667418479919,
    0.7601944208145142
  ],
  "bertscore_recall": [
    0.674414336681366,
    0.6152511239051819,
    0.7733123302459717,
    0.6996855735778809
  ],
  "bertscore_f1": [
    0.702049970626831,
    0.668207049369812,
    0.8023561239242554,
    0.7286860346794128
  ],
  "bleurt": [
    0.33651477098464966,
    0.4704062342643738,
    0.6492019295692444,
    0.5561102628707886
  ],
  "pred_note": [
    "\nHISTORY OF PRESENT ILLNESS\n  Matthew has been experiencing back pain for a long time. He is unable to tie his shoes and it worsens when standing. When he goes to the mall, the pain increases and he has been bedridden. His left leg is radiating pain and it feels like an electrical toothache. The pain in his back and leg can be rated at 13 out of 10. Sitting and laying down alleviate the pain, while standing, walking, coughing and sneezing worsen it. Matthew also reports numbness and tingling in his lower extremities and weakness in both of his legs.  \nPHYSICAL EXAM\n  There are no bony abnormalities, redness or bruising present on the back. Positive pain to palpation is found at the L4 vertebrae, while flexion and extension of the back result in pain. His leg strength is four out of five on the left and five out of five on the right. The reflexes are brisk and motor and sensory are intact in both lower extremities.  \nRESULTS\n  The MRI shows a disk herniation at the level of L4-L5 vertebrae, which causes nerve root impingement.   \nASSESSMENT AND PLAN\n  Acute disk herniation at L4-L5 with nerve root impingement causing back pain and pain down his left leg. Epidural steroid injection is recommended. Anti-inflammatory medication will be administered and followed by PT. Matthew should see the doctor again in a month.",
    "Matthew has been experiencing back pain for a long time. He is unable to tie his shoes and it worsens when standing. When he goes to the mall, the pain increases and he has been bedridden. His left leg is radiating pain and it feels like an electrical toothache. The pain in his back and leg can be rated at 13 out of 10. Sitting and laying down alleviate the pain, while standing, walking, coughing and sneezing worsen it. Matthew also reports numbness and tingling in his lower extremities and weakness in both of his legs. ",
    "There are no bony abnormalities, redness or bruising present on the back. Positive pain to palpation is found at the L4 vertebrae, while flexion and extension of the back result in pain. His leg strength is four out of five on the left and five out of five on the right. The reflexes are brisk and motor and sensory are intact in both lower extremities. The MRI shows a disk herniation at the level of L4-L5 vertebrae, which causes nerve root impingement. ",
    "Acute disk herniation at L4-L5 with nerve root impingement causing back pain and pain down his left leg. Epidural steroid injection is recommended. Anti-inflammatory medication will be administered and followed by PT. Matthew should see the doctor again in a month. "
  ],
  "gt_note": [
    "HISTORY OF PRESENT ILLNESS\n\nMatthew Hill is a pleasant 44-year-old male who presents to the clinic today for the evaluation of back pain. The patient was referred from his primary care physician. The onset of his pain began 30 years ago, when he fell off of a roof. He endorses that it was very bothersome and he was unable to play football. He states that he was told that he may have a fracture at that time. The patient reports that his pain has worsened 1 month ago. He locates his pain to his lower back, which radiates into his left hip, down his left leg, on the side of his calf, and into his left big toe. The patient describes his pain as an \"electrical tooth ache\" that radiates down his entire left leg. He notes that he has to use a cane to walk as his left foot drags when he walks. He rates his pain level as a 6 to 8 out of 10, however it can get to a 13 out of 10 at its worst. He states that he did not take any medication before his appointment so it did not affect his pain during our visit. The patient notes that he was in the waiting room for 30 minutes today and states that it made his symptoms worse. His pain is aggravated by standing, ambulating, coughing, and sneezing. The patient states that he is unable to tie his shoes secondary to the pain. The patient states that his pain is alleviated by lying down. He also reports weakness in his bilateral legs and his back. The patient denies any numbness or tingling. The patient has attempted NSAIDs in the past without relief. He has also attended physical therapy.\n\nPHYSICAL EXAM\n\nCONSTITUTIONAL: Vitals look good.\nMSK: Examination of the lumbar spine: No bony abnormalities. No redness. No bruising present. Pain with palpation at the L4 vertebrae. Positive for pain with flexion and extension of the back. 4/5 strength on the left, 5/5 strength on the right. Reflexes are brisk. Motor and sensory are intact throughout the bilateral lower extremities.\n\nRESULTS\n\nThe MRI of the lumbar spine was reviewed today. It revealed a disc herniation at the level of the L4-5 vertebrae. It is associated with some nerve root impingement.\n\nASSESSMENT\n\nAcute disc herniation at L4-5 with nerve root impingement.\n\nPLAN\n\nI have recommended that we treat the patient conservatively with a epidural steroid injection and formal physical therapy. With the patient's consent, we will proceed with a epidural steroid injection into the lumbar spine today. He will follow up with me in 4 weeks to check on his progress.",
    "Matthew Hill is a pleasant 44-year-old male who presents to the clinic today for the evaluation of back pain. The patient was referred from his primary care physician. The onset of his pain began 30 years ago, when he fell off of a roof. He endorses that it was very bothersome and he was unable to play football. He states that he was told that he may have a fracture at that time. The patient reports that his pain has worsened 1 month ago. He locates his pain to his lower back, which radiates into his left hip, down his left leg, on the side of his calf, and into his left big toe. The patient describes his pain as an \"electrical tooth ache\" that radiates down his entire left leg. He notes that he has to use a cane to walk as his left foot drags when he walks. He rates his pain level as a 6 to 8 out of 10, however it can get to a 13 out of 10 at its worst. He states that he did not take any medication before his appointment so it did not affect his pain during our visit. The patient notes that he was in the waiting room for 30 minutes today and states that it made his symptoms worse. His pain is aggravated by standing, ambulating, coughing, and sneezing. The patient states that he is unable to tie his shoes secondary to the pain. The patient states that his pain is alleviated by lying down. He also reports weakness in his bilateral legs and his back. The patient denies any numbness or tingling. The patient has attempted NSAIDs in the past without relief. He has also attended physical therapy. ",
