{
  "rouge1": [
    0.5580645161290322,
    0.3983739837398374,
    0.7121212121212123,
    0.462962962962963
  ],
  "rouge2": [
    0.2524271844660194,
    0.17213114754098363,
    0.5230769230769231,
    0.11214953271028037
  ],
  "rougeL": [
    0.33870967741935487,
    0.24390243902439024,
    0.6060606060606061,
    0.24074074074074076
  ],
  "rougeLsum": [
    0.48387096774193544,
    0.2926829268292683,
    0.6515151515151516,
    0.2592592592592592
  ],
  "bertscore_precision": [
    0.6726641058921814,
    0.6435783505439758,
    0.8638414144515991,
    0.6916741728782654
  ],
  "bertscore_recall": [
    0.6367183923721313,
    0.6310804486274719,
    0.7450931668281555,
    0.6760541200637817
  ],
  "bertscore_f1": [
    0.6541978716850281,
    0.6372681260108948,
    0.8000850677490234,
    0.6837749481201172
  ],
  "bleurt": [
    0.40338248014450073,
    0.42116308212280273,
    0.6178174018859863,
    0.5241544842720032
  ],
  "pred_note": [
    "\nHISTORY OF PRESENT ILLNESS\n The patient is a 45-year-old male who injured his ankle while playing basketball with his son. The patient reports landing awkwardly after being hit by his son while going for a lap. The patient reports having difficulty walking and a feeling of instability in the ankle. Upon examination, the doctor found tenderness laterally and over the medial deltoid region, swelling on the lateral side of the ankle, brisk capillary refill, and no horrible malalignment. An x-ray showed a displaced lateral malleolus at the Weber C level with no evidence of medial or posterior malleolar fractures but noted that the fracture was unstable.  \nPHYSICAL EXAM\n The doctor performed a physical exam of the ankle with exquisite tenderness laterally and over the medial deltoid region, swelling on the lateral side of the ankle, brisk capillary refill, and no horrible malalignment.  \nRESULTS\n The x-ray showed a displaced lateral malleolus at the Weber C level with no evidence of medial or posterior malleolar fractures.  \nASSESSMENT AND PLAN\n The patient was diagnosed with a lateral malleolar fracture and will require surgery. The doctor recommended putting some plate and some screws in the ankle to stabilize it. The patient will need to be out of commission for about three months, but he can still coach, and they will provide him with crutches to assist in mobility. The doctor prescribed meloxicam to reduce swelling and instructed the patient to keep the ankle elevated and iced. The patient works from home, so he can elevate his ankle regularly. The patient was informed that he should not perform any strenuous physical activity until cleared by the doctor.",
    "The patient is a 45-year-old male who injured his ankle while playing basketball with his son. The patient reports landing awkwardly after being hit by his son while going for a lap. The patient reports having difficulty walking and a feeling of instability in the ankle. Upon examination, the doctor found tenderness laterally and over the medial deltoid region, swelling on the lateral side of the ankle, brisk capillary refill, and no horrible malalignment. An x-ray showed a displaced lateral malleolus at the Weber C level with no evidence of medial or posterior malleolar fractures but noted that the fracture was unstable. ",
    "The doctor performed a physical exam of the ankle with exquisite tenderness laterally and over the medial deltoid region, swelling on the lateral side of the ankle, brisk capillary refill, and no horrible malalignment. The x-ray showed a displaced lateral malleolus at the Weber C level with no evidence of medial or posterior malleolar fractures. ",
    "The patient was diagnosed with a lateral malleolar fracture and will require surgery. The doctor recommended putting some plate and some screws in the ankle to stabilize it. The patient will need to be out of commission for about three months, but he can still coach, and they will provide him with crutches to assist in mobility. The doctor prescribed meloxicam to reduce swelling and instructed the patient to keep the ankle elevated and iced. The patient works from home, so he can elevate his ankle regularly. The patient was informed that he should not perform any strenuous physical activity until cleared by the doctor. "
  ],