{
  "rouge1": [
    0.5333333333333334,
    0.38655462184873945,
    0.5512820512820513,
    0.4530120481927711
  ],
  "rouge2": [
    0.2506963788300836,
    0.15384615384615385,
    0.40259740259740256,
    0.18886198547215496
  ],
  "rougeL": [
    0.31666666666666665,
    0.23529411764705885,
    0.39743589743589747,
    0.2987951807228916
  ],
  "rougeLsum": [
    0.49722222222222223,
    0.28571428571428575,
    0.423076923076923,
    0.39036144578313253
  ],
  "bertscore_precision": [
    0.6837910413742065,
    0.6396605968475342,
    0.6862492561340332,
    0.7360943555831909
  ],
  "bertscore_recall": [
    0.6566295623779297,
    0.5637229681015015,
    0.6622677445411682,
    0.6016802191734314
  ],
  "bertscore_f1": [
    0.6699351072311401,
    0.5992958545684814,
    0.6740452647209167,
    0.6621346473693848
  ],
  "bleurt": [
    0.40747296810150146,
    0.392910361289978,
    0.5112220644950867,
    0.5364930033683777
  ],
  "pred_note": [
    " \nHISTORY OF PRESENT ILLNESS\n  Mr. Jackson is a 45-year-old male with a history of diabetes type two and mild intermittent asthma. He is here today with right elbow pain. According to the patient, he has been playing a lot of tennis recently, which has been killing him for the last three weeks.   \nPHYSICAL EXAM\n  Mr. Jackson's exam was for the most part normal with a few exceptions. On the musculoskeletal exam, he has moderate lateral epicondylar tenderness of the right elbow with moderate pain with passive range of motion of the right elbow. With resisted extension of the right wrist, he also had mild pain.  \nRESULTS\n  The patient's right elbow x-ray shows no acute fracture or other bony abnormality. Hemoglobin A1c level and CBC blood tests were also ordered.  \nASSESSMENT AND PLAN\n  Mr. Jackson is diagnosed with acute lateral epicondylitis of his right elbow, also known as tennis elbow. The patient is advised to rest his right arm as much as he can, stop tennis for the next four to six weeks, and avoid repetitive stress in that right arm. The doctor recommends icing the right elbow for 20 minutes at least three times per day and also provides him with a brace. Ultram is prescribed to the patient for the elbow pain. The doctor also increases Mr. Jackson's metformin to 1000 milligrams twice per day to control diabetes type two. The patient's mild acute intermittent asthma remains under control, so the doctor prescribes a refill of albuterol. The patient is to be seen back in four weeks to re-evaluate his elbow.",
    "Mr. Jackson is a 45-year-old male with a history of diabetes type two and mild intermittent asthma. He is here today with right elbow pain. According to the patient, he has been playing a lot of tennis recently, which has been killing him for the last three weeks. ",
    "Mr. Jackson's exam was for the most part normal with a few exceptions. On the musculoskeletal exam, he has moderate lateral epicondylar tenderness of the right elbow with moderate pain with passive range of motion of the right elbow. With resisted extension of the right wrist, he also had mild pain. The patient's right elbow x-ray shows no acute fracture or other bony abnormality. Hemoglobin A1c level and CBC blood tests were also ordered. ",
    "Mr. Jackson is diagnosed with acute lateral epicondylitis of his right elbow, also known as tennis elbow. The patient is advised to rest his right arm as much as he can, stop tennis for the next four to six weeks, and avoid repetitive stress in that right arm. The doctor recommends icing the right elbow for 20 minutes at least three times per day and also provides him with a brace. Ultram is prescribed to the patient for the elbow pain. The doctor also increases Mr. Jackson's metformin to 1000 milligrams twice per day to control diabetes type two. The patient's mild acute intermittent asthma remains under control, so the doctor prescribes a refill of albuterol. The patient is to be seen back in four weeks to re-evaluate his elbow. "
  ],
  "gt_note": [
    "CHIEF COMPLAINT\n\nRight elbow pain.\n\nMEDICAL HISTORY\n\nPatient reports history of type 2 diabetes and mild intermittent asthma.\n\nSURGICAL HISTORY\n\nPatient reports history of cholecystectomy 10 years ago by Dr. Nelson.\n\nSOCIAL HISTORY\n\nPatient reports he has been playing tennis since high school.\n\nALLERGIES\n\nPatient reports that he has an allergy to PENICILLIN.\n\nMEDICATIONS\n\nPatient reports taking metformin 500 mg twice a day, Flovent twice a day and albuterol as needed.\n\nREVIEW OF SYSTEMS\n\nConstitutional: Denies fever.\nMusculoskeletal: Reports right elbow pain.\n\nPHYSICAL EXAM\n\nCardiovascular\n- Auscultation of Heart: Grade 3 out of 6 systolic ejection murmur, unchanged from prior exam.\n\nMusculoskeletal\n- Examination of the right upper extremity: Moderate lateral epicondylar tenderness. Moderate pain with passive range of motion. No palpable joint effusion. Mild pain with resisted extension of the right wrist.\n\nRESULTS\n\nX-ray of the right elbow taken today is reviewed and shows no acute fracture or other bony abnormality. There is no malalignment or joint effusion. Otherwise normal right elbow x-ray.\n\nASSESSMENT AND PLAN\n\n1. Acute lateral epicondylitis of right elbow.\n- Medical Reasoning: Patient presents today with symptoms consistent with lateral epicondylitis secondary to overuse.\n- Patient Education and Counseling: The nature of the diagnosis was discussed. He was advised that this is like due to increased tennis activity and was encouraged to rest as much as possible. - Medical Treatment: Patient will discontinue playing tennis for the next 4 to 6 weeks, as well as avoid repetitive stress with the right arm. He will apply ice to the elbow for at least 20 minutes 3 times per day to reduce pain and inflammation. Right forearm brace was provided today to help with discomfort. Prescription for Ultram 50 mg once per day was also provided for pain.\n\n2. Diabetes type 2.\n- Medical Reasoning: His blood sugar today is not controlled.\n- Patient Education and Counseling: We discussed that I would like him to take his blood sugars twice a day for the next 2 weeks and to let me know how they are running so we can make additional adjustments if needed.\n- Medical Treatment: He will increase his metformin to 1000 mg twice a day. He will begin home blood sugar monitoring twice a day for the next 2 weeks. Hemoglobin A1c, CBC, and a Chem-12 test were ordered today.\n\n3. Mild acute intermittent asthma.\n- Medical Reasoning: This remains well-controlled.\n- Medical Treatment: The patient will continue his Flovent twice a day. Refill of albuterol provided today to be used as needed.\n\nPatient Agreements: The patient understands and agrees with the recommended medical treatment plan.\n\nINSTRUCTIONS\n\nThe patient will follow-up in 4 weeks to assess his elbow and to determine if additional imaging or physical therapy is needed.",
    "Right elbow pain. Patient reports history of type 2 diabetes and mild intermittent asthma. Patient reports history of cholecystectomy 10 years ago by Dr. Nelson. Patient reports he has been playing tennis since high school. Patient reports that he has an allergy to PENICILLIN. Patient reports taking metformin 500 mg twice a day, Flovent twice a day and albuterol as needed. Constitutional: Denies fever.\nMusculoskeletal: Reports right elbow pain. ",
    "Cardiovascular\n- Auscultation of Heart: Grade 3 out of 6 systolic ejection murmur, unchanged from prior exam.\n\nMusculoskeletal\n- Examination of the right upper extremity: Moderate lateral epicondylar tenderness. Moderate pain with passive range of motion. No palpable joint effusion. Mild pain with resisted extension of the right wrist. X-ray of the right elbow taken today is reviewed and shows no acute fracture or other bony abnormality. There is no malalignment or joint effusion. Otherwise normal right elbow x-ray. ",
