{
  "rouge1": [
    0.49917898193760263,
    0.297029702970297,
    0.29268292682926833,
    0.4012539184952978
  ],
  "rouge2": [
    0.171334431630972,
    0.08080808080808081,
    0.12345679012345678,
    0.15141955835962145
  ],
  "rougeL": [
    0.22331691297208536,
    0.19801980198019803,
    0.14634146341463417,
    0.2068965517241379
  ],
  "rougeLsum": [
    0.4630541871921182,
    0.19801980198019803,
    0.25609756097560976,
    0.31974921630094044
  ],
  "bertscore_precision": [
    0.664395272731781,
    0.6061984896659851,
    0.6118980050086975,
    0.7131026387214661
  ],
  "bertscore_recall": [
    0.6284829378128052,
    0.6442479491233826,
    0.5534771680831909,
    0.5683023929595947
  ],
  "bertscore_f1": [
    0.645940363407135,
    0.6246442794799805,
    0.58122318983078,
    0.6325212717056274
  ],
  "bleurt": [
    0.3319774270057678,
    0.41662007570266724,
    0.4627082347869873,
    0.4990050196647644
  ],
  "pred_note": [
    "\nHISTORY OF PRESENT ILLNESS\n Ms. Stephanie Morales, a 36-year-old female with a history of diabetes and hypertension, presented today with a complaint of left ankle pain after slipping on snow and ice two days ago. She reports that she has been taking ibuprofen, using ice and elevation, and experiencing mild relief. She reports no pain above the ankle, bleeding, or difficulties in standing or walking.  \nPHYSICAL EXAM\n The patient's heart, lung, and abdominal exam showed normal findings. The patient has tenderness over the lateral malleolus and the fifth metatarsal, and some redness and swelling were observed on the left ankle exam. A systolic ejection murmur was heard. Sensation and pulse were found to be normal.  \nRESULTS\n An x-ray was ordered to rule out the possibility of a fracture in the left ankle. A hemoglobin A1C was ordered to check the patient's diabetes status. Baseline labs were ordered to monitor the patient's general health status.  \nASSESSMENT AND PLAN\n Ms. Morales appears to have an ankle sprain. She was given an air splint and crutches and was asked to avoid weightbearing. Naprosyn (500 milligrams twice daily) was prescribed for pain control. The results of the x-ray and the baseline labs will be reviewed to develop further management plans for the patient. The patient was advised to keep the eye appointment for diabetes checkup, continue with metformin, and refill the norvasc prescription. The patient was given instructions to call the clinic if there are any issues with her health.",
    "Ms. Stephanie Morales, a 36-year-old female with a history of diabetes and hypertension, presented today with a complaint of left ankle pain after slipping on snow and ice two days ago. She reports that she has been taking ibuprofen, using ice and elevation, and experiencing mild relief. She reports no pain above the ankle, bleeding, or difficulties in standing or walking. ",
    "The patient's heart, lung, and abdominal exam showed normal findings. The patient has tenderness over the lateral malleolus and the fifth metatarsal, and some redness and swelling were observed on the left ankle exam. A systolic ejection murmur was heard. Sensation and pulse were found to be normal. An x-ray was ordered to rule out the possibility of a fracture in the left ankle. A hemoglobin A1C was ordered to check the patient's diabetes status. Baseline labs were ordered to monitor the patient's general health status. ",
    "Ms. Morales appears to have an ankle sprain. She was given an air splint and crutches and was asked to avoid weightbearing. Naprosyn (500 milligrams twice daily) was prescribed for pain control. The results of the x-ray and the baseline labs will be reviewed to develop further management plans for the patient. The patient was advised to keep the eye appointment for diabetes checkup, continue with metformin, and refill the norvasc prescription. The patient was given instructions to call the clinic if there are any issues with her health. "
  ],
  "gt_note": [
    "CHIEF COMPLAINT\n\nLeft ankle pain.\n\nMEDICAL HISTORY\n\nPatient reports history significant for type 2 diabetes and hypertension.\n\nMEDICATIONS\n\nPatient reports taking metformin and Norvasc.\n\nREVIEW OF SYSTEMS\n\nMusculoskeletal: Reports left ankle pain and swelling.\\ Denies left calf pain, lower left leg pain, or left knee pain.\n\nVITALS\n\nBlood pressure: 120/70 mmHg\n\nPHYSICAL EXAM\n\nNeurological\n- Examination: Sensation intact in left lower extremity.\n\nNeck\n- General Examination: No bruits.\n\nRespiratory\n- Auscultation of Lungs: Clear bilaterally.\n\nCardiovascular\n- Examination: Pulses are normal in left lower extremity.\n- Auscultation of Heart: 2/6 systolic ejection murmur, unchanged from previous exam.\n\nMusculoskeletal\n- Examination of the left ankle: Tender to palpation over the lateral malleolus and fifth metatarsal. Trace edema. Mild erythema. Pain with valgus stress testing.\n\nRESULTS\n\nHemoglobin A1c: 6.8\n\nASSESSMENT AND PLAN\n\n1. Left ankle pain.\n- Medical Reasoning: Given the nature of her injury, I believe this is an ankle sprain.\n- Patient Education and Counseling: I advised the patient that I will contact her with the results of her x-ray, and that if these reveal a fracture, we will put in a referral to orthopedics for further evaluation.\n- Medical Treatment: X-ray ordered to rule out fracture. We will place her in an air splint and have her ambulate with crutches to avoid weightbearing until we get the x-ray results. She will start Naprosyn 500 mg twice daily for pain control. Continue with ice and elevation.\n\n2. Diabetes type 2.\n- Medical Reasoning: This appears to be well controlled with her current regimen.\n- Patient Education and Counseling: I encouraged her to keep her appointment with ophthalmology for her diabetic eye exam.\n- Medical Treatment: We will keep her on her current dose of metformin and order a repeat hemoglobin A1c. We will also obtain a set of baseline labs.\n\n3. Hypertension.\n- Medical Reasoning: She is doing well with Norvasc.\n- Patient Education and Counseling: I encouraged her to continue with home monitoring and knows to contact the office if needed.\n- Medical Treatment: We will keep her on her current dose of Norvasc. A refill was sent for this today.\n\nPatient Agreements: The patient understands and agrees with the recommended medical treatment plan.\n",
    "Left ankle pain. Patient reports history significant for type 2 diabetes and hypertension. Patient reports taking metformin and Norvasc. Musculoskeletal: Reports left ankle pain and swelling.\\ Denies left calf pain, lower left leg pain, or left knee pain. ",
    "Blood pressure: 120/70 mmHg Neurological\n- Examination: Sensation intact in left lower extremity.\n\nNeck\n- General Examination: No bruits.\n\nRespiratory\n- Auscultation of Lungs: Clear bilaterally.\n\nCardiovascular\n- Examination: Pulses are normal in left lower extremity.\n- Auscultation of Heart: 2/6 systolic ejection murmur, unchanged from previous exam.\n\nMusculoskeletal\n- Examination of the left ankle: Tender to palpation over the lateral malleolus and fifth metatarsal. Trace edema. Mild erythema. Pain with valgus stress testing. Hemoglobin A1c: 6.8 ",
