{
  "rouge1": [
    0.5490628445424476,
    0.2967741935483871,
    0.6910994764397905,
    0.5392670157068062
  ],
  "rouge2": [
    0.2806629834254144,
    0.07792207792207792,
    0.4867724867724868,
    0.29473684210526313
  ],
  "rougeL": [
    0.32635060639470775,
    0.15483870967741933,
    0.4502617801047121,
    0.3717277486910995
  ],
  "rougeLsum": [
    0.4696802646085998,
    0.18064516129032257,
    0.6178010471204188,
    0.4083769633507853
  ],
  "bertscore_precision": [
    0.6687790751457214,
    0.6474770307540894,
    0.8283304572105408,
    0.7768619060516357
  ],
  "bertscore_recall": [
    0.6305454969406128,
    0.5302155017852783,
    0.7231671214103699,
    0.6791875958442688
  ],
  "bertscore_f1": [
    0.6490997672080994,
    0.5830084681510925,
    0.7721847295761108,
    0.7247487306594849
  ],
  "bleurt": [
    0.3676522374153137,
    0.41671139001846313,
    0.5322472453117371,
    0.6143239140510559
  ],
  "pred_note": [
    " \nHISTORY OF PRESENT ILLNESS\n Wayne presents with a sore on his right foot, which has not healed for the past two to three weeks after developing a blister from wearing new shoes while traveling. The wound did not improve despite being on antibiotics for a course of time. Patient has no fever or chills, and it does not hurt as he is experiencing neuropathy. The wound sticks to the sock when taken off, and there is no surrounding erythema or cellulitis.    \nPHYSICAL EXAM\n The patient has a one by two inch circular wound on the dorsal aspect of the lateral right foot, proximal to the right fifth to the fifth mtp joint. There is some yellow slough present, minimal granulation tissue with no surrounding erythema or cellulitis, and no fluid collection or necrosis. On vascular exam, there are palpable bilateral femoral and popliteal pulses with no palpable dp or pt pulses, although doppler signs are present.    \nRESULTS\n The right foot x-ray shows no evidence of osteomyelitis, which indicates no bone infection.   \nASSESSMENT AND PLAN\n An ankle brachial index ABI will be ordered to determine the blood supply to the foot for wound healing. A debridement in the office to remove some of the dead tissue, followed by prescription of collagenase ointment to be applied once daily to the wound, covering it with a sterile dressing will be conducted. The patient will be advised to wear a surgical shoe to relieve pressure on the area. The wound will be monitored for improvement of healing with the appearance of pink tissue, and if not optimal, the patient will be referred to a vascular specialist. No further antibiotics are required at present. The patient's diabetes will also be controlled with dietary modifications, to bring down his hemoglobin a1c to a better level, and a diabetic consult will be arranged. A follow-up in two weeks will be scheduled.",
    "Wayne presents with a sore on his right foot, which has not healed for the past two to three weeks after developing a blister from wearing new shoes while traveling. The wound did not improve despite being on antibiotics for a course of time. Patient has no fever or chills, and it does not hurt as he is experiencing neuropathy. The wound sticks to the sock when taken off, and there is no surrounding erythema or cellulitis. ",
    "The patient has a one by two inch circular wound on the dorsal aspect of the lateral right foot, proximal to the right fifth to the fifth mtp joint. There is some yellow slough present, minimal granulation tissue with no surrounding erythema or cellulitis, and no fluid collection or necrosis. On vascular exam, there are palpable bilateral femoral and popliteal pulses with no palpable dp or pt pulses, although doppler signs are present. The right foot x-ray shows no evidence of osteomyelitis, which indicates no bone infection. ",
    "An ankle brachial index ABI will be ordered to determine the blood supply to the foot for wound healing. A debridement in the office to remove some of the dead tissue, followed by prescription of collagenase ointment to be applied once daily to the wound, covering it with a sterile dressing will be conducted. The patient will be advised to wear a surgical shoe to relieve pressure on the area. The wound will be monitored for improvement of healing with the appearance of pink tissue, and if not optimal, the patient will be referred to a vascular specialist. No further antibiotics are required at present. The patient's diabetes will also be controlled with dietary modifications, to bring down his hemoglobin a1c to a better level, and a diabetic consult will be arranged. A follow-up in two weeks will be scheduled. "
  ],