{
  "rouge1": [
    0.5238938053097345,
    0.3937823834196891,
    0.6290322580645161,
    0.4454545454545454
  ],
  "rouge2": [
    0.2522202486678508,
    0.1570680628272251,
    0.3770491803278689,
    0.21100917431192662
  ],
  "rougeL": [
    0.34336283185840705,
    0.23834196891191708,
    0.5161290322580645,
    0.3
  ],
  "rougeLsum": [
    0.4637168141592921,
    0.27979274611398963,
    0.5161290322580645,
    0.3
  ],
  "bertscore_precision": [
    0.7774462103843689,
    0.7610679864883423,
    0.83913254737854,
    0.827505886554718
  ],
  "bertscore_recall": [
    0.6754683256149292,
    0.6248947381973267,
    0.7787815928459167,
    0.644873857498169
  ],
  "bertscore_f1": [
    0.7228784561157227,
    0.6862916946411133,
    0.8078314065933228,
    0.7248632311820984
  ],
  "bleurt": [
    0.4518744945526123,
    0.4900103211402893,
    0.6487537026405334,
    0.5313148498535156
  ],
  "pred_note": [
    "\nHISTORY OF PRESENT ILLNESS\n The patient reports having a nonhealing foot ulcer that has been present for two months. Recently the ulcer has become red and is draining. The patient thinks that he may have gotten it from walking barefoot on the beach. The patient has been prescribed medication but has not picked them up from the pharmacy. The patient reports throbbing at times.  \nPHYSICAL EXAM\n On examination, there is a 1x2 inch circular wound on the dorsal aspect of the lateral right foot that is proximal to the fifth MTP joint. There is redness and drainage present. There is also edema around the wound. There is no necrosis or odor present. There is no bony exposure present.  \nRESULTS\n X-ray showed no evidence of osteomyelitis.  \nASSESSMENT AND PLAN\n The patient has a diabetic foot ulcer with an infection. An ABI ankle brachial index will be ordered to determine the blood supply in the foot. A debridement will be performed. Clindamycin will be prescribed for 7 days. A surgical shoe will be provided. The patient will return for a follow-up in two weeks.",
    "The patient reports having a nonhealing foot ulcer that has been present for two months. Recently the ulcer has become red and is draining. The patient thinks that he may have gotten it from walking barefoot on the beach. The patient has been prescribed medication but has not picked them up from the pharmacy. The patient reports throbbing at times. ",
    "On examination, there is a 1x2 inch circular wound on the dorsal aspect of the lateral right foot that is proximal to the fifth MTP joint. There is redness and drainage present. There is also edema around the wound. There is no necrosis or odor present. There is no bony exposure present. X-ray showed no evidence of osteomyelitis. ",
    "The patient has a diabetic foot ulcer with an infection. An ABI ankle brachial index will be ordered to determine the blood supply in the foot. A debridement will be performed. Clindamycin will be prescribed for 7 days. A surgical shoe will be provided. The patient will return for a follow-up in two weeks. "
  ],
  "gt_note": [
    "CHIEF COMPLAINT\n\nRight foot ulcer.\n\nHISTORY OF PRESENT ILLNESS\n\nGregory Hernandez is a pleasant 40-year-old male who presents to the clinic today for the evaluation of a non-healing right foot ulcer. Onset of ulcer was approximately 2 months ago after walking barefoot on the beach. He reports the ulcer has recently become red and is draining. At times he will also experience throbbing pain. He has seen his primary care physician and was prescribed antibiotics, however, he has not started them yet and does not recall the name of the medication.\n\nThe patient is a diabetic. He is taking medication for this, however, he does not monitor his blood sugar consistently. His last A1C was around 10.\n\nMEDICAL HISTORY\n\nPatient reports history of diabetes.\n\nREVIEW OF SYSTEMS\n\nMusculoskeletal: Reports right foot pain.\nSkin: Reports right foot ulcer with redness and drainage.\n\nVITALS\n\nVital signs are normal.\n\nPHYSICAL EXAM\n\nMSK: Examination of the right foot: There is a 1 x 2 inch circular wound on the dorsal aspect laterally just proximal to the 5th MTP joint. There is some redness and drainage present as well as edema. No necrosis, odor, or bony exposure. Nontender to palpation.\n\nRESULTS\n\n3 views of the right foot were taken. These reveal no evidence of osteomyelitis.\n\nASSESSMENT\n\nRight diabetic foot ulcer.\n\nPLAN\n\nAfter reviewing the patient's examination and radiographic findings today, I have had a lengthy discussion with the patient in regards to his current symptoms. I have explained to him that his x-rays did not reveal any evidence of osteomyelitis. I have recommended that we obtain an ankle brachial index to determine the blood supply in his foot. Debridement will be performed. A prescription for clindamycin 400 mg 2 times per day for 7 days will be provided as he does seem to have an infection. He will also be placed in a surgical shoe to provide increased support for the next month.\n\nINSTRUCTIONS\n\nThe patient will follow up with me in 2 weeks to assess his progress and for possible repeat debridement. He has been advised to call the office if his symptoms worsen and we will get him in sooner, however, if he starts to develop a fever or necrosis he has been instructed to go to the ER.\n",
    "Right foot ulcer. Gregory Hernandez is a pleasant 40-year-old male who presents to the clinic today for the evaluation of a non-healing right foot ulcer. Onset of ulcer was approximately 2 months ago after walking barefoot on the beach. He reports the ulcer has recently become red and is draining. At times he will also experience throbbing pain. He has seen his primary care physician and was prescribed antibiotics, however, he has not started them yet and does not recall the name of the medication.\n\nThe patient is a diabetic. He is taking medication for this, however, he does not monitor his blood sugar consistently. His last A1C was around 10. Patient reports history of diabetes. Musculoskeletal: Reports right foot pain.\nSkin: Reports right foot ulcer with redness and drainage. ",
    "Vital signs are normal. MSK: Examination of the right foot: There is a 1 x 2 inch circular wound on the dorsal aspect laterally just proximal to the 5th MTP joint. There is some redness and drainage present as well as edema. No necrosis, odor, or bony exposure. Nontender to palpation. 3 views of the right foot were taken. These reveal no evidence of osteomyelitis. ",
    "Right diabetic foot ulcer. After reviewing the patient's examination and radiographic findings today, I have had a lengthy discussion with the patient in regards to his current symptoms. I have explained to him that his x-rays did not reveal any evidence of osteomyelitis. I have recommended that we obtain an ankle brachial index to determine the blood supply in his foot. Debridement will be performed. A prescription for clindamycin 400 mg 2 times per day for 7 days will be provided as he does seem to have an infection. He will also be placed in a surgical shoe to provide increased support for the next month. The patient will follow up with me in 2 weeks to assess his progress and for possible repeat debridement. He has been advised to call the office if his symptoms worsen and we will get him in sooner, however, if he starts to develop a fever or necrosis he has been instructed to go to the ER. "
  ]
}