{
  "rouge1": [
    0.3484486873508353,
    0.2684210526315789,
    0.48148148148148145,
    0.28220858895705525
  ],
  "rouge2": [
    0.1507177033492823,
    0.1746031746031746,
    0.16981132075471697,
    0.09876543209876543
  ],
  "rougeL": [
    0.24105011933174222,
    0.23684210526315785,
    0.2777777777777778,
    0.2085889570552147
  ],
  "rougeLsum": [
    0.31742243436754175,
    0.24736842105263157,
    0.3703703703703704,
    0.2269938650306748
  ],
  "bertscore_precision": [
    0.6573149561882019,
    0.7747960686683655,
    0.7227967381477356,
    0.6963019371032715
  ],
  "bertscore_recall": [
    0.6108067035675049,
    0.5356181263923645,
    0.6848093867301941,
    0.5271828174591064
  ],
  "bertscore_f1": [
    0.6332079768180847,
    0.6333795785903931,
    0.7032904624938965,
    0.6000539660453796
  ],
  "bleurt": [
    0.4089350700378418,
    0.4419683814048767,
    0.4553563594818115,
    0.38060927391052246
  ],
  "pred_note": [
    "\nHISTORY OF PRESENT ILLNESS\n  Lawrence is a 62-year-old male with a past medical history significant for Type I diabetes, congestive heart failure, depression, and reflux, who presents with complaints of shortness of breath. Patient reported swelling and lethargy after eating salty foods and difficulty walking up a flight of stairs. The shortness of breath has been present for about ten days.  \nPHYSICAL EXAM\n  Exam was normal, vital signs were good. The heart exam showed a slight 3 out of 6 systolic ejection murmur. Lung exam showed bilateral crackles at the bases. A 1+ pitting edema was appreciated in the lower extremity exam.  \nRESULTS\n  Lab results showed no evidence of infection. Chest x-ray showed no airspace disease. The oxygenation level was good.  \nASSESSMENT AND PLAN\n  Lawrence is experiencing acute heart failure exacerbation. The doctor recommends starting him on Lasix, 40 milligrams a day and wants him to weigh himself every day. For diabetes, doctor orders hemoglobin A1c and asks Lawrence to follow up with his endocrinologist. For depression, the doctor refers him to psychiatry for talk therapy. Omeprazole 20 milligrams per day continues for reflux. Patient will call the doctor if he experiences more problems with his breathing.",
    "Lawrence is a 62-year-old male with a past medical history significant for Type I diabetes, congestive heart failure, depression, and reflux, who presents with complaints of shortness of breath. Patient reported swelling and lethargy after eating salty foods and difficulty walking up a flight of stairs. The shortness of breath has been present for about ten days. ",
    "Exam was normal, vital signs were good. The heart exam showed a slight 3 out of 6 systolic ejection murmur. Lung exam showed bilateral crackles at the bases. A 1+ pitting edema was appreciated in the lower extremity exam. Lab results showed no evidence of infection. Chest x-ray showed no airspace disease. The oxygenation level was good. ",
    "Lawrence is experiencing acute heart failure exacerbation. The doctor recommends starting him on Lasix, 40 milligrams a day and wants him to weigh himself every day. For diabetes, doctor orders hemoglobin A1c and asks Lawrence to follow up with his endocrinologist. For depression, the doctor refers him to psychiatry for talk therapy. Omeprazole 20 milligrams per day continues for reflux. Patient will call the doctor if he experiences more problems with his breathing. "
  ],
  "gt_note": [
    "CHIEF COMPLAINT\n\nShortness of breath.\n\nHISTORY OF PRESENT ILLNESS\n\nLawrence Walker is a 62-year-old male with a past medical history significant for type 1 diabetes, congestive heart failure, depression, and reflux, who presents with complaints of shortness of breath.\n\nThe patient states he has had some shortness of breath and mild leg swelling which he thinks has to do with eating some salty foods at some house parties recently. His shortness of breath is primarily with exertion such as walking up the stairs. This has been going on for about 10 days now. He woke from sleep once with shortness of breath about a week ago. He also notes discomfort lying flat in bed and musculoskeletal stiffness in the morning. He states that it takes him a little while to get up.\n\nRegarding his type 1 diabetes, he is using his insulin pump. He has been consistently monitoring his blood sugars during the working week, but notes that he checks less on the weekends, due to being busy. He is trying to avoid sugar but admits to an affinity for chocolate bars.\n\nRegarding his depression, he states that it has been a crazy year and a half. He has tried some natural solutions. In the summer, he did daily outdoor stretching, which was great; but now that the weather has changed, he needs to find some alternatives. He is not ready to try any medications. He denies suicidal and homicidal ideation.\n\nRegarding his GERD, he is taking his omeprazole. He has made some lifestyle modifications like cutting back on his red bull intake and other caffeine. Reducing his alcohol intake has been tough during the holiday season, but he is getting better about this.\n\nThe patient denies chest pain, fever, chills, cough, and abdominal pain.\n\nREVIEW OF SYSTEMS\n\n\u2022 Constitutional: Denies fevers, chills.\u00a0 Endorses fatigue.\n\u2022 Cardiovascular: Denies chest pain. Endorses dyspnea on exertion.\n\u2022 Respiratory: Denies coughor wheezing. Endorses shortness of breath..\n\u2022 Musculoskeletal: Endorses lower extremity edema.\n\u2022 Psychiatric: Endorses depression.\n\nPHYSICAL EXAMINATION\n\n\u2022 Neck: No carotid bruits appreciable. No jugular venous distention.\n\u2022 Respiratory: Rales are heard bilaterally at lung bases.\n\u2022 Cardiovascular: 3/6 systolic ejection murmur.\n\u2022 Musculoskeletal: 1+ pitting bilateral lower extremity edema.\n\nRESULTS\n\nChest x-ray did not show any evidence of airspace disease.\n\nLabs were all within normal limits, including the WBC.\n\nASSESSMENT\n\nLawrence Walker is a 62-year-old male with a past medical history significant for type 1 diabetes, congestive heart failure, depression, and reflux, who presents with complaints of shortness of breath.\n\nPLAN\n\nAcute heart failure exacerbation.\n\u2022 Medical Reasoning: The patient is retaining fluid. He has noticed increased fluid retention following dietary indiscretion. He has experienced dyspnea on exertion for the past 10 days.\n\u2022 Medical Treatment: Initiate Lasix 40 mg a day.\n\u2022 Patient Education and Counseling: I advised the patient to monitor and log his daily weights. He will contact me if these continue to increase. He was instructed to call me or 911 if he experiences dyspnea at rest.\n\nType 1 diabetes.\n\u2022 Medical Treatment: This is currently stable with use of an insulin pump.\n\u2022 Additional Testing: I will order a hemoglobin A1c in 1 month.\n\u2022 Medical Treatment: He will continue the insulin pump. The patient will follow up with his endocrinologist.\n\u2022 Patient Education and Counseling: I encouraged the patient to have an eye exam.\n\nDepression.\n\u2022 Medical Reasoning: The patient has been doing well with outdoor stretching. He continues to decline the use of medications for this issue.\n\u2022 Medical Treatment: I will refer him to psychiatry as his current management strategy is unsustainable due to the change in season.\n\u2022 Patient Education and Counseling: We will defer initiating medication at this time.\n\nAcid reflux.\n\u2022 Medical Reasoning: His symptoms are stable with medication.\n\u2022 Medical Treatment: Continue omeprazole 20 mg a day.\n\nPatient Agreements: The patient understands and agrees with the recommended medical treatment plan. his endo",
