{
  "rouge1": [
    0.5748031496062991,
    0.3699421965317919,
    0.6399999999999999,
    0.40109890109890106
  ],
  "rouge2": [
    0.26842105263157895,
    0.10526315789473685,
    0.42424242424242425,
    0.1767955801104972
  ],
  "rougeL": [
    0.30183727034120733,
    0.20809248554913296,
    0.38,
    0.26373626373626374
  ],
  "rougeLsum": [
    0.5144356955380579,
    0.21965317919075145,
    0.59,
    0.3241758241758242
  ],
  "bertscore_precision": [
    0.6505436897277832,
    0.6447383165359497,
    0.7474364638328552,
    0.6828979849815369
  ],
  "bertscore_recall": [
    0.647386908531189,
    0.5941625237464905,
    0.6779561042785645,
    0.5952513813972473
  ],
  "bertscore_f1": [
    0.6489614248275757,
    0.6184180378913879,
    0.7110028862953186,
    0.6360695958137512
  ],
  "bleurt": [
    0.40131789445877075,
    0.41287219524383545,
    0.4788457155227661,
    0.4576665759086609
  ],
  "pred_note": [
    "\nHISTORY OF PRESENT ILLNESS\n Mrs. Kelly Wood is an established patient here for a renal ultrasound because of hematuria. Her urine dipstick shows a trace amount of blood in the urine and intact. Renal ultrasound impression shows one stone in the left kidney that is not obstructing anything. The patient reports bright red urine and painful urination. She passed two small stones last week. She also reports that things have felt a lot better since then.  \nPHYSICAL EXAM\n The patient does not have any flank pain or tenderness in the lower back. Anti gu is normal. There is no evidence of flank pain on abdominal exam. Primary diagnosis is hematuria. Secondary diagnosis is chronic urolithiasis.  \nRESULTS\n Urine dipstick is negative for leukocytes, nitrates, protein, ketone, bilirubin, and glucose. Color is yellow and clear, urobilinogen 0.2, pH 5.5, and specific gravity 1.020. Renal ultrasound shows the right kidney is 10 cm in length by 5 cm wide with no stones, masses, or hydronephrosis. The left kidney is 10.8 cm in length and 5 cm wide with one non-obstructing, 6 mm left renal stone.  \nASSESSMENT AND PLAN\n The blood in the patient's urine was due to kidney stones, and fortunately, she passed two last week, and the blood has nearly subsided. The patient still has one stone in the left kidney but does not need surgical intervention at this time. The patient should drink half her body weight in ounces of water daily and avoid drinking sugary drinks like Mountain Dew. Ideally, she should consume less than 1,000 milligrams of sodium a day and reduce the amount of beef, poultry, fish, and pork. Foods rich in sodium oxalate and animal protein should be avoided. A handout was provided with more information. The patient should come back next year unless there are any issues like bleeding or pain. In the meantime, if she has any concerns or experiences any severe pain or bright red blood in her urine, she should go to the emergency room.",
    "Mrs. Kelly Wood is an established patient here for a renal ultrasound because of hematuria. Her urine dipstick shows a trace amount of blood in the urine and intact. Renal ultrasound impression shows one stone in the left kidney that is not obstructing anything. The patient reports bright red urine and painful urination. She passed two small stones last week. She also reports that things have felt a lot better since then. ",
    "The patient does not have any flank pain or tenderness in the lower back. Anti gu is normal. There is no evidence of flank pain on abdominal exam. Primary diagnosis is hematuria. Secondary diagnosis is chronic urolithiasis. Urine dipstick is negative for leukocytes, nitrates, protein, ketone, bilirubin, and glucose. Color is yellow and clear, urobilinogen 0.2, pH 5.5, and specific gravity 1.020. Renal ultrasound shows the right kidney is 10 cm in length by 5 cm wide with no stones, masses, or hydronephrosis. The left kidney is 10.8 cm in length and 5 cm wide with one non-obstructing, 6 mm left renal stone. ",
    "The blood in the patient's urine was due to kidney stones, and fortunately, she passed two last week, and the blood has nearly subsided. The patient still has one stone in the left kidney but does not need surgical intervention at this time. The patient should drink half her body weight in ounces of water daily and avoid drinking sugary drinks like Mountain Dew. Ideally, she should consume less than 1,000 milligrams of sodium a day and reduce the amount of beef, poultry, fish, and pork. Foods rich in sodium oxalate and animal protein should be avoided. A handout was provided with more information. The patient should come back next year unless there are any issues like bleeding or pain. In the meantime, if she has any concerns or experiences any severe pain or bright red blood in her urine, she should go to the emergency room. "
  ],