{
  "rouge1": [
    0.45161290322580644,
    0.29110512129380056,
    0.5833333333333333,
    0.3176178660049628
  ],
  "rouge2": [
    0.21627647714604234,
    0.14634146341463414,
    0.4893617021276596,
    0.08977556109725685
  ],
  "rougeL": [
    0.2869855394883204,
    0.215633423180593,
    0.4791666666666667,
    0.18858560794044668
  ],
  "rougeLsum": [
    0.4315906562847608,
    0.2749326145552561,
    0.5416666666666667,
    0.24813895781637715
  ],
  "bertscore_precision": [
    0.6070868372917175,
    0.7115691900253296,
    0.6726719737052917,
    0.5985798239707947
  ],
  "bertscore_recall": [
    0.5907857418060303,
    0.5238049030303955,
    0.7999966144561768,
    0.541200578212738
  ],
  "bertscore_f1": [
    0.5988253355026245,
    0.6034179329872131,
    0.7308301329612732,
    0.5684459209442139
  ],
  "bleurt": [
    0.3075595200061798,
    0.32438063621520996,
    0.5789926648139954,
    0.3666453957557678
  ],
  "pred_note": [
    "\nHISTORY OF PRESENT ILLNESS\n Julia Jones is a 25-year-old female presenting for evaluation of symptomatic macromastia for breast reduction. Julia has had back pain and neck pain since high school and has been seeing a chiropractor for the past few years. Julia would also like to address limited activity, and pain associated with exercise. Julia has not had children but may be planning to in the future. She has noticed that her breasts are asymmetrical with severe ptosis bilaterally.  \nPHYSICAL EXAM\n Inspection reveals asymmetrical breasts with severe ptosis bilaterally. No nipple retraction or discharge bilaterally. No breast tenderness, masses, or axillary lymphadenopathy is palpable.  \nRESULTS\n Minimum required resection based on a bsa of 2.65, with the schnur scale is 1,792 grams, which should be attainable. The breast measurements reveal one breast is a little lower than the other, and there is potential for using a nipple graft.   \nASSESSMENT AND PLAN\n Julia Jones is an ideal candidate for bilateral reduction mammoplasty. Surgery involves the removal of breast tissue from the breast, nipple position elevation, lifting, and contouring. The surgery will take approximately three hours, and she will need to spend one night at the hospital. After surgery, clear plastic tape will be placed over her incision to prevent scars. Patients with lighter skin may have red scars at first, but over time they will mature in line. Julia will have activity restrictions for about six weeks, and the drains will stay in for about a week. Once Julia's new insurance information is confirmed, the office will work with her to schedule a surgery date. In the meantime, photos were taken to document Julia's symptoms and submitted to the insurance company for approval.",
    "Julia Jones is a 25-year-old female presenting for evaluation of symptomatic macromastia for breast reduction. Julia has had back pain and neck pain since high school and has been seeing a chiropractor for the past few years. Julia would also like to address limited activity, and pain associated with exercise. Julia has not had children but may be planning to in the future. She has noticed that her breasts are asymmetrical with severe ptosis bilaterally. ",
    "Inspection reveals asymmetrical breasts with severe ptosis bilaterally. No nipple retraction or discharge bilaterally. No breast tenderness, masses, or axillary lymphadenopathy is palpable. Minimum required resection based on a bsa of 2.65, with the schnur scale is 1,792 grams, which should be attainable. The breast measurements reveal one breast is a little lower than the other, and there is potential for using a nipple graft. ",
    "Julia Jones is an ideal candidate for bilateral reduction mammoplasty. Surgery involves the removal of breast tissue from the breast, nipple position elevation, lifting, and contouring. The surgery will take approximately three hours, and she will need to spend one night at the hospital. After surgery, clear plastic tape will be placed over her incision to prevent scars. Patients with lighter skin may have red scars at first, but over time they will mature in line. Julia will have activity restrictions for about six weeks, and the drains will stay in for about a week. Once Julia's new insurance information is confirmed, the office will work with her to schedule a surgery date. In the meantime, photos were taken to document Julia's symptoms and submitted to the insurance company for approval. "
  ],