{
  "rouge1": [
    0.4985590778097983,
    0.3618421052631579,
    0.5354330708661418,
    0.42857142857142866
  ],
  "rouge2": [
    0.24277456647398843,
    0.15894039735099338,
    0.304,
    0.17796610169491528
  ],
  "rougeL": [
    0.29394812680115273,
    0.24342105263157895,
    0.4409448818897638,
    0.226890756302521
  ],
  "rougeLsum": [
    0.4438040345821325,
    0.2697368421052631,
    0.4409448818897638,
    0.3697478991596639
  ],
  "bertscore_precision": [
    0.7010589838027954,
    0.7386311888694763,
    0.7425845861434937,
    0.7325401902198792
  ],
  "bertscore_recall": [
    0.6442323923110962,
    0.5934319496154785,
    0.7516969442367554,
    0.5706273913383484
  ],
  "bertscore_f1": [
    0.6714454889297485,
    0.658117949962616,
    0.7471129894256592,
    0.6415253281593323
  ],
  "bleurt": [
    0.3487889766693115,
    0.48872506618499756,
    0.5599842667579651,
    0.5163620710372925
  ],
  "pred_note": [
    "\nHISTORY OF PRESENT ILLNESS\n Ms. Cheryl, 34-year-old female with a past medical history significant for hypertension, presents today with a sudden onset of back pain approximately 6 days ago that might have been caused by lifting heavy weight or exercising. The patient describes pain that felt like a spasm and was in the lower back equally on both sides with no signs of numbness or tingling in the legs or feet. She has been managing the pain with ibuprofen and applying heat.   \nPHYSICAL EXAM\n Blood pressure readings were great, and heart examination revealed that slight two out of six systolic ejection murmur, which was stable compared to the past. Her back examination revealed pain to palpation on the right lateral aspect of the lumbar spine, with pain experienced in flexion and extension but negative straight leg raise.  \nRESULTS\n Lab results reveal no elevated white blood cell count or signs of infection. The lumbar spine X-ray showed no obvious fracture, and there was good bony alignment.  \nASSESSMENT AND PLAN\n Ms. Cheryl's back pain is suspected to be a lumbar strain caused by heavy lifting or exercising, and she has been prescribed meloxicam 15 mg once a day. The patient can apply ice or heat to the affected area and is referred to physical therapy to strengthen her back. For her hypertension, the patient was advised to continue with her diet, and her prescription for lisinopril 10 mg was refilled.",
    "Ms. Cheryl, 34-year-old female with a past medical history significant for hypertension, presents today with a sudden onset of back pain approximately 6 days ago that might have been caused by lifting heavy weight or exercising. The patient describes pain that felt like a spasm and was in the lower back equally on both sides with no signs of numbness or tingling in the legs or feet. She has been managing the pain with ibuprofen and applying heat. ",
    "Blood pressure readings were great, and heart examination revealed that slight two out of six systolic ejection murmur, which was stable compared to the past. Her back examination revealed pain to palpation on the right lateral aspect of the lumbar spine, with pain experienced in flexion and extension but negative straight leg raise. Lab results reveal no elevated white blood cell count or signs of infection. The lumbar spine X-ray showed no obvious fracture, and there was good bony alignment. ",
    "Ms. Cheryl's back pain is suspected to be a lumbar strain caused by heavy lifting or exercising, and she has been prescribed meloxicam 15 mg once a day. The patient can apply ice or heat to the affected area and is referred to physical therapy to strengthen her back. For her hypertension, the patient was advised to continue with her diet, and her prescription for lisinopril 10 mg was refilled. "
  ],
  "gt_note": [
    "CHIEF COMPLAINT\n\nBack pain.\n\nHISTORY OF PRESENT ILLNESS\n\nMs. Ramirez is a 34-year-old female with a past medical history significant for hypertension, who presents today with back pain.\n\nThe patient reports she has been walking a lot lately, 30 minutes to an hour or so a day. While walking 6 days ago, she felt her back seize up on her. She is not sure what caused it but thinks she was walking a little faster than usual. She describes the sensation as a spasm. She has been taking ibuprofen and using heat on it but it is still pretty stiff. She denies any known trauma or injury to her back. She notes she has been weightlifting around 3 times a week. She did do deadlifts that day before her walk and thinks she may have been using her back more than her legs to lift. She locates the pain in her mid lower back. She denies any lower extremity numbness, tingling, and weakness.\n\nRegarding her hypertension, she states she has been doing readings at home and that has been looking great. She has been watching her diet which has helped. She is taking lisinopril.\n\nThe patient endorses nasal congestion, which she attributes to her seasonal allergies.\n\nREVIEW OF SYSTEMS\n\n\u2022 Ears, Nose, Mouth and Throat: Endorses nasal congestion from seasonal allergies.\n\u2022 Musculoskeletal: Endorses bilateral low back pain and stiffness.\n\u2022 Neurological: Denies numbness.\n\nPHYSICAL EXAMINATION\n\n\u2022 Cardiovascular: Slight 2/6 systolic ejection murmur, stable.\n\u2022 Musculoskeletal: Pain to palpation along the right lateral aspect of her lumbar spine. Pain with flexion and extension. Negative straight leg raise.\n\nRESULTS\n\nBack x-ray reveals good bony alignment with no obvious fracture.\n\nLabs: All within normal limits.\n\nASSESSMENT AND PLAN\n\nMs. Ramirez is a 34-year-old female with a past medical history significant for hypertension, who presents today with back pain.\n\nBack pain.\n\u2022 Medical Reasoning: She experienced a spasm-like pain in her back while walking approximately 6 days ago. She has also been lifting weights recently. Her lumbar spine x-ray was unremarkable and her recent labs were normal. I believe she has a lumbar strain.\n\u2022 Medical Treatment: We will initiate meloxicam 15 mg once daily.\n\u2022 Specialist Referrals: We will refer her to physical therapy to work on strengthening exercises.\n\u2022 Patient Education and Counseling: She may apply ice and heat to the area.\n\nHypertension.\n\u2022 Medical Reasoning: This is well controlled with lisinopril and dietary modifications based on home monitoring.\n\u2022 Medical Treatment: She will continue lisinopril 10 mg daily. This was refilled today.\n\u2022 Patient Education and Counseling: I encouraged her to continue with home monitoring and report any elevated blood pressures to me.\n\nPatient Agreements: The patient understands and agrees with the recommended medical treatment plan.\n",
