{
  "rouge1": [
    0.32969696969696966,
    0.18604651162790697,
    0.5242718446601942,
    0.3096774193548387
  ],
  "rouge2": [
    0.14823815309842042,
    0.12987012987012989,
    0.198019801980198,
    0.06493506493506493
  ],
  "rougeL": [
    0.21333333333333332,
    0.15503875968992248,
    0.3689320388349514,
    0.18064516129032257
  ],
  "rougeLsum": [
    0.31272727272727274,
    0.18087855297157623,
    0.38834951456310685,
    0.29677419354838713
  ],
  "bertscore_precision": [
    0.6302307844161987,
    0.725191056728363,
    0.7357256412506104,
    0.6948485374450684
  ],
  "bertscore_recall": [
    0.5664776563644409,
    0.45779848098754883,
    0.6848347187042236,
    0.5291635394096375
  ],
  "bertscore_f1": [
    0.5966560244560242,
    0.5612752437591553,
    0.7093685865402222,
    0.6007922291755676
  ],
  "bleurt": [
    0.39420682191848755,
    0.4416617155075073,
    0.5026243925094604,
    0.4380148649215698
  ],
  "pred_note": [
    "\nHISTORY OF PRESENT ILLNESS\n The patient, a 59-year-old male with a past medical history significant for depression, type two diabetes, and hypertension, presents with an upper respiratory infection. The patient experienced fatigue, shortness of breath, and joint pain while doing yard work.  \nPHYSICAL EXAM\n Physical examination reveals vital signs within normal limits. The patient has scattered ronchi bilaterally on lung exam, and there is edema of his lower extremities. The patient reports pain to palpation of his elbows bilaterally.  \nRESULTS\n Chest x-ray does not show airspace disease or pneumonia. Hemoglobin A1c is 8, which is elevated.   \nASSESSMENT AND PLAN\n Patient likely has viral syndrome, so a COVID test will be administered. Medications prescribed include robitussin, ibuprofen, and tylenol for respiratory infection symptoms. To manage type two diabetes, the patient will be prescribed metformin, and hemoglobin A1c will be checked again in four months. The patient will continue to take Lisinopril for hypertension, and a lipid panel will be ordered. The patient will have a follow-up appointment in four months.",
    "The patient, a 59-year-old male with a past medical history significant for depression, type two diabetes, and hypertension, presents with an upper respiratory infection. The patient experienced fatigue, shortness of breath, and joint pain while doing yard work. ",
    "Physical examination reveals vital signs within normal limits. The patient has scattered ronchi bilaterally on lung exam, and there is edema of his lower extremities. The patient reports pain to palpation of his elbows bilaterally. Chest x-ray does not show airspace disease or pneumonia. Hemoglobin A1c is 8, which is elevated. ",
    "Patient likely has viral syndrome, so a COVID test will be administered. Medications prescribed include robitussin, ibuprofen, and tylenol for respiratory infection symptoms. To manage type two diabetes, the patient will be prescribed metformin, and hemoglobin A1c will be checked again in four months. The patient will continue to take Lisinopril for hypertension, and a lipid panel will be ordered. The patient will have a follow-up appointment in four months. "
  ],
  "gt_note": [
    "CHIEF COMPLAINT\n\nUpper respiratory infection.\n\nHISTORY OF PRESENT ILLNESS\n\nAndrew Campbell is a 59-year-old male with a past medical history significant for depression, type 2 diabetes, and hypertension. He presents today with an upper respiratory infection.\n\nThe patient reports that he has been doing a bit of work out in the yard in the last week or so. He started to feel really tired and short of breath. The patient denies coughing up anything, but he feels like he will soon be coughing up phlegm. He denies having a fever, but he felt a little warm. He attributed this to exerting himself. He reports that his elbows hurt quite a bit. He notes his knees were pretty tired and he felt some tension around his knees. The patient attributes these symptoms to lifting heavy bags. He has not been wearing a mask as much recently. He believes that he caught his first cold and his symptoms have worsened. He has had both of his COVID vaccinations.\n\nHe denies any history of seasonal allergies.\n\nRegarding his depression, he states it has been a crazy year and a half. He was a little concerned about that, but for the most part, he has been doing well with it. His wife got him into barre classes and this has been relaxing.\n\nRegarding his diabetes, he has been monitoring his sugar levels while he is at work, but is not as consistent on Saturdays and Sundays. His diet has been pretty good for the most part, except for some house parties. They have not been elevated since his respiratory symptoms began.\n\nThe patient has been monitoring his blood pressure at home. He reports that he is very regular with monitoring his blood pressure during the week, though less consistently on weekends. He reports his blood pressure has been under control. He has continued to utilize lisinopril 20 mg, daily.\n\nThe patient denies nausea, vomiting, diarrhea.\n\nREVIEW OF SYSTEMS\n\n\u2022 Constitutional: Denies fever.\n\u2022 Cardiovascular: Endorses dyspnea on exertion.\n\u2022 Respiratory: Endorses shortness of breath and cough.\n\u2022 Gastrointestinal: Denies nausea or diarrhea.\n\u2022 Musculoskeletal: Endorses bilateral elbow and knee pain.\n\u2022 Psychiatric: Endorses depression.\n\nPHYSICAL EXAMINATION\n\n\u2022 Respiratory: Scattered rhonchi bilaterally, clears with cough.\n\u2022 Cardiovascular: No murmurs, gallops, or rubs. No extra heart sounds.\n\u2022 Musculoskeletal: Edema in the bilateral lower extremities. Pain to palpation of the bilateral elbows.\n\nRESULTS\n\nX-ray of the chest is unremarkable. No airspace disease. No signs of pneumonia.\n\nHemoglobin A1c is elevated at 8.\n\nASSESSMENT AND PLAN\n\nAndrew Campbell is a 59-year-old male with a past medical history significant for depression, type 2 diabetes, and hypertension. He presents today with an upper respiratory infection.\n\nUpper respiratory infection.\n\u2022 Medical Reasoning: I believe he has contracted a viral syndrome. His chest x-ray was unremarkable and he has received both doses of the COVID-19 vaccination.\n\u2022 Additional Testing: We will obtain a COVID-19 test to rule this out.\n\u2022 Medical Treatment: I recommend he use Robitussin for cough, as well as ibuprofen or Tylenol if he develops a fever.\n\nDepression.\n\u2022 Medical Reasoning: He has been practicing barre classes and is doing well overall.\n\u2022 Medical Treatment: I offered medication or psychotherapy, but the patient opted to defer at this time.\n\nDiabetes type 2.\n\u2022 Medical Reasoning: His blood glucose levels have been well controlled based on home monitoring, but his recent hemoglobin A1c was elevated.\n\u2022 Additional Testing: We will repeat a hemoglobin A1c in 4 months.\n\u2022 Medical Treatment: We will increase his metformin to 1000 mg twice daily.\n\nHypertension.\n\u2022 Medical Reasoning: He has been compliant with lisinopril and his blood pressures have been well controlled based on home monitoring.\n\u2022 Additional Testing: We will order a lipid panel.\n\u2022 Medical Treatment: He will continue on lisinopril 20 mg once daily. This was refilled today.\n\nFollow up: I would like to see him back in approximately 4 months.\n\nPatient Agreements: The patient understands and agrees with the recommended medical treatment plan.",
