{
  "rouge1": [
    0.47701647875108405,
    0.3901098901098901,
    0.4180790960451978,
    0.30981067125645445
  ],
  "rouge2": [
    0.22415291051259773,
    0.11049723756906077,
    0.26285714285714284,
    0.12780656303972365
  ],
  "rougeL": [
    0.2515177797051171,
    0.1923076923076923,
    0.37288135593220334,
    0.18588640275387264
  ],
  "rougeLsum": [
    0.430182133564614,
    0.2582417582417582,
    0.3954802259887006,
    0.25473321858864023
  ],
  "bertscore_precision": [
    0.6020789742469788,
    0.7103395462036133,
    0.607739269733429,
    0.6832528710365295
  ],
  "bertscore_recall": [
    0.6161926984786987,
    0.5691704750061035,
    0.6718751788139343,
    0.5631828904151917
  ],
  "bertscore_f1": [
    0.6090540289878845,
    0.6319673657417297,
    0.6381999254226685,
    0.6174346804618835
  ],
  "bleurt": [
    0.4053598642349243,
    0.4354453682899475,
    0.5206710696220398,
    0.4104241728782654
  ],
  "pred_note": [
    " \nHISTORY OF PRESENT ILLNESS\n  Diana Scott, a new patient, came in for a visit because she was recently diagnosed with a new heart murmur. She does not know the type or severity of the heart murmur, but she is worried about it. She denies having chest pain, but she does experience shortness of breath and leg pain. Diana Scott reports feeling lightheaded and dizzy when she is standing up, which is relieved by meclizine medication. Her ankles also swell at times. Her legs have been in severe pain for a month now. She has lost some weight recently, and she does not have any significant history of fevers or chills.    \nPHYSICAL EXAM\n  For the physical exam, Diana Scott was found to be normal for age and had no acute distress. She was deemed to be in good cardiovascular condition, but she had a 4/6 systolic murmur at the right upper sternal border with mild radiation to the carotids. Her neurologic gait was normal for age.   \nRESULTS\n   EKG showed that Diana Scott was in sinus rhythm but with frequent PVCs, as well as an anterior septum infarct pattern. Diana Scott was suggested to undergo an echocardiogram to assess overall cardiac structure and function. The echocardiogram is meant to help determine the severity of her aortic stenosis. Aortic stenosis may be contributing to her recent symptoms. Diana Scott's s2 is relatively preserved, which would be more consistent with moderate.    \nASSESSMENT AND PLAN\n   Diana Scott was found to have a systolic murmur, which might be due to aortic stenosis. She also has PVCs and possible ischemia. Diana Scott was scheduled to undergo an echocardiogram to assess overall cardiac structure and function. Depending on the results of the echocardiogram and the severity of her aortic stenosis, her doctors will decide whether an ischemic evaluation or further monitoring is necessary. She will follow up in three to four weeks after her echocardiogram results are in. There is a possibility that a TAVR evaluation will be considered if the aortic stenosis is severe. Lastly, it was suggested that Diana Scott's statin medication might not be necessary, but she should discuss it with her PCP.",
    "Diana Scott, a new patient, came in for a visit because she was recently diagnosed with a new heart murmur. She does not know the type or severity of the heart murmur, but she is worried about it. She denies having chest pain, but she does experience shortness of breath and leg pain. Diana Scott reports feeling lightheaded and dizzy when she is standing up, which is relieved by meclizine medication. Her ankles also swell at times. Her legs have been in severe pain for a month now. She has lost some weight recently, and she does not have any significant history of fevers or chills. ",
    "For the physical exam, Diana Scott was found to be normal for age and had no acute distress. She was deemed to be in good cardiovascular condition, but she had a 4/6 systolic murmur at the right upper sternal border with mild radiation to the carotids. Her neurologic gait was normal for age. EKG showed that Diana Scott was in sinus rhythm but with frequent PVCs, as well as an anterior septum infarct pattern. Diana Scott was suggested to undergo an echocardiogram to assess overall cardiac structure and function. The echocardiogram is meant to help determine the severity of her aortic stenosis. Aortic stenosis may be contributing to her recent symptoms. Diana Scott's s2 is relatively preserved, which would be more consistent with moderate. ",
    "Diana Scott was found to have a systolic murmur, which might be due to aortic stenosis. She also has PVCs and possible ischemia. Diana Scott was scheduled to undergo an echocardiogram to assess overall cardiac structure and function. Depending on the results of the echocardiogram and the severity of her aortic stenosis, her doctors will decide whether an ischemic evaluation or further monitoring is necessary. She will follow up in three to four weeks after her echocardiogram results are in. There is a possibility that a TAVR evaluation will be considered if the aortic stenosis is severe. Lastly, it was suggested that Diana Scott's statin medication might not be necessary, but she should discuss it with her PCP. "
  ],