{
  "rouge1": [
    0.46262341325810996,
    0.32764505119453924,
    0.5151515151515151,
    0.33204633204633205
  ],
  "rouge2": [
    0.22065063649222066,
    0.20618556701030927,
    0.2923076923076923,
    0.1245136186770428
  ],
  "rougeL": [
    0.27644569816643155,
    0.2935153583617747,
    0.3181818181818182,
    0.16988416988416988
  ],
  "rougeLsum": [
    0.43159379407616355,
    0.3139931740614334,
    0.4393939393939394,
    0.2702702702702703
  ],
  "bertscore_precision": [
    0.6927249431610107,
    0.739396870136261,
    0.6958032250404358,
    0.6363208293914795
  ],
  "bertscore_recall": [
    0.6308817863464355,
    0.5377023816108704,
    0.6880475878715515,
    0.4983343780040741
  ],
  "bertscore_f1": [
    0.6603586077690125,
    0.6226226687431335,
    0.6919036507606506,
    0.5589372515678406
  ],
  "bleurt": [
    0.37027788162231445,
    0.5109513998031616,
    0.43924635648727417,
    0.41409939527511597
  ],
  "pred_note": [
    "\nHISTORY OF PRESENT ILLNESS\n Andrea is a 52-year-old female with a past medical history significant for rheumatoid arthritis, atrial fibrillation, and reflux who presents today for her annual exam. She reports doing well after walking and yoga exercises and has no joint pain recently. However, she has been experiencing palpitations related to stress and allergies causing nasal congestion.  \nPHYSICAL EXAM\n The vital signs show a controlled heart rate. On the heart examination, there is a slight 2/6 systolic ejection murmur. Lungs are clear. There is edema and erythema on the right elbow and tenderness on palpation. There is no lower extremity edema.  \nRESULTS\n The autoimmune panel shows everything is well-controlled with rheumatoid arthritis on the methotrexate, and the event monitor results show that Andrea is in and out of a-fib, and has a conversion pause.  \nASSESSMENT AND PLAN\n The plan includes continuing the methotrexate, 2.5 mg once weekly, referring Andrea to cardiology for a cardiac ablation to map out the source of the rhythm and avoid going in and out of a-fib. In addition, protonix, 40 mg a day, along with dietary modifications, will help manage reflux. Andrea will have a refill of methotrexate, and a referral to cardiology.",
    "Andrea is a 52-year-old female with a past medical history significant for rheumatoid arthritis, atrial fibrillation, and reflux who presents today for her annual exam. She reports doing well after walking and yoga exercises and has no joint pain recently. However, she has been experiencing palpitations related to stress and allergies causing nasal congestion. ",
    "The vital signs show a controlled heart rate. On the heart examination, there is a slight 2/6 systolic ejection murmur. Lungs are clear. There is edema and erythema on the right elbow and tenderness on palpation. There is no lower extremity edema. The autoimmune panel shows everything is well-controlled with rheumatoid arthritis on the methotrexate, and the event monitor results show that Andrea is in and out of a-fib, and has a conversion pause. ",
    "The plan includes continuing the methotrexate, 2.5 mg once weekly, referring Andrea to cardiology for a cardiac ablation to map out the source of the rhythm and avoid going in and out of a-fib. In addition, protonix, 40 mg a day, along with dietary modifications, will help manage reflux. Andrea will have a refill of methotrexate, and a referral to cardiology. "
  ],
  "gt_note": [
    "CHIEF COMPLAINT\n\nAnnual exam.\n\nHISTORY OF PRESENT ILLNESS\n\nAndrea Roberts is a 52-year-old female with a past medical history significant for rheumatoid arthritis, atrial fibrillation, and reflux, who presents today for her annual exam. It has been a year since she was last seen.\n\nThe patient states she is doing well. She has been walking, exercising, and doing yoga, which has helped with her arthritis. She denies issues with stiffness, pain, or flare ups over the last year. The patient has continued utilizing methotrexate 2.5 mg once a week and denies issues with that.\n\nIn terms of her atrial fibrillation, she endorses continued palpitations. The last episode she had was about 1 week ago. She has noticed that when she starts to get stressed they start to flare up again. She has tried meditation and running with her dog for stress relief, however these have not been helpful. The patient had called last month and had an event monitor done.\n\nRegarding her GERD, she has continued to utilize Protonix 40 mg a day. The patient has cut out soda, which seemed to help. She has not had a flare up in over 5 months.\n\nThe patient endorses nasal congestion because of her allergies. She denies chest pain, shortness of breath, nausea, and vomitting.\n\nREVIEW OF SYSTEMS\n\n\u2022 Ears, Nose, Mouth and Throat: Endorses nasal congestion from allergies.\n\u2022 Cardiovascular: Denies chest pain or dyspnea. Endorses palpitations.\n\u2022 Respiratory: Denies shortness of breath.\n\u2022 Musculoskeletal: Denies joint pain.\n\nPHYSICAL EXAMINATION\n\n\u2022 Respiratory: Lungs are clear to auscultation bilaterally. No wheezes, rales, or rhonchi.\n\u2022 Cardiovascular: Regular rate and rhythm. Slight 2/6 systolic ejection murmur.\n\u2022 Musculoskeletal: No lower extremity edema. Edema and erythema of the right elbow. Pain to palpation of the right elbow.\n\nRESULTS\n\nEvent monitor: Positive for conversion pause.\n\nAutoimmune panel: Normal. Well controlled rheumatoid arthritis.\n\nASSESSMENT AND PLAN\n\nAndrea Roberts is a 52-year-old female with a past medical history significant for rheumatoid arthritis, atrial fibrillation, and reflux, who presents today for her annual exam. It has been a year since she was last seen.\n\nRheumatoid arthritis.\n\u2022 Medical Reasoning: The patient has remained active and has been compliant with methotrexate once weekly. Her recent autoimmune panel was normal.\n\u2022 Medical Treatment: She will continue on methotrexate 2.5 mg once weekly. This was refilled today.\n\u2022 Specialist Referrals: If she needs a referral back to the rheumatologist, she will let me know.\n\nAtrial fibrillation.\n\u2022 Medical Reasoning: She continues to experience episodes of palpitations. Her most recent episode was about 1 week ago. She is in normal sinus rhythm today, but her recent cardiac event monitor demonstrated a conversion pause.\n\u2022 Specialist Referrals: We will refer her to cardiology for a cardiac ablation.\n\nGERD.\n\u2022 Medical Reasoning: She has been compliant with dietary modifications and denies any episodes in approximately 5 months.\n\u2022 Medical Treatment: Continue on Protonix 40 mg daily.\n\u2022 Patient Education and Counseling: She could continue with dietary modifications and avoid known dietary triggers.\n\nPatient Agreements: The patient understands and agrees with the recommended medical treatment plan.\n",
