{
  "rouge1": [
    0.3993610223642173,
    0.4347826086956521,
    0.2007168458781362,
    0.3939393939393939
  ],
  "rouge2": [
    0.16346153846153846,
    0.16393442622950818,
    0.043321299638989175,
    0.10975609756097561
  ],
  "rougeL": [
    0.24920127795527156,
    0.2554347826086956,
    0.14336917562724014,
    0.20606060606060606
  ],
  "rougeLsum": [
    0.33546325878594246,
    0.30434782608695654,
    0.17921146953405018,
    0.24242424242424246
  ],
  "bertscore_precision": [
    0.6527056694030762,
    0.6459226608276367,
    0.5387314558029175,
    0.6307154297828674
  ],
  "bertscore_recall": [
    0.5631977915763855,
    0.6447181105613708,
    0.561103880405426,
    0.664592981338501
  ],
  "bertscore_f1": [
    0.6046571731567383,
    0.6453198194503784,
    0.5496900677680969,
    0.6472111940383911
  ],
  "bleurt": [
    0.4431167244911194,
    0.4795404076576233,
    0.3623645305633545,
    0.47650521993637085
  ],
  "pred_note": [
    "Summary:\nThe patient, named Bobby, visits the doctor with complaints of persistent shoulder pain on his right side. He attributes the pain to previous injuries from playing baseball and recent work in his backyard. The pain is located on the outside of his shoulder and is more noticeable when he raises his arm. He experiences pain only when he moves his arm and also at night due to sleeping on that side. The patient has been taking Advil and icing the area for relief. The doctor evaluates the patient's vital signs and performs a physical exam, finding limited range of motion and tenderness at the great tuberosity of the humerus. X-ray results show no fractures. The doctor diagnoses rotator cuff tendinopathy and prescribes an MRI to rule out any other issues. The patient is referred to physical therapy for 6-8 weeks, and if symptoms do not improve, a steroid injection is considered. The doctor also addresses the patient's foot soreness and recommends soaking in Epsom salts for relief. The patient agrees with the plan and expresses hope for improvement.",
    "Summary:\nThe patient, named Bobby, visits the doctor with complaints of persistent shoulder pain on his right side. He attributes the pain to previous injuries from playing baseball and recent work in his backyard. The pain is located on the outside of his shoulder and is more noticeable when he raises his arm. He experiences pain only when he moves his arm and also at night due to sleeping on that side. The patient has been taking Advil and icing the area for relief. The doctor evaluates the patient's vital signs and performs a physical exam, finding limited range of motion and tenderness at the great tuberosity of the humerus. X-ray results show no fractures. The doctor diagnoses rotator cuff tendinopathy and prescribes an MRI to rule out any other issues. The patient is referred to physical therapy for 6-8 weeks, and if symptoms do not improve, a steroid injection is considered. The doctor also addresses the patient's foot soreness and recommends soaking in Epsom salts for relief. The patient agrees with the plan and expresses hope for improvement.",
    "Summary:\nThe patient, named Bobby, visits the doctor with complaints of persistent shoulder pain on his right side. He attributes the pain to previous injuries from playing baseball and recent work in his backyard. The pain is located on the outside of his shoulder and is more noticeable when he raises his arm. He experiences pain only when he moves his arm and also at night due to sleeping on that side. The patient has been taking Advil and icing the area for relief. The doctor evaluates the patient's vital signs and performs a physical exam, finding limited range of motion and tenderness at the great tuberosity of the humerus. X-ray results show no fractures. The doctor diagnoses rotator cuff tendinopathy and prescribes an MRI to rule out any other issues. The patient is referred to physical therapy for 6-8 weeks, and if symptoms do not improve, a steroid injection is considered. The doctor also addresses the patient's foot soreness and recommends soaking in Epsom salts for relief. The patient agrees with the plan and expresses hope for improvement.",
    "Summary:\nThe patient, named Bobby, visits the doctor with complaints of persistent shoulder pain on his right side. He attributes the pain to previous injuries from playing baseball and recent work in his backyard. The pain is located on the outside of his shoulder and is more noticeable when he raises his arm. He experiences pain only when he moves his arm and also at night due to sleeping on that side. The patient has been taking Advil and icing the area for relief. The doctor evaluates the patient's vital signs and performs a physical exam, finding limited range of motion and tenderness at the great tuberosity of the humerus. X-ray results show no fractures. The doctor diagnoses rotator cuff tendinopathy and prescribes an MRI to rule out any other issues. The patient is referred to physical therapy for 6-8 weeks, and if symptoms do not improve, a steroid injection is considered. The doctor also addresses the patient's foot soreness and recommends soaking in Epsom salts for relief. The patient agrees with the plan and expresses hope for improvement."
  ],