{
  "rouge1": [
    0.41860465116279066,
    0.3869565217391304,
    0.24848484848484845,
    0.45824411134903636
  ],
  "rouge2": [
    0.16441717791411042,
    0.08733624454148473,
    0.11585365853658536,
    0.15483870967741936
  ],
  "rougeL": [
    0.2570379436964504,
    0.17826086956521742,
    0.17575757575757575,
    0.2698072805139186
  ],
  "rougeLsum": [
    0.34516523867809057,
    0.22608695652173913,
    0.1878787878787879,
    0.29978586723768735
  ],
  "bertscore_precision": [
    0.6275864839553833,
    0.5967620611190796,
    0.5671430230140686,
    0.6863671541213989
  ],
  "bertscore_recall": [
    0.5362928509712219,
    0.5693312883377075,
    0.5910192728042603,
    0.6697282791137695
  ],
  "bertscore_f1": [
    0.5783591270446777,
    0.5827240347862244,
    0.5788350105285645,
    0.677945613861084
  ],
  "bleurt": [
    0.42020994424819946,
    0.43788576126098633,
    0.43659508228302,
    0.48827528953552246
  ],
  "pred_note": [
    "The patient visited the doctor because they have a non-healing wound on their right foot. The wound has been present for about two to three weeks and started as a blister after wearing new shoes. The patient has already finished a course of antibiotics prescribed by their primary care physician, but the wound has not improved. They are unable to feel any pain in the foot due to neuropathy. The patient has not experienced any other symptoms such as fever, chills, or drainage from the wound. The doctor conducted a physical exam and noted a circular wound on the dorsal aspect of the lateral right foot, with yellow slough and minimal granulation tissue. There is no surrounding redness or cellulitis. The doctor performed an ankle brachial index (ABI) test to evaluate the blood supply to the foot and will perform debridement to remove dead tissue. The doctor will prescribe collagenase ointment and instruct the patient to wear a surgical shoe to relieve pressure on the wound. The doctor does not believe additional antibiotics are necessary but may refer the patient to a vascular specialist if the ABI indicates poor blood supply. The doctor also mentioned the importance of getting the patient's diabetes under control to facilitate wound healing, suggesting a potential diabetic consult to discuss dietary modifications. The patient did not have any further questions.",
    "The patient visited the doctor because they have a non-healing wound on their right foot. The wound has been present for about two to three weeks and started as a blister after wearing new shoes. The patient has already finished a course of antibiotics prescribed by their primary care physician, but the wound has not improved. They are unable to feel any pain in the foot due to neuropathy. The patient has not experienced any other symptoms such as fever, chills, or drainage from the wound. The doctor conducted a physical exam and noted a circular wound on the dorsal aspect of the lateral right foot, with yellow slough and minimal granulation tissue. There is no surrounding redness or cellulitis. The doctor performed an ankle brachial index (ABI) test to evaluate the blood supply to the foot and will perform debridement to remove dead tissue. The doctor will prescribe collagenase ointment and instruct the patient to wear a surgical shoe to relieve pressure on the wound. The doctor does not believe additional antibiotics are necessary but may refer the patient to a vascular specialist if the ABI indicates poor blood supply. The doctor also mentioned the importance of getting the patient's diabetes under control to facilitate wound healing, suggesting a potential diabetic consult to discuss dietary modifications. The patient did not have any further questions.",
    "The patient visited the doctor because they have a non-healing wound on their right foot. The wound has been present for about two to three weeks and started as a blister after wearing new shoes. The patient has already finished a course of antibiotics prescribed by their primary care physician, but the wound has not improved. They are unable to feel any pain in the foot due to neuropathy. The patient has not experienced any other symptoms such as fever, chills, or drainage from the wound. The doctor conducted a physical exam and noted a circular wound on the dorsal aspect of the lateral right foot, with yellow slough and minimal granulation tissue. There is no surrounding redness or cellulitis. The doctor performed an ankle brachial index (ABI) test to evaluate the blood supply to the foot and will perform debridement to remove dead tissue. The doctor will prescribe collagenase ointment and instruct the patient to wear a surgical shoe to relieve pressure on the wound. The doctor does not believe additional antibiotics are necessary but may refer the patient to a vascular specialist if the ABI indicates poor blood supply. The doctor also mentioned the importance of getting the patient's diabetes under control to facilitate wound healing, suggesting a potential diabetic consult to discuss dietary modifications. The patient did not have any further questions.",
    "The patient visited the doctor because they have a non-healing wound on their right foot. The wound has been present for about two to three weeks and started as a blister after wearing new shoes. The patient has already finished a course of antibiotics prescribed by their primary care physician, but the wound has not improved. They are unable to feel any pain in the foot due to neuropathy. The patient has not experienced any other symptoms such as fever, chills, or drainage from the wound. The doctor conducted a physical exam and noted a circular wound on the dorsal aspect of the lateral right foot, with yellow slough and minimal granulation tissue. There is no surrounding redness or cellulitis. The doctor performed an ankle brachial index (ABI) test to evaluate the blood supply to the foot and will perform debridement to remove dead tissue. The doctor will prescribe collagenase ointment and instruct the patient to wear a surgical shoe to relieve pressure on the wound. The doctor does not believe additional antibiotics are necessary but may refer the patient to a vascular specialist if the ABI indicates poor blood supply. The doctor also mentioned the importance of getting the patient's diabetes under control to facilitate wound healing, suggesting a potential diabetic consult to discuss dietary modifications. The patient did not have any further questions."
  ],