{
  "rouge1": [
    0.36302521008403354,
    0.4368932038834952,
    0.09852216748768473,
    0.30819672131147535
  ],
  "rouge2": [
    0.11129848229342326,
    0.12195121951219513,
    0.009950248756218905,
    0.06600660066006601
  ],
  "rougeL": [
    0.21176470588235294,
    0.22330097087378642,
    0.07881773399014778,
    0.17704918032786884
  ],
  "rougeLsum": [
    0.29915966386554627,
    0.2572815533980582,
    0.07881773399014778,
    0.17704918032786884
  ],
  "bertscore_precision": [
    0.676379919052124,
    0.6431130170822144,
    0.4879261553287506,
    0.6240367889404297
  ],
  "bertscore_recall": [
    0.56559818983078,
    0.6034543514251709,
    0.5668866038322449,
    0.6567211151123047
  ],
  "bertscore_f1": [
    0.616048276424408,
    0.6226528286933899,
    0.5244510173797607,
    0.6399618983268738
  ],
  "bleurt": [
    0.4655013084411621,
    0.5048781037330627,
    0.41701316833496094,
    0.5022581219673157
  ],
  "pred_note": [
    "The patient, Brandon, is experiencing neck pain and explains that it is due to multiple car crashes, with the most recent one happening in February. Brandon has previously undergone therapy and surgery for neck pain related to previous car crashes. He rates his pain as a twelve out of ten and mentions that he was prescribed fentanyl for pain relief, but has not received a prescription for several weeks. Brandon also experiences stiffness, sharp incapacitating pain, headaches, dizziness, numbness in the left arm and right leg, and spasms. The doctor performs a physical exam and notes tenderness in the neck area and limited range of movement. The doctor rules out a fracture based on previous imaging results and diagnoses Brandon with a neck sprain. The doctor recommends conservative treatment, such as applying ice, performing exercises, and prescribing robaxin for muscle relaxation. They also discuss the possibility of local injections and referral to pain medication. The doctor advises Brandon to stay off work until the results of an MRI are available.",
    "The patient, Brandon, is experiencing neck pain and explains that it is due to multiple car crashes, with the most recent one happening in February. Brandon has previously undergone therapy and surgery for neck pain related to previous car crashes. He rates his pain as a twelve out of ten and mentions that he was prescribed fentanyl for pain relief, but has not received a prescription for several weeks. Brandon also experiences stiffness, sharp incapacitating pain, headaches, dizziness, numbness in the left arm and right leg, and spasms. The doctor performs a physical exam and notes tenderness in the neck area and limited range of movement. The doctor rules out a fracture based on previous imaging results and diagnoses Brandon with a neck sprain. The doctor recommends conservative treatment, such as applying ice, performing exercises, and prescribing robaxin for muscle relaxation. They also discuss the possibility of local injections and referral to pain medication. The doctor advises Brandon to stay off work until the results of an MRI are available.",
    "The patient, Brandon, is experiencing neck pain and explains that it is due to multiple car crashes, with the most recent one happening in February. Brandon has previously undergone therapy and surgery for neck pain related to previous car crashes. He rates his pain as a twelve out of ten and mentions that he was prescribed fentanyl for pain relief, but has not received a prescription for several weeks. Brandon also experiences stiffness, sharp incapacitating pain, headaches, dizziness, numbness in the left arm and right leg, and spasms. The doctor performs a physical exam and notes tenderness in the neck area and limited range of movement. The doctor rules out a fracture based on previous imaging results and diagnoses Brandon with a neck sprain. The doctor recommends conservative treatment, such as applying ice, performing exercises, and prescribing robaxin for muscle relaxation. They also discuss the possibility of local injections and referral to pain medication. The doctor advises Brandon to stay off work until the results of an MRI are available.",
    "The patient, Brandon, is experiencing neck pain and explains that it is due to multiple car crashes, with the most recent one happening in February. Brandon has previously undergone therapy and surgery for neck pain related to previous car crashes. He rates his pain as a twelve out of ten and mentions that he was prescribed fentanyl for pain relief, but has not received a prescription for several weeks. Brandon also experiences stiffness, sharp incapacitating pain, headaches, dizziness, numbness in the left arm and right leg, and spasms. The doctor performs a physical exam and notes tenderness in the neck area and limited range of movement. The doctor rules out a fracture based on previous imaging results and diagnoses Brandon with a neck sprain. The doctor recommends conservative treatment, such as applying ice, performing exercises, and prescribing robaxin for muscle relaxation. They also discuss the possibility of local injections and referral to pain medication. The doctor advises Brandon to stay off work until the results of an MRI are available."
  ],