{
  "rouge1": [
    0.44007155635062606,
    0.39228295819935693,
    0.18930041152263374,
    0.3848396501457726
  ],
  "rouge2": [
    0.16876122082585276,
    0.1488673139158576,
    0.024896265560165977,
    0.1348973607038123
  ],
  "rougeL": [
    0.25760286225402507,
    0.19935691318327972,
    0.11522633744855969,
    0.2507288629737609
  ],
  "rougeLsum": [
    0.35062611806797855,
    0.26366559485530544,
    0.11522633744855969,
    0.2507288629737609
  ],
  "bertscore_precision": [
    0.7359642386436462,
    0.6551542282104492,
    0.54665607213974,
    0.6678034067153931
  ],
  "bertscore_recall": [
    0.5983895659446716,
    0.6734246015548706,
    0.629054069519043,
    0.6965051889419556
  ],
  "bertscore_f1": [
    0.6600847840309143,
    0.6641637682914734,
    0.5849676728248596,
    0.681852400302887
  ],
  "bleurt": [
    0.4470807909965515,
    0.527205765247345,
    0.43542027473449707,
    0.5037753582000732
  ],
  "pred_note": [
    "Summary:\nThe patient, Gregory, has had a nonhealing foot ulcer for two months. The ulcer has recently become red and is draining. The patient believes they may have gotten the ulcer from walking barefoot on the beach. They have not picked up antibiotics prescribed by their primary care physician (PCP) yet. The patient has diabetes, but their blood sugar is not regularly checked and their last A1C was around 10, indicating poor control. The doctor examines the foot and finds a circular wound with redness, drainage, and edema. There is no bone infection present, based on an x-ray. The doctor plans to order an ankle brachial index (ABI) to assess blood supply and perform a debridement to remove dead tissue. The patient will be prescribed clindamycin for the infection and will be given a surgical shoe to relieve pressure on the foot. They will return in two weeks for a follow-up. The doctor advises the patient to call the office if any issues arise between appointments, and to seek urgent care or the ER for emergencies.",
    "Summary:\nThe patient, Gregory, has had a nonhealing foot ulcer for two months. The ulcer has recently become red and is draining. The patient believes they may have gotten the ulcer from walking barefoot on the beach. They have not picked up antibiotics prescribed by their primary care physician (PCP) yet. The patient has diabetes, but their blood sugar is not regularly checked and their last A1C was around 10, indicating poor control. The doctor examines the foot and finds a circular wound with redness, drainage, and edema. There is no bone infection present, based on an x-ray. The doctor plans to order an ankle brachial index (ABI) to assess blood supply and perform a debridement to remove dead tissue. The patient will be prescribed clindamycin for the infection and will be given a surgical shoe to relieve pressure on the foot. They will return in two weeks for a follow-up. The doctor advises the patient to call the office if any issues arise between appointments, and to seek urgent care or the ER for emergencies.",
    "Summary:\nThe patient, Gregory, has had a nonhealing foot ulcer for two months. The ulcer has recently become red and is draining. The patient believes they may have gotten the ulcer from walking barefoot on the beach. They have not picked up antibiotics prescribed by their primary care physician (PCP) yet. The patient has diabetes, but their blood sugar is not regularly checked and their last A1C was around 10, indicating poor control. The doctor examines the foot and finds a circular wound with redness, drainage, and edema. There is no bone infection present, based on an x-ray. The doctor plans to order an ankle brachial index (ABI) to assess blood supply and perform a debridement to remove dead tissue. The patient will be prescribed clindamycin for the infection and will be given a surgical shoe to relieve pressure on the foot. They will return in two weeks for a follow-up. The doctor advises the patient to call the office if any issues arise between appointments, and to seek urgent care or the ER for emergencies.",
    "Summary:\nThe patient, Gregory, has had a nonhealing foot ulcer for two months. The ulcer has recently become red and is draining. The patient believes they may have gotten the ulcer from walking barefoot on the beach. They have not picked up antibiotics prescribed by their primary care physician (PCP) yet. The patient has diabetes, but their blood sugar is not regularly checked and their last A1C was around 10, indicating poor control. The doctor examines the foot and finds a circular wound with redness, drainage, and edema. There is no bone infection present, based on an x-ray. The doctor plans to order an ankle brachial index (ABI) to assess blood supply and perform a debridement to remove dead tissue. The patient will be prescribed clindamycin for the infection and will be given a surgical shoe to relieve pressure on the foot. They will return in two weeks for a follow-up. The doctor advises the patient to call the office if any issues arise between appointments, and to seek urgent care or the ER for emergencies."
  ],