{
  "rouge1": [
    0.379381443298969,
    0.44680851063829785,
    0.2764976958525346,
    0.3253968253968254
  ],
  "rouge2": [
    0.13250517598343686,
    0.12142857142857143,
    0.12093023255813953,
    0.032
  ],
  "rougeL": [
    0.2515463917525773,
    0.2553191489361702,
    0.15668202764976957,
    0.18253968253968253
  ],
  "rougeLsum": [
    0.3175257731958763,
    0.2978723404255319,
    0.15668202764976957,
    0.19841269841269843
  ],
  "bertscore_precision": [
    0.7071234583854675,
    0.6421706676483154,
    0.5595071911811829,
    0.6324104070663452
  ],
  "bertscore_recall": [
    0.5773277282714844,
    0.6566769480705261,
    0.6118077635765076,
    0.6501808762550354
  ],
  "bertscore_f1": [
    0.6356675624847412,
    0.6493427753448486,
    0.5844898223876953,
    0.6411725282669067
  ],
  "bleurt": [
    0.3391672372817993,
    0.498435914516449,
    0.43853485584259033,
    0.47939038276672363
  ],
  "pred_note": [
    "Summary:\nJerry, a 45-year-old male, visited the doctor with an ankle injury. He explains that he hurt his ankle while playing basketball with his son. The ankle is bruised and swollen, and Jerry is experiencing difficulty walking and instability. He mentions that he recently got back into working out and does not want to disrupt his routine. The doctor examines Jerry's ankle and finds exquisite tenderness on the lateral side and some tenderness over the medial deltoid region. An x-ray reveals a displaced lateral malleolus fracture, which is causing the instability. The doctor recommends surgery to repair the fracture and informs Jerry that he will need to rest for about three months. However, he can still coach starting in April. The doctor prescribes meloxicam for swelling and advises Jerry to ice the ankle and elevate it regularly.",
    "Summary:\nJerry, a 45-year-old male, visited the doctor with an ankle injury. He explains that he hurt his ankle while playing basketball with his son. The ankle is bruised and swollen, and Jerry is experiencing difficulty walking and instability. He mentions that he recently got back into working out and does not want to disrupt his routine. The doctor examines Jerry's ankle and finds exquisite tenderness on the lateral side and some tenderness over the medial deltoid region. An x-ray reveals a displaced lateral malleolus fracture, which is causing the instability. The doctor recommends surgery to repair the fracture and informs Jerry that he will need to rest for about three months. However, he can still coach starting in April. The doctor prescribes meloxicam for swelling and advises Jerry to ice the ankle and elevate it regularly.",
    "Summary:\nJerry, a 45-year-old male, visited the doctor with an ankle injury. He explains that he hurt his ankle while playing basketball with his son. The ankle is bruised and swollen, and Jerry is experiencing difficulty walking and instability. He mentions that he recently got back into working out and does not want to disrupt his routine. The doctor examines Jerry's ankle and finds exquisite tenderness on the lateral side and some tenderness over the medial deltoid region. An x-ray reveals a displaced lateral malleolus fracture, which is causing the instability. The doctor recommends surgery to repair the fracture and informs Jerry that he will need to rest for about three months. However, he can still coach starting in April. The doctor prescribes meloxicam for swelling and advises Jerry to ice the ankle and elevate it regularly.",
    "Summary:\nJerry, a 45-year-old male, visited the doctor with an ankle injury. He explains that he hurt his ankle while playing basketball with his son. The ankle is bruised and swollen, and Jerry is experiencing difficulty walking and instability. He mentions that he recently got back into working out and does not want to disrupt his routine. The doctor examines Jerry's ankle and finds exquisite tenderness on the lateral side and some tenderness over the medial deltoid region. An x-ray reveals a displaced lateral malleolus fracture, which is causing the instability. The doctor recommends surgery to repair the fracture and informs Jerry that he will need to rest for about three months. However, he can still coach starting in April. The doctor prescribes meloxicam for swelling and advises Jerry to ice the ankle and elevate it regularly."
  ],