{
  "rouge1": [
    0.43327556325823224,
    0.35359116022099446,
    0.28099173553719003,
    0.3446153846153846
  ],
  "rouge2": [
    0.12869565217391307,
    0.07777777777777778,
    0.1,
    0.08668730650154799
  ],
  "rougeL": [
    0.2357019064124783,
    0.1712707182320442,
    0.17355371900826444,
    0.16615384615384615
  ],
  "rougeLsum": [
    0.30849220103986136,
    0.1933701657458564,
    0.19008264462809918,
    0.16615384615384615
  ],
  "bertscore_precision": [
    0.6669960021972656,
    0.6398651599884033,
    0.5610665082931519,
    0.628041684627533
  ],
  "bertscore_recall": [
    0.5741419792175293,
    0.6238689422607422,
    0.6573761701583862,
    0.6428928375244141
  ],
  "bertscore_f1": [
    0.6170955896377563,
    0.6317658424377441,
    0.6054150462150574,
    0.6353804469108582
  ],
  "bleurt": [
    0.3930257558822632,
    0.4652402400970459,
    0.45789939165115356,
    0.530292272567749
  ],
  "pred_note": [
    "Summary:\nThe patient, Jack, presents to the doctor with neck pain following a car accident. The accident occurred a week ago and the pain is rated as a seven on a scale of one to ten. The pain is experienced when moving the head and is located in the back of the neck. Ibuprofen provided minimal relief. The patient has had some headaches but no other symptoms such as hearing or visual disturbances. There is no swelling or bruising on the neck. During the physical examination, pressing on the side of the neck and flexion and extension of the neck caused pain. There is also pain with rotation and lateral bending. X-ray results showed no fractures or bony abnormalities. The doctor diagnoses the patient with neck strain or whiplash. Treatment involves anti-inflammatories (Motrin), a muscle relaxant (Flexeril), and conservative neck movement. An MRI is ordered to rule out a concussion and assess for nerve impingement. Referral to physical rehab or a chiropractor is considered. The patient expresses concerns about chiropractic treatment, but other options are discussed. The patient has no further questions.",
    "Summary:\nThe patient, Jack, presents to the doctor with neck pain following a car accident. The accident occurred a week ago and the pain is rated as a seven on a scale of one to ten. The pain is experienced when moving the head and is located in the back of the neck. Ibuprofen provided minimal relief. The patient has had some headaches but no other symptoms such as hearing or visual disturbances. There is no swelling or bruising on the neck. During the physical examination, pressing on the side of the neck and flexion and extension of the neck caused pain. There is also pain with rotation and lateral bending. X-ray results showed no fractures or bony abnormalities. The doctor diagnoses the patient with neck strain or whiplash. Treatment involves anti-inflammatories (Motrin), a muscle relaxant (Flexeril), and conservative neck movement. An MRI is ordered to rule out a concussion and assess for nerve impingement. Referral to physical rehab or a chiropractor is considered. The patient expresses concerns about chiropractic treatment, but other options are discussed. The patient has no further questions.",
    "Summary:\nThe patient, Jack, presents to the doctor with neck pain following a car accident. The accident occurred a week ago and the pain is rated as a seven on a scale of one to ten. The pain is experienced when moving the head and is located in the back of the neck. Ibuprofen provided minimal relief. The patient has had some headaches but no other symptoms such as hearing or visual disturbances. There is no swelling or bruising on the neck. During the physical examination, pressing on the side of the neck and flexion and extension of the neck caused pain. There is also pain with rotation and lateral bending. X-ray results showed no fractures or bony abnormalities. The doctor diagnoses the patient with neck strain or whiplash. Treatment involves anti-inflammatories (Motrin), a muscle relaxant (Flexeril), and conservative neck movement. An MRI is ordered to rule out a concussion and assess for nerve impingement. Referral to physical rehab or a chiropractor is considered. The patient expresses concerns about chiropractic treatment, but other options are discussed. The patient has no further questions.",
    "Summary:\nThe patient, Jack, presents to the doctor with neck pain following a car accident. The accident occurred a week ago and the pain is rated as a seven on a scale of one to ten. The pain is experienced when moving the head and is located in the back of the neck. Ibuprofen provided minimal relief. The patient has had some headaches but no other symptoms such as hearing or visual disturbances. There is no swelling or bruising on the neck. During the physical examination, pressing on the side of the neck and flexion and extension of the neck caused pain. There is also pain with rotation and lateral bending. X-ray results showed no fractures or bony abnormalities. The doctor diagnoses the patient with neck strain or whiplash. Treatment involves anti-inflammatories (Motrin), a muscle relaxant (Flexeril), and conservative neck movement. An MRI is ordered to rule out a concussion and assess for nerve impingement. Referral to physical rehab or a chiropractor is considered. The patient expresses concerns about chiropractic treatment, but other options are discussed. The patient has no further questions."
  ],