{
  "rouge1": [
    0.41379310344827586,
    0.37150127226463103,
    0.15555555555555556,
    0.3956639566395664
  ],
  "rouge2": [
    0.10873146622734761,
    0.06649616368286446,
    0.05970149253731343,
    0.07084468664850135
  ],
  "rougeL": [
    0.2200328407224959,
    0.15267175572519084,
    0.11851851851851852,
    0.1788617886178862
  ],
  "rougeLsum": [
    0.2889983579638752,
    0.15776081424936386,
    0.13333333333333333,
    0.1788617886178862
  ],
  "bertscore_precision": [
    0.6342616081237793,
    0.5989490747451782,
    0.47169554233551025,
    0.5869694948196411
  ],
  "bertscore_recall": [
    0.5643610954284668,
    0.6238606572151184,
    0.5242924094200134,
    0.6299917697906494
  ],
  "bertscore_f1": [
    0.5972731113433838,
    0.6111510992050171,
    0.49660518765449524,
    0.6077201962471008
  ],
  "bleurt": [
    0.3829115033149719,
    0.4635433554649353,
    0.4704151749610901,
    0.5082530975341797
  ],
  "pred_note": [
    "In this dialogue, the patient (Charles) and the doctor discuss Charles' breathing difficulties. Charles mentions that he has been experiencing shortness of breath and catches his breath more often than before. The doctor asks about other symptoms and Charles mentions that his eyes water and he sometimes gets eyebugers, similar to his dog. The doctor suggests that it could be allergies and asks if Charles has noticed any rashes, nausea, or vomiting. Charles mentions that he has diarrhea after heavy drinking but no other symptoms. The doctor asks about any history of allergies and Charles says there is none. Charles mentions that he experiences symptoms in all three situations - at home, around the cat, and outside the house. The doctor performs a physical exam and finds faint expiratory wheezing in Charles' lung fields. The doctor reviews Charles' chest x-ray and pulmonary function test, both of which were normal. The doctor diagnoses Charles with newly diagnosed allergic asthma and prescribes an albuterol inhaler and Singulair to manage the asthma. The doctor also plans to proceed with allergy testing to identify potential triggers for Charles' symptoms. Charles asks if he should bring his cats to the appointment, and the doctor confirms that he should. The doctor schedules a follow-up appointment for next week to schedule the skin testing.",
    "In this dialogue, the patient (Charles) and the doctor discuss Charles' breathing difficulties. Charles mentions that he has been experiencing shortness of breath and catches his breath more often than before. The doctor asks about other symptoms and Charles mentions that his eyes water and he sometimes gets eyebugers, similar to his dog. The doctor suggests that it could be allergies and asks if Charles has noticed any rashes, nausea, or vomiting. Charles mentions that he has diarrhea after heavy drinking but no other symptoms. The doctor asks about any history of allergies and Charles says there is none. Charles mentions that he experiences symptoms in all three situations - at home, around the cat, and outside the house. The doctor performs a physical exam and finds faint expiratory wheezing in Charles' lung fields. The doctor reviews Charles' chest x-ray and pulmonary function test, both of which were normal. The doctor diagnoses Charles with newly diagnosed allergic asthma and prescribes an albuterol inhaler and Singulair to manage the asthma. The doctor also plans to proceed with allergy testing to identify potential triggers for Charles' symptoms. Charles asks if he should bring his cats to the appointment, and the doctor confirms that he should. The doctor schedules a follow-up appointment for next week to schedule the skin testing.",
    "In this dialogue, the patient (Charles) and the doctor discuss Charles' breathing difficulties. Charles mentions that he has been experiencing shortness of breath and catches his breath more often than before. The doctor asks about other symptoms and Charles mentions that his eyes water and he sometimes gets eyebugers, similar to his dog. The doctor suggests that it could be allergies and asks if Charles has noticed any rashes, nausea, or vomiting. Charles mentions that he has diarrhea after heavy drinking but no other symptoms. The doctor asks about any history of allergies and Charles says there is none. Charles mentions that he experiences symptoms in all three situations - at home, around the cat, and outside the house. The doctor performs a physical exam and finds faint expiratory wheezing in Charles' lung fields. The doctor reviews Charles' chest x-ray and pulmonary function test, both of which were normal. The doctor diagnoses Charles with newly diagnosed allergic asthma and prescribes an albuterol inhaler and Singulair to manage the asthma. The doctor also plans to proceed with allergy testing to identify potential triggers for Charles' symptoms. Charles asks if he should bring his cats to the appointment, and the doctor confirms that he should. The doctor schedules a follow-up appointment for next week to schedule the skin testing.",
    "In this dialogue, the patient (Charles) and the doctor discuss Charles' breathing difficulties. Charles mentions that he has been experiencing shortness of breath and catches his breath more often than before. The doctor asks about other symptoms and Charles mentions that his eyes water and he sometimes gets eyebugers, similar to his dog. The doctor suggests that it could be allergies and asks if Charles has noticed any rashes, nausea, or vomiting. Charles mentions that he has diarrhea after heavy drinking but no other symptoms. The doctor asks about any history of allergies and Charles says there is none. Charles mentions that he experiences symptoms in all three situations - at home, around the cat, and outside the house. The doctor performs a physical exam and finds faint expiratory wheezing in Charles' lung fields. The doctor reviews Charles' chest x-ray and pulmonary function test, both of which were normal. The doctor diagnoses Charles with newly diagnosed allergic asthma and prescribes an albuterol inhaler and Singulair to manage the asthma. The doctor also plans to proceed with allergy testing to identify potential triggers for Charles' symptoms. Charles asks if he should bring his cats to the appointment, and the doctor confirms that he should. The doctor schedules a follow-up appointment for next week to schedule the skin testing."
  ],