{
  "rouge1": [
    0.43710021321961623,
    0.17375231053604437,
    0.1616161616161616,
    0.3774647887323944
  ],
  "rouge2": [
    0.14743589743589744,
    0.05565862708719851,
    0.04054054054054054,
    0.13559322033898308
  ],
  "rougeL": [
    0.2046908315565032,
    0.08872458410351203,
    0.08417508417508417,
    0.18028169014084508
  ],
  "rougeLsum": [
    0.3987206823027719,
    0.09981515711645103,
    0.14814814814814817,
    0.3352112676056338
  ],
  "bertscore_precision": [
    0.606400191783905,
    0.5172623991966248,
    0.5162768363952637,
    0.603110671043396
  ],
  "bertscore_recall": [
    0.5982561111450195,
    0.6641465425491333,
    0.5734747648239136,
    0.639910101890564
  ],
  "bertscore_f1": [
    0.6023005843162537,
    0.581573486328125,
    0.5433747172355652,
    0.6209656596183777
  ],
  "bleurt": [
    0.3700687289237976,
    0.5005587935447693,
    0.39165180921554565,
    0.40346473455429077
  ],
  "pred_note": [
    "Summary:\n\nThe patient, Kyle, initially went to see his primary care physician (PCP) for a cough, which was diagnosed as bronchitis. However, a chest x-ray revealed a lung nodule, which was confirmed by a CT scan. Kyle was then referred to the doctor he is currently seeing for further evaluation. Kyle expresses his nervousness about the situation.\n\nThe doctor assures Kyle that they will work together as a team and offers support to alleviate his nervousness. They discuss the duration of Kyle's cough, which started about three months ago after he loaded hay while taking care of his horses. Kyle mentions that he exercises frequently, especially biking, and rarely gets sick. The cough has since gone away.\n\nThe doctor shares their own love for biking and the new trails in the area. They promise to help Kyle and even suggest going for a bike ride together. The doctor then asks about Kyle's rheumatoid arthritis (RA) and how he manages it. Kyle mentions taking methotrexate and staying active, with occasional problems in his hands but no recent flares.\n\nThe doctor notes that Kyle had previously smoked but has quit seven years ago, which is good for his health. They inquire about any pain or shortness of breath, to which Kyle responds negatively. The doctor asks about family history, specifically any lung cancer or other malignancies, to which Kyle mentions his mother's breast cancer but states that she is doing well.\n\nThe doctor proceeds with a physical examination, finding no abnormalities except for minor swelling in Kyle's knuckles due to his RA. The doctor reviews the results of the chest CT, which showed a two-centimeter nodule in the right upper lobe of Kyle's lung. They note its smooth appearance and the absence of emphysematous disease.\n\nBased on their assessment, the doctor recommends conducting pulmonary function tests (PFT) to establish a baseline for lung function and schedules a PET-CT scan to determine the metabolic activity of the nodule, which can indicate if it's cancerous or inflammatory. The doctor proposes removing the nodule through video-assisted thoracoscopy, which would involve three small incisions on the side of Kyle's right chest. They will use a camera and scope to remove the nodule and a small portion of the lung under general anesthesia. Kyle would stay in the hospital for one night and have a chest tube until the following day.\n\nRegarding his RA, the doctor advises Kyle to continue following up with his rheumatologist and adhering to his medication therapy. The doctor asks if Kyle has any questions or concerns, to which Kyle expresses his fear but acknowledges that he will be okay. The doctor reassures him and goes to get the necessary paperwork to proceed with treatment.",
    "Summary:\n\nThe patient, Kyle, initially went to see his primary care physician (PCP) for a cough, which was diagnosed as bronchitis. However, a chest x-ray revealed a lung nodule, which was confirmed by a CT scan. Kyle was then referred to the doctor he is currently seeing for further evaluation. Kyle expresses his nervousness about the situation.\n\nThe doctor assures Kyle that they will work together as a team and offers support to alleviate his nervousness. They discuss the duration of Kyle's cough, which started about three months ago after he loaded hay while taking care of his horses. Kyle mentions that he exercises frequently, especially biking, and rarely gets sick. The cough has since gone away.\n\nThe doctor shares their own love for biking and the new trails in the area. They promise to help Kyle and even suggest going for a bike ride together. The doctor then asks about Kyle's rheumatoid arthritis (RA) and how he manages it. Kyle mentions taking methotrexate and staying active, with occasional problems in his hands but no recent flares.\n\nThe doctor notes that Kyle had previously smoked but has quit seven years ago, which is good for his health. They inquire about any pain or shortness of breath, to which Kyle responds negatively. The doctor asks about family history, specifically any lung cancer or other malignancies, to which Kyle mentions his mother's breast cancer but states that she is doing well.\n\nThe doctor proceeds with a physical examination, finding no abnormalities except for minor swelling in Kyle's knuckles due to his RA. The doctor reviews the results of the chest CT, which showed a two-centimeter nodule in the right upper lobe of Kyle's lung. They note its smooth appearance and the absence of emphysematous disease.\n\nBased on their assessment, the doctor recommends conducting pulmonary function tests (PFT) to establish a baseline for lung function and schedules a PET-CT scan to determine the metabolic activity of the nodule, which can indicate if it's cancerous or inflammatory. The doctor proposes removing the nodule through video-assisted thoracoscopy, which would involve three small incisions on the side of Kyle's right chest. They will use a camera and scope to remove the nodule and a small portion of the lung under general anesthesia. Kyle would stay in the hospital for one night and have a chest tube until the following day.\n\nRegarding his RA, the doctor advises Kyle to continue following up with his rheumatologist and adhering to his medication therapy. The doctor asks if Kyle has any questions or concerns, to which Kyle expresses his fear but acknowledges that he will be okay. The doctor reassures him and goes to get the necessary paperwork to proceed with treatment.",
