{
  "rouge1": [
    0.3923611111111111,
    0.31465517241379315,
    0.10187667560321716,
    0.15104166666666666
  ],
  "rouge2": [
    0.12195121951219512,
    0.10389610389610388,
    0.010781671159029648,
    0.04712041884816753
  ],
  "rougeL": [
    0.22569444444444445,
    0.1853448275862069,
    0.07506702412868634,
    0.11458333333333333
  ],
  "rougeLsum": [
    0.3541666666666667,
    0.25431034482758624,
    0.09115281501340483,
    0.13020833333333334
  ],
  "bertscore_precision": [
    0.6060765385627747,
    0.5606988668441772,
    0.4137043058872223,
    0.4495122730731964
  ],
  "bertscore_recall": [
    0.6098670959472656,
    0.6446400880813599,
    0.5325425267219543,
    0.5954368710517883
  ],
  "bertscore_f1": [
    0.6079659461975098,
    0.599746584892273,
    0.46566101908683777,
    0.5122855305671692
  ],
  "bleurt": [
    0.445953905582428,
    0.5531425476074219,
    0.5551362037658691,
    0.6015297174453735
  ],
  "pred_note": [
    "Patient: The patient was raking leaves in their yard and shortly after, their back started tightening up and they experienced pins and needles in their right foot. They had a similar back pain episode three years ago but it resolved after a day. The patient tried icing and taking two Advils, but it provided no relief. The pain is worse when bending over and improves when sitting or after a hot shower. The patient does not engage in regular physical activity.\n\nDoctor: The doctor examined the patient's lower back and found pain upon palpation around the L5. The patient's partner reported that the pain is worse when standing up. The patient also experienced pain when the doctor pushed on their back. The patient mentioned tingling in their right leg. An X-ray was taken, which showed no abnormalities. The doctor diagnosed the patient with a sprained low back and prescribed rest, meloxicam, and physical therapy. If the symptoms do not improve after two weeks, an MRI may be considered.\n\nPatient's Partner: The patient's partner expressed concern about the patient's pain and high pain tolerance. They thought the pain was more significant this time compared to a similar incident last week.\n\nDoctor: The doctor acknowledged the partner's concern and decided to monitor the patient's condition for two weeks before considering an MRI. The doctor also mentioned that the patient recently had surgery.\n\nMedical information: Patient experienced sudden back pain and pins and needles in right foot after raking leaves. History of previous back pain episode. Pain worsened with bending over, improved when sitting or after hot shower. Pain upon palpation around L5. Tingling sensation in right leg. X-ray showed no abnormalities. Diagnosis: sprained low back. Treatment: rest, meloxicam medication, physical therapy. MRI may be considered if symptoms do not improve after two weeks. The patient's partner expressed concern and suggested an immediate MRI, but the doctor advised monitoring for two weeks first.",
    "Patient: The patient was raking leaves in their yard and shortly after, their back started tightening up and they experienced pins and needles in their right foot. They had a similar back pain episode three years ago but it resolved after a day. The patient tried icing and taking two Advils, but it provided no relief. The pain is worse when bending over and improves when sitting or after a hot shower. The patient does not engage in regular physical activity.\n\nDoctor: The doctor examined the patient's lower back and found pain upon palpation around the L5. The patient's partner reported that the pain is worse when standing up. The patient also experienced pain when the doctor pushed on their back. The patient mentioned tingling in their right leg. An X-ray was taken, which showed no abnormalities. The doctor diagnosed the patient with a sprained low back and prescribed rest, meloxicam, and physical therapy. If the symptoms do not improve after two weeks, an MRI may be considered.\n\nPatient's Partner: The patient's partner expressed concern about the patient's pain and high pain tolerance. They thought the pain was more significant this time compared to a similar incident last week.\n\nDoctor: The doctor acknowledged the partner's concern and decided to monitor the patient's condition for two weeks before considering an MRI. The doctor also mentioned that the patient recently had surgery.\n\nMedical information: Patient experienced sudden back pain and pins and needles in right foot after raking leaves. History of previous back pain episode. Pain worsened with bending over, improved when sitting or after hot shower. Pain upon palpation around L5. Tingling sensation in right leg. X-ray showed no abnormalities. Diagnosis: sprained low back. Treatment: rest, meloxicam medication, physical therapy. MRI may be considered if symptoms do not improve after two weeks. The patient's partner expressed concern and suggested an immediate MRI, but the doctor advised monitoring for two weeks first.",
    "Patient: The patient was raking leaves in their yard and shortly after, their back started tightening up and they experienced pins and needles in their right foot. They had a similar back pain episode three years ago but it resolved after a day. The patient tried icing and taking two Advils, but it provided no relief. The pain is worse when bending over and improves when sitting or after a hot shower. The patient does not engage in regular physical activity.\n\nDoctor: The doctor examined the patient's lower back and found pain upon palpation around the L5. The patient's partner reported that the pain is worse when standing up. The patient also experienced pain when the doctor pushed on their back. The patient mentioned tingling in their right leg. An X-ray was taken, which showed no abnormalities. The doctor diagnosed the patient with a sprained low back and prescribed rest, meloxicam, and physical therapy. If the symptoms do not improve after two weeks, an MRI may be considered.\n\nPatient's Partner: The patient's partner expressed concern about the patient's pain and high pain tolerance. They thought the pain was more significant this time compared to a similar incident last week.\n\nDoctor: The doctor acknowledged the partner's concern and decided to monitor the patient's condition for two weeks before considering an MRI. The doctor also mentioned that the patient recently had surgery.\n\nMedical information: Patient experienced sudden back pain and pins and needles in right foot after raking leaves. History of previous back pain episode. Pain worsened with bending over, improved when sitting or after hot shower. Pain upon palpation around L5. Tingling sensation in right leg. X-ray showed no abnormalities. Diagnosis: sprained low back. Treatment: rest, meloxicam medication, physical therapy. MRI may be considered if symptoms do not improve after two weeks. The patient's partner expressed concern and suggested an immediate MRI, but the doctor advised monitoring for two weeks first.",
