{
  "rouge1": [
    0.4335378323108384,
    0.2836879432624113,
    0.13427561837455831,
    0.38153846153846155
  ],
  "rouge2": [
    0.13963039014373715,
    0.07857142857142857,
    0.03558718861209965,
    0.13003095975232196
  ],
  "rougeL": [
    0.23312883435582823,
    0.17730496453900707,
    0.0989399293286219,
    0.24000000000000002
  ],
  "rougeLsum": [
    0.35173824130879344,
    0.17730496453900707,
    0.12014134275618374,
    0.3076923076923077
  ],
  "bertscore_precision": [
    0.6553305387496948,
    0.5599414706230164,
    0.4657230079174042,
    0.637270450592041
  ],
  "bertscore_recall": [
    0.5572342872619629,
    0.6812405586242676,
    0.507087230682373,
    0.6700408458709717
  ],
  "bertscore_f1": [
    0.6023144721984863,
    0.6146637797355652,
    0.4855256974697113,
    0.6532449126243591
  ],
  "bleurt": [
    0.42434167861938477,
    0.5233142971992493,
    0.4220300316810608,
    0.5265405178070068
  ],
  "pred_note": [
    "Summary:\nThe patient, Jacqueline, is anxious about her recent blood work which indicates that she has hepatitis C. She has never been told about this before and denies any history of IV drug use or known hepatitis C positive partners. She used to use IV drugs and drink heavily in the past but has been clean for over fifteen years. Currently, she drinks about one beer a day and smokes one to two cigarettes a day. She also mentions feeling tired at the end of the day. She has a family history of hypertension, diabetes, and depression. The doctor performs a physical exam and finds no significant abnormalities except for a 2/6 systolic murmur on heart exam. The doctor informs Jacqueline that her HCV antibody test was positive and her liver panel showed an elevated AST but other liver enzymes were within normal limits. The doctor plans to confirm the diagnosis and determine the severity of liver disease through additional blood work and an ultrasound. Jacqueline asks if her wife and children should be tested as well, and the doctor recommends starting with the same screening for them. The appointment ends with the nurse scheduling future appointments and Jacqueline will follow up with the doctor in three weeks.",
    "Summary:\nThe patient, Jacqueline, is anxious about her recent blood work which indicates that she has hepatitis C. She has never been told about this before and denies any history of IV drug use or known hepatitis C positive partners. She used to use IV drugs and drink heavily in the past but has been clean for over fifteen years. Currently, she drinks about one beer a day and smokes one to two cigarettes a day. She also mentions feeling tired at the end of the day. She has a family history of hypertension, diabetes, and depression. The doctor performs a physical exam and finds no significant abnormalities except for a 2/6 systolic murmur on heart exam. The doctor informs Jacqueline that her HCV antibody test was positive and her liver panel showed an elevated AST but other liver enzymes were within normal limits. The doctor plans to confirm the diagnosis and determine the severity of liver disease through additional blood work and an ultrasound. Jacqueline asks if her wife and children should be tested as well, and the doctor recommends starting with the same screening for them. The appointment ends with the nurse scheduling future appointments and Jacqueline will follow up with the doctor in three weeks.",
    "Summary:\nThe patient, Jacqueline, is anxious about her recent blood work which indicates that she has hepatitis C. She has never been told about this before and denies any history of IV drug use or known hepatitis C positive partners. She used to use IV drugs and drink heavily in the past but has been clean for over fifteen years. Currently, she drinks about one beer a day and smokes one to two cigarettes a day. She also mentions feeling tired at the end of the day. She has a family history of hypertension, diabetes, and depression. The doctor performs a physical exam and finds no significant abnormalities except for a 2/6 systolic murmur on heart exam. The doctor informs Jacqueline that her HCV antibody test was positive and her liver panel showed an elevated AST but other liver enzymes were within normal limits. The doctor plans to confirm the diagnosis and determine the severity of liver disease through additional blood work and an ultrasound. Jacqueline asks if her wife and children should be tested as well, and the doctor recommends starting with the same screening for them. The appointment ends with the nurse scheduling future appointments and Jacqueline will follow up with the doctor in three weeks.",
    "Summary:\nThe patient, Jacqueline, is anxious about her recent blood work which indicates that she has hepatitis C. She has never been told about this before and denies any history of IV drug use or known hepatitis C positive partners. She used to use IV drugs and drink heavily in the past but has been clean for over fifteen years. Currently, she drinks about one beer a day and smokes one to two cigarettes a day. She also mentions feeling tired at the end of the day. She has a family history of hypertension, diabetes, and depression. The doctor performs a physical exam and finds no significant abnormalities except for a 2/6 systolic murmur on heart exam. The doctor informs Jacqueline that her HCV antibody test was positive and her liver panel showed an elevated AST but other liver enzymes were within normal limits. The doctor plans to confirm the diagnosis and determine the severity of liver disease through additional blood work and an ultrasound. Jacqueline asks if her wife and children should be tested as well, and the doctor recommends starting with the same screening for them. The appointment ends with the nurse scheduling future appointments and Jacqueline will follow up with the doctor in three weeks."
  ],