{
  "rouge1": [
    0.3686635944700461,
    0.43817787418655096,
    0.19607843137254904,
    0.32525951557093424
  ],
  "rouge2": [
    0.14791987673343607,
    0.16122004357298472,
    0.0632411067193676,
    0.06271777003484322
  ],
  "rougeL": [
    0.23348694316436253,
    0.21258134490238612,
    0.1568627450980392,
    0.19377162629757785
  ],
  "rougeLsum": [
    0.30414746543778803,
    0.21691973969631234,
    0.16470588235294117,
    0.19377162629757785
  ],
  "bertscore_precision": [
    0.6594069004058838,
    0.6730930805206299,
    0.534247100353241,
    0.5766428709030151
  ],
  "bertscore_recall": [
    0.5572966933250427,
    0.6330407857894897,
    0.5699150562286377,
    0.6722976565361023
  ],
  "bertscore_f1": [
    0.6040670275688171,
    0.652452826499939,
    0.551504909992218,
    0.6208072304725647
  ],
  "bleurt": [
    0.39789098501205444,
    0.4833582639694214,
    0.4338560700416565,
    0.4966878294944763
  ],
  "pred_note": [
    "The patient, Michelle, injured her knee while skiing and had to be taken down the hill by the ski patrol. She is experiencing pain on the outside of her knee and feels like it won't hold her weight. She is unable to fully bend or straighten her knee, and experiences pain when trying to straighten it completely. She does not have any numbness or tingling in her toes and can feel them fine. Michelle leads an active lifestyle, chasing after her two four-year-old children. Her husband helps out, but he is often away for work. The doctor performs a physical exam and finds edema and an effusion over the right knee, as well as decreased flexion and extension. A positive Lachman sign is also observed. The doctor suspects a ruptured ACL and orders a knee MRI to confirm. Michelle is currently taking ibuprofen for pain, which helps somewhat. The doctor prescribes a knee brace for additional support. The next steps will be determined based on the MRI results. Michelle does not have any specific exercise preferences, but hopes to eventually get back to running.",
    "The patient, Michelle, injured her knee while skiing and had to be taken down the hill by the ski patrol. She is experiencing pain on the outside of her knee and feels like it won't hold her weight. She is unable to fully bend or straighten her knee, and experiences pain when trying to straighten it completely. She does not have any numbness or tingling in her toes and can feel them fine. Michelle leads an active lifestyle, chasing after her two four-year-old children. Her husband helps out, but he is often away for work. The doctor performs a physical exam and finds edema and an effusion over the right knee, as well as decreased flexion and extension. A positive Lachman sign is also observed. The doctor suspects a ruptured ACL and orders a knee MRI to confirm. Michelle is currently taking ibuprofen for pain, which helps somewhat. The doctor prescribes a knee brace for additional support. The next steps will be determined based on the MRI results. Michelle does not have any specific exercise preferences, but hopes to eventually get back to running.",
    "The patient, Michelle, injured her knee while skiing and had to be taken down the hill by the ski patrol. She is experiencing pain on the outside of her knee and feels like it won't hold her weight. She is unable to fully bend or straighten her knee, and experiences pain when trying to straighten it completely. She does not have any numbness or tingling in her toes and can feel them fine. Michelle leads an active lifestyle, chasing after her two four-year-old children. Her husband helps out, but he is often away for work. The doctor performs a physical exam and finds edema and an effusion over the right knee, as well as decreased flexion and extension. A positive Lachman sign is also observed. The doctor suspects a ruptured ACL and orders a knee MRI to confirm. Michelle is currently taking ibuprofen for pain, which helps somewhat. The doctor prescribes a knee brace for additional support. The next steps will be determined based on the MRI results. Michelle does not have any specific exercise preferences, but hopes to eventually get back to running.",
    "The patient, Michelle, injured her knee while skiing and had to be taken down the hill by the ski patrol. She is experiencing pain on the outside of her knee and feels like it won't hold her weight. She is unable to fully bend or straighten her knee, and experiences pain when trying to straighten it completely. She does not have any numbness or tingling in her toes and can feel them fine. Michelle leads an active lifestyle, chasing after her two four-year-old children. Her husband helps out, but he is often away for work. The doctor performs a physical exam and finds edema and an effusion over the right knee, as well as decreased flexion and extension. A positive Lachman sign is also observed. The doctor suspects a ruptured ACL and orders a knee MRI to confirm. Michelle is currently taking ibuprofen for pain, which helps somewhat. The doctor prescribes a knee brace for additional support. The next steps will be determined based on the MRI results. Michelle does not have any specific exercise preferences, but hopes to eventually get back to running."
  ],