{
  "rouge1": [
    0.3434343434343434,
    0.13215859030837004,
    0.05957446808510638,
    0.37593984962406013
  ],
  "rouge2": [
    0.10953346855983773,
    0.035555555555555556,
    0.017167381974248927,
    0.11083123425692695
  ],
  "rougeL": [
    0.17777777777777776,
    0.09691629955947137,
    0.04255319148936171,
    0.20551378446115284
  ],
  "rougeLsum": [
    0.33131313131313134,
    0.1145374449339207,
    0.05957446808510638,
    0.3558897243107769
  ],
  "bertscore_precision": [
    0.6344242095947266,
    0.5036488771438599,
    0.4715217649936676,
    0.6633580923080444
  ],
  "bertscore_recall": [
    0.5637273192405701,
    0.571556031703949,
    0.5140191316604614,
    0.6247637271881104
  ],
  "bertscore_f1": [
    0.5969899892807007,
    0.5354580879211426,
    0.491854190826416,
    0.6434826850891113
  ],
  "bleurt": [
    0.3412817120552063,
    0.4906492829322815,
    0.404430627822876,
    0.5572469234466553
  ],
  "pred_note": [
    "Summary:\n- The patient, Angela, is experiencing kidney stone pain, but believes the stone has passed.\n- She has a history of hypertension and diabetes.\n- The doctor suggests a referral to a urologist for further evaluation of the recurring kidney stones.\n- The doctor notes that Angela's blood pressure is slightly elevated and suggests monitoring it outside of the clinic to rule out white coat syndrome.\n- The doctor advises Angela to improve her diet, limiting sodium intake, and potentially seeking the help of a dietitian.\n- Angela is taking her prescribed metformin for diabetes, but does not check her blood sugar levels regularly.\n- The doctor recommends blood sugar monitoring before each meal to determine appropriate food intake.\n- The doctor performs a physical exam and suggests a urinalysis and urine culture to ensure the kidney stone has passed.\n- Angela requests a referral to see a specific urologist, Dr. Harris.\n- The doctor plans to continue Angela's current hypertension medication and prescribes a consult with a nutritionist.\n- Angela is encouraged to practice good sleep hygiene and is given the option to take melatonin as needed for insomnia.\n- A follow-up appointment is scheduled in three months.",
    "Summary:\n- The patient, Angela, is experiencing kidney stone pain, but believes the stone has passed.\n- She has a history of hypertension and diabetes.\n- The doctor suggests a referral to a urologist for further evaluation of the recurring kidney stones.\n- The doctor notes that Angela's blood pressure is slightly elevated and suggests monitoring it outside of the clinic to rule out white coat syndrome.\n- The doctor advises Angela to improve her diet, limiting sodium intake, and potentially seeking the help of a dietitian.\n- Angela is taking her prescribed metformin for diabetes, but does not check her blood sugar levels regularly.\n- The doctor recommends blood sugar monitoring before each meal to determine appropriate food intake.\n- The doctor performs a physical exam and suggests a urinalysis and urine culture to ensure the kidney stone has passed.\n- Angela requests a referral to see a specific urologist, Dr. Harris.\n- The doctor plans to continue Angela's current hypertension medication and prescribes a consult with a nutritionist.\n- Angela is encouraged to practice good sleep hygiene and is given the option to take melatonin as needed for insomnia.\n- A follow-up appointment is scheduled in three months.",
    "Summary:\n- The patient, Angela, is experiencing kidney stone pain, but believes the stone has passed.\n- She has a history of hypertension and diabetes.\n- The doctor suggests a referral to a urologist for further evaluation of the recurring kidney stones.\n- The doctor notes that Angela's blood pressure is slightly elevated and suggests monitoring it outside of the clinic to rule out white coat syndrome.\n- The doctor advises Angela to improve her diet, limiting sodium intake, and potentially seeking the help of a dietitian.\n- Angela is taking her prescribed metformin for diabetes, but does not check her blood sugar levels regularly.\n- The doctor recommends blood sugar monitoring before each meal to determine appropriate food intake.\n- The doctor performs a physical exam and suggests a urinalysis and urine culture to ensure the kidney stone has passed.\n- Angela requests a referral to see a specific urologist, Dr. Harris.\n- The doctor plans to continue Angela's current hypertension medication and prescribes a consult with a nutritionist.\n- Angela is encouraged to practice good sleep hygiene and is given the option to take melatonin as needed for insomnia.\n- A follow-up appointment is scheduled in three months.",
    "Summary:\n- The patient, Angela, is experiencing kidney stone pain, but believes the stone has passed.\n- She has a history of hypertension and diabetes.\n- The doctor suggests a referral to a urologist for further evaluation of the recurring kidney stones.\n- The doctor notes that Angela's blood pressure is slightly elevated and suggests monitoring it outside of the clinic to rule out white coat syndrome.\n- The doctor advises Angela to improve her diet, limiting sodium intake, and potentially seeking the help of a dietitian.\n- Angela is taking her prescribed metformin for diabetes, but does not check her blood sugar levels regularly.\n- The doctor recommends blood sugar monitoring before each meal to determine appropriate food intake.\n- The doctor performs a physical exam and suggests a urinalysis and urine culture to ensure the kidney stone has passed.\n- Angela requests a referral to see a specific urologist, Dr. Harris.\n- The doctor plans to continue Angela's current hypertension medication and prescribes a consult with a nutritionist.\n- Angela is encouraged to practice good sleep hygiene and is given the option to take melatonin as needed for insomnia.\n- A follow-up appointment is scheduled in three months."
  ],