{
  "rouge1": [
    0.4133099824868652,
    0.20279720279720279,
    0.13249211356466878,
    0.41102756892230574
  ],
  "rouge2": [
    0.1124780316344464,
    0.02816901408450704,
    0.025396825396825397,
    0.12090680100755666
  ],
  "rougeL": [
    0.17162872154115585,
    0.0979020979020979,
    0.08832807570977917,
    0.19548872180451127
  ],
  "rougeLsum": [
    0.30823117338003503,
    0.0979020979020979,
    0.10094637223974763,
    0.2706766917293233
  ],
  "bertscore_precision": [
    0.5935100317001343,
    0.5467278361320496,
    0.46922966837882996,
    0.5848621726036072
  ],
  "bertscore_recall": [
    0.4958758056163788,
    0.6444377899169922,
    0.48266541957855225,
    0.5841087102890015
  ],
  "bertscore_f1": [
    0.5403177738189697,
    0.5915752649307251,
    0.47585269808769226,
    0.5844852328300476
  ],
  "bleurt": [
    0.33314090967178345,
    0.47883081436157227,
    0.4068484306335449,
    0.4344487190246582
  ],
  "pred_note": [
    "The patient, Betty, is experiencing frequent asthma symptoms including coughing and wheezing. She has noticed that her symptoms are triggered by getting sick with a cold and being around her aunt's cat. She has been having breathing problems almost every month for the past six months and has had to visit urgent care and the emergency department multiple times. She currently uses a blue inhaler called ventolin for relief, needing to use it almost every day and sometimes waking up at night to use it as well. She has never been hospitalized for asthma except when she was eight years old. During her urgent care and ER visits, she has been prescribed prednisone multiple times. Betty does not smoke or use any tobacco or vaping products. She is occasionally exposed to secondhand smoke in bars, which irritates her symptoms. The doctor performs a physical exam and listens to Betty's heart and lungs, finding diminished lung sounds with occasional wheezing. The doctor diagnoses Betty with moderate intermittent asthma based on her symptoms and the results of her pulmonary function test. The doctor prescribes Flovent inhaler twice a day as an inhaled steroid to reduce daily symptoms and the need for the rescue inhaler. The doctor also plans to create an asthma action plan for Betty and schedules a follow-up appointment in one month.",
    "The patient, Betty, is experiencing frequent asthma symptoms including coughing and wheezing. She has noticed that her symptoms are triggered by getting sick with a cold and being around her aunt's cat. She has been having breathing problems almost every month for the past six months and has had to visit urgent care and the emergency department multiple times. She currently uses a blue inhaler called ventolin for relief, needing to use it almost every day and sometimes waking up at night to use it as well. She has never been hospitalized for asthma except when she was eight years old. During her urgent care and ER visits, she has been prescribed prednisone multiple times. Betty does not smoke or use any tobacco or vaping products. She is occasionally exposed to secondhand smoke in bars, which irritates her symptoms. The doctor performs a physical exam and listens to Betty's heart and lungs, finding diminished lung sounds with occasional wheezing. The doctor diagnoses Betty with moderate intermittent asthma based on her symptoms and the results of her pulmonary function test. The doctor prescribes Flovent inhaler twice a day as an inhaled steroid to reduce daily symptoms and the need for the rescue inhaler. The doctor also plans to create an asthma action plan for Betty and schedules a follow-up appointment in one month.",
    "The patient, Betty, is experiencing frequent asthma symptoms including coughing and wheezing. She has noticed that her symptoms are triggered by getting sick with a cold and being around her aunt's cat. She has been having breathing problems almost every month for the past six months and has had to visit urgent care and the emergency department multiple times. She currently uses a blue inhaler called ventolin for relief, needing to use it almost every day and sometimes waking up at night to use it as well. She has never been hospitalized for asthma except when she was eight years old. During her urgent care and ER visits, she has been prescribed prednisone multiple times. Betty does not smoke or use any tobacco or vaping products. She is occasionally exposed to secondhand smoke in bars, which irritates her symptoms. The doctor performs a physical exam and listens to Betty's heart and lungs, finding diminished lung sounds with occasional wheezing. The doctor diagnoses Betty with moderate intermittent asthma based on her symptoms and the results of her pulmonary function test. The doctor prescribes Flovent inhaler twice a day as an inhaled steroid to reduce daily symptoms and the need for the rescue inhaler. The doctor also plans to create an asthma action plan for Betty and schedules a follow-up appointment in one month.",
    "The patient, Betty, is experiencing frequent asthma symptoms including coughing and wheezing. She has noticed that her symptoms are triggered by getting sick with a cold and being around her aunt's cat. She has been having breathing problems almost every month for the past six months and has had to visit urgent care and the emergency department multiple times. She currently uses a blue inhaler called ventolin for relief, needing to use it almost every day and sometimes waking up at night to use it as well. She has never been hospitalized for asthma except when she was eight years old. During her urgent care and ER visits, she has been prescribed prednisone multiple times. Betty does not smoke or use any tobacco or vaping products. She is occasionally exposed to secondhand smoke in bars, which irritates her symptoms. The doctor performs a physical exam and listens to Betty's heart and lungs, finding diminished lung sounds with occasional wheezing. The doctor diagnoses Betty with moderate intermittent asthma based on her symptoms and the results of her pulmonary function test. The doctor prescribes Flovent inhaler twice a day as an inhaled steroid to reduce daily symptoms and the need for the rescue inhaler. The doctor also plans to create an asthma action plan for Betty and schedules a follow-up appointment in one month."
  ],