{
  "rouge1": [
    0.4387755102040817,
    0.14074074074074075,
    0.22875816993464052,
    0.386117136659436
  ],
  "rouge2": [
    0.1467576791808874,
    0.02238805970149254,
    0.11184210526315791,
    0.10457516339869281
  ],
  "rougeL": [
    0.24829931972789115,
    0.08888888888888889,
    0.16339869281045752,
    0.19956616052060738
  ],
  "rougeLsum": [
    0.43537414965986393,
    0.11111111111111112,
    0.22875816993464052,
    0.3731019522776573
  ],
  "bertscore_precision": [
    0.6509568691253662,
    0.4564119875431061,
    0.5303462743759155,
    0.5937352776527405
  ],
  "bertscore_recall": [
    0.6296902298927307,
    0.5825217962265015,
    0.6164582371711731,
    0.6121369004249573
  ],
  "bertscore_f1": [
    0.6401469707489014,
    0.5118131041526794,
    0.57016921043396,
    0.6027957201004028
  ],
  "bleurt": [
    0.3579743504524231,
    0.3832215666770935,
    0.4163109064102173,
    0.3924768567085266
  ],
  "pred_note": [
    "Patient's name: Stephanie Morales\nAge: 36\nGender: Female\nMedical history: Diabetes and high blood pressure\n\nChief complaint: Ankle pain\n\nPresenting complaint: Two days ago, slipped on ice and twisted left ankle\n\nSymptoms: Soreness, swelling, difficulty walking\n\nTreatment tried: Ibuprofen, ice, elevation (provides some relief)\n\nAdditional medical information:\n- History of diabetes: Controlled with metformin, stable blood sugar levels, regular monitoring of blood sugars\n- Due for an eye exam for diabetes checkup\n- History of high blood pressure: Taking norvasc, blood pressure stable (120/70), refill needed\n- Hemoglobin A1c last recorded as 6.8\n\nDoctor's findings:\n- Neck, lung, and heart exams normal\n- Systolic ejection murmur (unchanged from previous exam)\n- Normal belly exam\n- Ankle exam: tenderness over lateral malleolus and fifth metatarsal, pain with valgus stressing\n\nDiagnosis: Ankle sprain, possibility of fracture\n\nTreatment plan:\n- Order an x-ray to rule out fracture\n- Place patient in an air splint and provide crutches\n- Prescribe naprosyn 500mg twice a day for pain control\n- Instruct patient to avoid weightbearing and keep ankle elevated, use ice\n- If x-ray shows a fracture, refer patient to orthopedics; if no fracture, adjust treatment accordingly\n\nAdditional plan:\n- Diabetes management: Keep eye appointment, continue metformin\n- Order another hemoglobin A1c, baseline labs\n- Refill norvasc\n- Continue monitoring blood pressure, report any changes\n\nFollow-up: Patient to call if any issues or to schedule an appointment sooner\n\nNote: Patient expresses desire to get back to exercising.",
    "Patient's name: Stephanie Morales\nAge: 36\nGender: Female\nMedical history: Diabetes and high blood pressure\n\nChief complaint: Ankle pain\n\nPresenting complaint: Two days ago, slipped on ice and twisted left ankle\n\nSymptoms: Soreness, swelling, difficulty walking\n\nTreatment tried: Ibuprofen, ice, elevation (provides some relief)\n\nAdditional medical information:\n- History of diabetes: Controlled with metformin, stable blood sugar levels, regular monitoring of blood sugars\n- Due for an eye exam for diabetes checkup\n- History of high blood pressure: Taking norvasc, blood pressure stable (120/70), refill needed\n- Hemoglobin A1c last recorded as 6.8\n\nDoctor's findings:\n- Neck, lung, and heart exams normal\n- Systolic ejection murmur (unchanged from previous exam)\n- Normal belly exam\n- Ankle exam: tenderness over lateral malleolus and fifth metatarsal, pain with valgus stressing\n\nDiagnosis: Ankle sprain, possibility of fracture\n\nTreatment plan:\n- Order an x-ray to rule out fracture\n- Place patient in an air splint and provide crutches\n- Prescribe naprosyn 500mg twice a day for pain control\n- Instruct patient to avoid weightbearing and keep ankle elevated, use ice\n- If x-ray shows a fracture, refer patient to orthopedics; if no fracture, adjust treatment accordingly\n\nAdditional plan:\n- Diabetes management: Keep eye appointment, continue metformin\n- Order another hemoglobin A1c, baseline labs\n- Refill norvasc\n- Continue monitoring blood pressure, report any changes\n\nFollow-up: Patient to call if any issues or to schedule an appointment sooner\n\nNote: Patient expresses desire to get back to exercising.",
    "Patient's name: Stephanie Morales\nAge: 36\nGender: Female\nMedical history: Diabetes and high blood pressure\n\nChief complaint: Ankle pain\n\nPresenting complaint: Two days ago, slipped on ice and twisted left ankle\n\nSymptoms: Soreness, swelling, difficulty walking\n\nTreatment tried: Ibuprofen, ice, elevation (provides some relief)\n\nAdditional medical information:\n- History of diabetes: Controlled with metformin, stable blood sugar levels, regular monitoring of blood sugars\n- Due for an eye exam for diabetes checkup\n- History of high blood pressure: Taking norvasc, blood pressure stable (120/70), refill needed\n- Hemoglobin A1c last recorded as 6.8\n\nDoctor's findings:\n- Neck, lung, and heart exams normal\n- Systolic ejection murmur (unchanged from previous exam)\n- Normal belly exam\n- Ankle exam: tenderness over lateral malleolus and fifth metatarsal, pain with valgus stressing\n\nDiagnosis: Ankle sprain, possibility of fracture\n\nTreatment plan:\n- Order an x-ray to rule out fracture\n- Place patient in an air splint and provide crutches\n- Prescribe naprosyn 500mg twice a day for pain control\n- Instruct patient to avoid weightbearing and keep ankle elevated, use ice\n- If x-ray shows a fracture, refer patient to orthopedics; if no fracture, adjust treatment accordingly\n\nAdditional plan:\n- Diabetes management: Keep eye appointment, continue metformin\n- Order another hemoglobin A1c, baseline labs\n- Refill norvasc\n- Continue monitoring blood pressure, report any changes\n\nFollow-up: Patient to call if any issues or to schedule an appointment sooner\n\nNote: Patient expresses desire to get back to exercising.",
    "Patient's name: Stephanie Morales\nAge: 36\nGender: Female\nMedical history: Diabetes and high blood pressure\n\nChief complaint: Ankle pain\n\nPresenting complaint: Two days ago, slipped on ice and twisted left ankle\n\nSymptoms: Soreness, swelling, difficulty walking\n\nTreatment tried: Ibuprofen, ice, elevation (provides some relief)\n\nAdditional medical information:\n- History of diabetes: Controlled with metformin, stable blood sugar levels, regular monitoring of blood sugars\n- Due for an eye exam for diabetes checkup\n- History of high blood pressure: Taking norvasc, blood pressure stable (120/70), refill needed\n- Hemoglobin A1c last recorded as 6.8\n\nDoctor's findings:\n- Neck, lung, and heart exams normal\n- Systolic ejection murmur (unchanged from previous exam)\n- Normal belly exam\n- Ankle exam: tenderness over lateral malleolus and fifth metatarsal, pain with valgus stressing\n\nDiagnosis: Ankle sprain, possibility of fracture\n\nTreatment plan:\n- Order an x-ray to rule out fracture\n- Place patient in an air splint and provide crutches\n- Prescribe naprosyn 500mg twice a day for pain control\n- Instruct patient to avoid weightbearing and keep ankle elevated, use ice\n- If x-ray shows a fracture, refer patient to orthopedics; if no fracture, adjust treatment accordingly\n\nAdditional plan:\n- Diabetes management: Keep eye appointment, continue metformin\n- Order another hemoglobin A1c, baseline labs\n- Refill norvasc\n- Continue monitoring blood pressure, report any changes\n\nFollow-up: Patient to call if any issues or to schedule an appointment sooner\n\nNote: Patient expresses desire to get back to exercising."
  ],