{
  "rouge1": [
    0.29126213592233013,
    0.40816326530612246,
    0.10909090909090909,
    0.3349282296650718
  ],
  "rouge2": [
    0.07785888077858881,
    0.10655737704918031,
    0.007326007326007326,
    0.04807692307692307
  ],
  "rougeL": [
    0.14320388349514562,
    0.20816326530612245,
    0.07272727272727272,
    0.15311004784688995
  ],
  "rougeLsum": [
    0.24757281553398058,
    0.2816326530612245,
    0.10181818181818181,
    0.24880382775119617
  ],
  "bertscore_precision": [
    0.61593097448349,
    0.6196786761283875,
    0.47702690958976746,
    0.5929873585700989
  ],
  "bertscore_recall": [
    0.543947696685791,
    0.5663790702819824,
    0.4825727641582489,
    0.5371474623680115
  ],
  "bertscore_f1": [
    0.5777056217193604,
    0.5918312668800354,
    0.479783833026886,
    0.5636878609657288
  ],
  "bleurt": [
    0.4929918646812439,
    0.5327500104904175,
    0.3621934652328491,
    0.43969935178756714
  ],
  "pred_note": [
    "The patient, a 56-year-old male named Tyler, presents with difficulty swallowing. He has a past medical history of diabetes and high blood pressure. He mentions that for the past four to five weeks, it feels like something is always stuck in his throat. He experiences slight pain and occasionally needs help pushing solids down when eating. There is no coughing or other symptoms with swallowing. He has not noticed any blood in stools or vomit, no weight loss, chest pain, or shortness of breath. The doctor suggests sending Tyler to a specialist for further evaluation. They discuss Tyler's diabetes management, which includes taking metformin and checking blood sugar levels. Tyler reports improvements in his diet and exercise and his blood sugar numbers are within the target range. The doctor plans to repeat Tyler's hemoglobin A1c test and check his kidney function. They also note that Tyler has not had an eye referral and will provide one for ophthalmology. Medication refills are discussed, and the doctor will send a refill for Norvasc to the pharmacy. Tyler is scheduled to return in about a month.",
    "The patient, a 56-year-old male named Tyler, presents with difficulty swallowing. He has a past medical history of diabetes and high blood pressure. He mentions that for the past four to five weeks, it feels like something is always stuck in his throat. He experiences slight pain and occasionally needs help pushing solids down when eating. There is no coughing or other symptoms with swallowing. He has not noticed any blood in stools or vomit, no weight loss, chest pain, or shortness of breath. The doctor suggests sending Tyler to a specialist for further evaluation. They discuss Tyler's diabetes management, which includes taking metformin and checking blood sugar levels. Tyler reports improvements in his diet and exercise and his blood sugar numbers are within the target range. The doctor plans to repeat Tyler's hemoglobin A1c test and check his kidney function. They also note that Tyler has not had an eye referral and will provide one for ophthalmology. Medication refills are discussed, and the doctor will send a refill for Norvasc to the pharmacy. Tyler is scheduled to return in about a month.",
    "The patient, a 56-year-old male named Tyler, presents with difficulty swallowing. He has a past medical history of diabetes and high blood pressure. He mentions that for the past four to five weeks, it feels like something is always stuck in his throat. He experiences slight pain and occasionally needs help pushing solids down when eating. There is no coughing or other symptoms with swallowing. He has not noticed any blood in stools or vomit, no weight loss, chest pain, or shortness of breath. The doctor suggests sending Tyler to a specialist for further evaluation. They discuss Tyler's diabetes management, which includes taking metformin and checking blood sugar levels. Tyler reports improvements in his diet and exercise and his blood sugar numbers are within the target range. The doctor plans to repeat Tyler's hemoglobin A1c test and check his kidney function. They also note that Tyler has not had an eye referral and will provide one for ophthalmology. Medication refills are discussed, and the doctor will send a refill for Norvasc to the pharmacy. Tyler is scheduled to return in about a month.",
    "The patient, a 56-year-old male named Tyler, presents with difficulty swallowing. He has a past medical history of diabetes and high blood pressure. He mentions that for the past four to five weeks, it feels like something is always stuck in his throat. He experiences slight pain and occasionally needs help pushing solids down when eating. There is no coughing or other symptoms with swallowing. He has not noticed any blood in stools or vomit, no weight loss, chest pain, or shortness of breath. The doctor suggests sending Tyler to a specialist for further evaluation. They discuss Tyler's diabetes management, which includes taking metformin and checking blood sugar levels. Tyler reports improvements in his diet and exercise and his blood sugar numbers are within the target range. The doctor plans to repeat Tyler's hemoglobin A1c test and check his kidney function. They also note that Tyler has not had an eye referral and will provide one for ophthalmology. Medication refills are discussed, and the doctor will send a refill for Norvasc to the pharmacy. Tyler is scheduled to return in about a month."
  ],