{
  "rouge1": [
    0.445859872611465,
    0.4018264840182648,
    0.09961685823754789,
    0.41111111111111115
  ],
  "rouge2": [
    0.1501597444089457,
    0.13761467889908258,
    0.0,
    0.10614525139664804
  ],
  "rougeL": [
    0.2643312101910828,
    0.2237442922374429,
    0.04597701149425288,
    0.19999999999999998
  ],
  "rougeLsum": [
    0.3789808917197452,
    0.33789954337899547,
    0.07662835249042145,
    0.24444444444444444
  ],
  "bertscore_precision": [
    0.6826707720756531,
    0.634574830532074,
    0.4762886166572571,
    0.6074219346046448
  ],
  "bertscore_recall": [
    0.6187102794647217,
    0.6548157334327698,
    0.5600177049636841,
    0.6642177104949951
  ],
  "bertscore_f1": [
    0.6491187214851379,
    0.6445363759994507,
    0.5147706866264343,
    0.6345515251159668
  ],
  "bleurt": [
    0.44465506076812744,
    0.48698025941848755,
    0.43266618251800537,
    0.5532494187355042
  ],
  "pred_note": [
    "The patient, Julie, is seeing the doctor about her frequent and severe headaches. Julie has been struggling with headaches for years, initially associated with her menstrual cycle and stress. However, recently her headaches have been more frequent and severe. The headaches are mostly on the right side, behind her eye, and have a pulsating sensation. Julie has noticed that exercise, specifically jogging, triggers worse headaches. She has also been experiencing ringing in her ears and occasional blurred vision on the side of her vision. Julie does not have any numbness or tingling in her hands, feet, or face. \n\nDuring the physical examination, the doctor finds papilledema, swelling behind the eye, and conducts a neurological exam with normal results. The doctor suspects idiopathic intracranial hypertension, characterized by increased pressure in the brain without a known cause. Further tests, such as an MRI to check for other conditions and a spinal tap to evaluate and potentially decrease the pressure, are recommended. The doctor also suggests a complete eye exam by a neuro-ophthalmologist. Medications can be used to decrease the pressure in the brain and alleviate symptoms, and lifestyle changes, including exercise and weight loss, are important for treatment.\n\nThe doctor will work on getting insurance preapproval for the MRI and schedule the necessary tests and appointments. No surgery is mentioned as an immediate requirement.",
    "The patient, Julie, is seeing the doctor about her frequent and severe headaches. Julie has been struggling with headaches for years, initially associated with her menstrual cycle and stress. However, recently her headaches have been more frequent and severe. The headaches are mostly on the right side, behind her eye, and have a pulsating sensation. Julie has noticed that exercise, specifically jogging, triggers worse headaches. She has also been experiencing ringing in her ears and occasional blurred vision on the side of her vision. Julie does not have any numbness or tingling in her hands, feet, or face. \n\nDuring the physical examination, the doctor finds papilledema, swelling behind the eye, and conducts a neurological exam with normal results. The doctor suspects idiopathic intracranial hypertension, characterized by increased pressure in the brain without a known cause. Further tests, such as an MRI to check for other conditions and a spinal tap to evaluate and potentially decrease the pressure, are recommended. The doctor also suggests a complete eye exam by a neuro-ophthalmologist. Medications can be used to decrease the pressure in the brain and alleviate symptoms, and lifestyle changes, including exercise and weight loss, are important for treatment.\n\nThe doctor will work on getting insurance preapproval for the MRI and schedule the necessary tests and appointments. No surgery is mentioned as an immediate requirement.",
    "The patient, Julie, is seeing the doctor about her frequent and severe headaches. Julie has been struggling with headaches for years, initially associated with her menstrual cycle and stress. However, recently her headaches have been more frequent and severe. The headaches are mostly on the right side, behind her eye, and have a pulsating sensation. Julie has noticed that exercise, specifically jogging, triggers worse headaches. She has also been experiencing ringing in her ears and occasional blurred vision on the side of her vision. Julie does not have any numbness or tingling in her hands, feet, or face. \n\nDuring the physical examination, the doctor finds papilledema, swelling behind the eye, and conducts a neurological exam with normal results. The doctor suspects idiopathic intracranial hypertension, characterized by increased pressure in the brain without a known cause. Further tests, such as an MRI to check for other conditions and a spinal tap to evaluate and potentially decrease the pressure, are recommended. The doctor also suggests a complete eye exam by a neuro-ophthalmologist. Medications can be used to decrease the pressure in the brain and alleviate symptoms, and lifestyle changes, including exercise and weight loss, are important for treatment.\n\nThe doctor will work on getting insurance preapproval for the MRI and schedule the necessary tests and appointments. No surgery is mentioned as an immediate requirement.",
    "The patient, Julie, is seeing the doctor about her frequent and severe headaches. Julie has been struggling with headaches for years, initially associated with her menstrual cycle and stress. However, recently her headaches have been more frequent and severe. The headaches are mostly on the right side, behind her eye, and have a pulsating sensation. Julie has noticed that exercise, specifically jogging, triggers worse headaches. She has also been experiencing ringing in her ears and occasional blurred vision on the side of her vision. Julie does not have any numbness or tingling in her hands, feet, or face. \n\nDuring the physical examination, the doctor finds papilledema, swelling behind the eye, and conducts a neurological exam with normal results. The doctor suspects idiopathic intracranial hypertension, characterized by increased pressure in the brain without a known cause. Further tests, such as an MRI to check for other conditions and a spinal tap to evaluate and potentially decrease the pressure, are recommended. The doctor also suggests a complete eye exam by a neuro-ophthalmologist. Medications can be used to decrease the pressure in the brain and alleviate symptoms, and lifestyle changes, including exercise and weight loss, are important for treatment.\n\nThe doctor will work on getting insurance preapproval for the MRI and schedule the necessary tests and appointments. No surgery is mentioned as an immediate requirement."
  ],