{
  "rouge1": [
    0.40201005025125625,
    0.44631578947368417,
    0.2057877813504823,
    0.3917525773195876
  ],
  "rouge2": [
    0.1486146095717884,
    0.1437632135306554,
    0.07119741100323626,
    0.10351966873706003
  ],
  "rougeL": [
    0.228643216080402,
    0.2105263157894737,
    0.12861736334405144,
    0.16082474226804125
  ],
  "rougeLsum": [
    0.3190954773869347,
    0.2863157894736842,
    0.14147909967845657,
    0.24329896907216492
  ],
  "bertscore_precision": [
    0.6410372853279114,
    0.6366169452667236,
    0.5080230236053467,
    0.6138929724693298
  ],
  "bertscore_recall": [
    0.5671652555465698,
    0.627112627029419,
    0.5880796909332275,
    0.6032116413116455
  ],
  "bertscore_f1": [
    0.6018429398536682,
    0.6318290829658508,
    0.545127809047699,
    0.6085054278373718
  ],
  "bleurt": [
    0.4221184253692627,
    0.4721539616584778,
    0.4333428144454956,
    0.4752492904663086
  ],
  "pred_note": [
    "In this patient-doctor dialogue, William explains to the doctor that he injured his right knee while at a trampoline park. He heard a snap and immediately felt pain when he landed on the trampoline. The doctor asks about William's regular exercise routine and determines that he does not have one, and the trampoline park visit was just for fun. William experienced pain on the outside of his right knee and heard a popping sound when he landed. He has been taking Tylenol for the pain, but it hasn't been effective. He has not tried any other methods of pain relief. The injury occurred a week prior to the doctor's appointment. The doctor also discusses other health issues with William, including hypertension, diabetes, and diet. The doctor notes that William's blood pressure is high and may need to adjust his medication. He also recommends checking blood sugar levels more frequently and potentially adjusting diabetes medication. The doctor performs a physical exam and notices some bruising and swelling on the lateral aspect of William's knee. An x-ray shows no evidence of fracture or bony abnormality. The doctor diagnoses William with a lateral ligament strain and prescribes meloxicam for pain and swelling. Physical therapy is recommended to strengthen the muscles around the knee. The doctor plans to continue monitoring William's hypertension, ordering an echo to assess his heart, and orders an A1c and lipid panel to evaluate his diabetes management.",
    "In this patient-doctor dialogue, William explains to the doctor that he injured his right knee while at a trampoline park. He heard a snap and immediately felt pain when he landed on the trampoline. The doctor asks about William's regular exercise routine and determines that he does not have one, and the trampoline park visit was just for fun. William experienced pain on the outside of his right knee and heard a popping sound when he landed. He has been taking Tylenol for the pain, but it hasn't been effective. He has not tried any other methods of pain relief. The injury occurred a week prior to the doctor's appointment. The doctor also discusses other health issues with William, including hypertension, diabetes, and diet. The doctor notes that William's blood pressure is high and may need to adjust his medication. He also recommends checking blood sugar levels more frequently and potentially adjusting diabetes medication. The doctor performs a physical exam and notices some bruising and swelling on the lateral aspect of William's knee. An x-ray shows no evidence of fracture or bony abnormality. The doctor diagnoses William with a lateral ligament strain and prescribes meloxicam for pain and swelling. Physical therapy is recommended to strengthen the muscles around the knee. The doctor plans to continue monitoring William's hypertension, ordering an echo to assess his heart, and orders an A1c and lipid panel to evaluate his diabetes management.",
    "In this patient-doctor dialogue, William explains to the doctor that he injured his right knee while at a trampoline park. He heard a snap and immediately felt pain when he landed on the trampoline. The doctor asks about William's regular exercise routine and determines that he does not have one, and the trampoline park visit was just for fun. William experienced pain on the outside of his right knee and heard a popping sound when he landed. He has been taking Tylenol for the pain, but it hasn't been effective. He has not tried any other methods of pain relief. The injury occurred a week prior to the doctor's appointment. The doctor also discusses other health issues with William, including hypertension, diabetes, and diet. The doctor notes that William's blood pressure is high and may need to adjust his medication. He also recommends checking blood sugar levels more frequently and potentially adjusting diabetes medication. The doctor performs a physical exam and notices some bruising and swelling on the lateral aspect of William's knee. An x-ray shows no evidence of fracture or bony abnormality. The doctor diagnoses William with a lateral ligament strain and prescribes meloxicam for pain and swelling. Physical therapy is recommended to strengthen the muscles around the knee. The doctor plans to continue monitoring William's hypertension, ordering an echo to assess his heart, and orders an A1c and lipid panel to evaluate his diabetes management.",
    "In this patient-doctor dialogue, William explains to the doctor that he injured his right knee while at a trampoline park. He heard a snap and immediately felt pain when he landed on the trampoline. The doctor asks about William's regular exercise routine and determines that he does not have one, and the trampoline park visit was just for fun. William experienced pain on the outside of his right knee and heard a popping sound when he landed. He has been taking Tylenol for the pain, but it hasn't been effective. He has not tried any other methods of pain relief. The injury occurred a week prior to the doctor's appointment. The doctor also discusses other health issues with William, including hypertension, diabetes, and diet. The doctor notes that William's blood pressure is high and may need to adjust his medication. He also recommends checking blood sugar levels more frequently and potentially adjusting diabetes medication. The doctor performs a physical exam and notices some bruising and swelling on the lateral aspect of William's knee. An x-ray shows no evidence of fracture or bony abnormality. The doctor diagnoses William with a lateral ligament strain and prescribes meloxicam for pain and swelling. Physical therapy is recommended to strengthen the muscles around the knee. The doctor plans to continue monitoring William's hypertension, ordering an echo to assess his heart, and orders an A1c and lipid panel to evaluate his diabetes management."
  ],