{
  "rouge1": [
    0.3361629881154499,
    0.35348837209302325,
    0.31578947368421056,
    0.26262626262626265
  ],
  "rouge2": [
    0.1294718909710392,
    0.09345794392523364,
    0.13274336283185842,
    0.07142857142857142
  ],
  "rougeL": [
    0.22410865874363325,
    0.18604651162790697,
    0.22807017543859648,
    0.1616161616161616
  ],
  "rougeLsum": [
    0.2614601018675722,
    0.18604651162790697,
    0.22807017543859648,
    0.1616161616161616
  ],
  "bertscore_precision": [
    0.7188937664031982,
    0.6806886196136475,
    0.5938183665275574,
    0.6055578589439392
  ],
  "bertscore_recall": [
    0.6069655418395996,
    0.6358418464660645,
    0.6323037147521973,
    0.7149258852005005
  ],
  "bertscore_f1": [
    0.6582052111625671,
    0.6575013995170593,
    0.6124570369720459,
    0.6557127237319946
  ],
  "bleurt": [
    0.42893046140670776,
    0.44590622186660767,
    0.4689754247665405,
    0.5436620116233826
  ],
  "pred_note": [
    "Summary: The patient, Matthew, has been experiencing back pain for a long time, which worsens when sitting or standing. He also experiences pain radiating down his left leg. The pain is described as an electric toothache and rates it as 6/10 currently, but can reach 13/10 at its worst. The pain is alleviated when lying down. The doctor examines Matthew and finds tenderness at the L4 vertebrae, pain with flexion and extension of the back, and weakness in the legs. The MRI results show a herniated disc at the L4-L5 level, causing nerve root impingement. The doctor recommends an epidural steroid injection to alleviate the pain and refers Matthew to physical therapy for strengthening exercises. Follow-up appointments are scheduled for a month later. Matthew agrees to the treatment plan and prepares for the injection.",
    "Summary: The patient, Matthew, has been experiencing back pain for a long time, which worsens when sitting or standing. He also experiences pain radiating down his left leg. The pain is described as an electric toothache and rates it as 6/10 currently, but can reach 13/10 at its worst. The pain is alleviated when lying down. The doctor examines Matthew and finds tenderness at the L4 vertebrae, pain with flexion and extension of the back, and weakness in the legs. The MRI results show a herniated disc at the L4-L5 level, causing nerve root impingement. The doctor recommends an epidural steroid injection to alleviate the pain and refers Matthew to physical therapy for strengthening exercises. Follow-up appointments are scheduled for a month later. Matthew agrees to the treatment plan and prepares for the injection.",
    "Summary: The patient, Matthew, has been experiencing back pain for a long time, which worsens when sitting or standing. He also experiences pain radiating down his left leg. The pain is described as an electric toothache and rates it as 6/10 currently, but can reach 13/10 at its worst. The pain is alleviated when lying down. The doctor examines Matthew and finds tenderness at the L4 vertebrae, pain with flexion and extension of the back, and weakness in the legs. The MRI results show a herniated disc at the L4-L5 level, causing nerve root impingement. The doctor recommends an epidural steroid injection to alleviate the pain and refers Matthew to physical therapy for strengthening exercises. Follow-up appointments are scheduled for a month later. Matthew agrees to the treatment plan and prepares for the injection.",
    "Summary: The patient, Matthew, has been experiencing back pain for a long time, which worsens when sitting or standing. He also experiences pain radiating down his left leg. The pain is described as an electric toothache and rates it as 6/10 currently, but can reach 13/10 at its worst. The pain is alleviated when lying down. The doctor examines Matthew and finds tenderness at the L4 vertebrae, pain with flexion and extension of the back, and weakness in the legs. The MRI results show a herniated disc at the L4-L5 level, causing nerve root impingement. The doctor recommends an epidural steroid injection to alleviate the pain and refers Matthew to physical therapy for strengthening exercises. Follow-up appointments are scheduled for a month later. Matthew agrees to the treatment plan and prepares for the injection."
  ],