{
  "rouge1": [
    0.46967340590979784,
    0.4979253112033195,
    0.20625,
    0.1806451612903226
  ],
  "rouge2": [
    0.19344773790951636,
    0.21249999999999997,
    0.056603773584905655,
    0.019480519480519484
  ],
  "rougeL": [
    0.2737169517884915,
    0.27800829875518673,
    0.10625000000000001,
    0.11612903225806452
  ],
  "rougeLsum": [
    0.36702954898911355,
    0.3153526970954357,
    0.14375,
    0.11612903225806452
  ],
  "bertscore_precision": [
    0.6682806015014648,
    0.6533181071281433,
    0.5509308576583862,
    0.5383081436157227
  ],
  "bertscore_recall": [
    0.6101891994476318,
    0.6574325561523438,
    0.6367261409759521,
    0.6482909321784973
  ],
  "bertscore_f1": [
    0.6379151344299316,
    0.6553688645362854,
    0.5907295942306519,
    0.5882025361061096
  ],
  "bleurt": [
    0.4929260015487671,
    0.4597300887107849,
    0.36465561389923096,
    0.4677888751029968
  ],
  "pred_note": [
    "Summary:\n\nThe patient, Larry, has been experiencing back pain for a couple of years and has tried various treatments without success. He recalls the pain starting after moving furniture. The pain is sharp and stabbing and radiates down to his right leg and big toe. He also experiences numbness and tingling in his leg and foot. Larry does not have any loss of sensation or weakness in his genital or rectal area, and does not have any loss of bladder or bowel control. He has tried physical therapy and pain medications, but they were only temporary solutions. Surgery was mentioned as an option, but Larry wants to avoid it. He has gained weight due to decreased activity. Larry used to play golf, but his back pain has hindered his progress. There is no family history of spine conditions and he quit smoking twenty years ago. The doctor performs a physical exam and finds tenderness and positive straight leg test on the right side. A review of the MRI shows a herniated disc at the L4-L5 level with nerve impingement, causing radiculopathy. The doctor recommends a spinal injection with corticosteroid to reduce inflammation and relieve pain. The procedure should be done under fluoroscopy to accurately target the affected area. The doctor explains that Larry may need multiple injections, but generally not more than four times a year. Larry agrees to start the injections, understanding that it is a relatively quick and common procedure.",
    "Summary:\n\nThe patient, Larry, has been experiencing back pain for a couple of years and has tried various treatments without success. He recalls the pain starting after moving furniture. The pain is sharp and stabbing and radiates down to his right leg and big toe. He also experiences numbness and tingling in his leg and foot. Larry does not have any loss of sensation or weakness in his genital or rectal area, and does not have any loss of bladder or bowel control. He has tried physical therapy and pain medications, but they were only temporary solutions. Surgery was mentioned as an option, but Larry wants to avoid it. He has gained weight due to decreased activity. Larry used to play golf, but his back pain has hindered his progress. There is no family history of spine conditions and he quit smoking twenty years ago. The doctor performs a physical exam and finds tenderness and positive straight leg test on the right side. A review of the MRI shows a herniated disc at the L4-L5 level with nerve impingement, causing radiculopathy. The doctor recommends a spinal injection with corticosteroid to reduce inflammation and relieve pain. The procedure should be done under fluoroscopy to accurately target the affected area. The doctor explains that Larry may need multiple injections, but generally not more than four times a year. Larry agrees to start the injections, understanding that it is a relatively quick and common procedure.",
    "Summary:\n\nThe patient, Larry, has been experiencing back pain for a couple of years and has tried various treatments without success. He recalls the pain starting after moving furniture. The pain is sharp and stabbing and radiates down to his right leg and big toe. He also experiences numbness and tingling in his leg and foot. Larry does not have any loss of sensation or weakness in his genital or rectal area, and does not have any loss of bladder or bowel control. He has tried physical therapy and pain medications, but they were only temporary solutions. Surgery was mentioned as an option, but Larry wants to avoid it. He has gained weight due to decreased activity. Larry used to play golf, but his back pain has hindered his progress. There is no family history of spine conditions and he quit smoking twenty years ago. The doctor performs a physical exam and finds tenderness and positive straight leg test on the right side. A review of the MRI shows a herniated disc at the L4-L5 level with nerve impingement, causing radiculopathy. The doctor recommends a spinal injection with corticosteroid to reduce inflammation and relieve pain. The procedure should be done under fluoroscopy to accurately target the affected area. The doctor explains that Larry may need multiple injections, but generally not more than four times a year. Larry agrees to start the injections, understanding that it is a relatively quick and common procedure.",
    "Summary:\n\nThe patient, Larry, has been experiencing back pain for a couple of years and has tried various treatments without success. He recalls the pain starting after moving furniture. The pain is sharp and stabbing and radiates down to his right leg and big toe. He also experiences numbness and tingling in his leg and foot. Larry does not have any loss of sensation or weakness in his genital or rectal area, and does not have any loss of bladder or bowel control. He has tried physical therapy and pain medications, but they were only temporary solutions. Surgery was mentioned as an option, but Larry wants to avoid it. He has gained weight due to decreased activity. Larry used to play golf, but his back pain has hindered his progress. There is no family history of spine conditions and he quit smoking twenty years ago. The doctor performs a physical exam and finds tenderness and positive straight leg test on the right side. A review of the MRI shows a herniated disc at the L4-L5 level with nerve impingement, causing radiculopathy. The doctor recommends a spinal injection with corticosteroid to reduce inflammation and relieve pain. The procedure should be done under fluoroscopy to accurately target the affected area. The doctor explains that Larry may need multiple injections, but generally not more than four times a year. Larry agrees to start the injections, understanding that it is a relatively quick and common procedure."
  ],