{
  "rouge1": [
    0.4902912621359224,
    0.1986455981941309,
    0.1986754966887417,
    0.41463414634146345
  ],
  "rouge2": [
    0.15328467153284672,
    0.06802721088435373,
    0.07538802660753881,
    0.1162079510703364
  ],
  "rougeL": [
    0.2669902912621359,
    0.11738148984198646,
    0.13245033112582782,
    0.20731707317073172
  ],
  "rougeLsum": [
    0.4611650485436893,
    0.1670428893905192,
    0.18543046357615894,
    0.36890243902439024
  ],
  "bertscore_precision": [
    0.6401041150093079,
    0.5278643369674683,
    0.5070642828941345,
    0.642297089099884
  ],
  "bertscore_recall": [
    0.6478532552719116,
    0.65040123462677,
    0.6526306867599487,
    0.6696389317512512
  ],
  "bertscore_f1": [
    0.6439553499221802,
    0.5827609896659851,
    0.5707116723060608,
    0.6556831002235413
  ],
  "bleurt": [
    0.4614970088005066,
    0.4316696524620056,
    0.49739527702331543,
    0.393352746963501
  ],
  "pred_note": [
    "Summary:\n\nThe patient, Mr. Jackson, is a 45-year-old male with a history of type two diabetes and mild intermittent asthma. He presents to the doctor with right elbow pain, which he attributes to playing tennis. The pain is located on the outside of the elbow and is described as sharp, stabbing, and very painful when in use. The doctor asks about any trauma or worsening factors, as well as other symptoms, such as pain radiating down the arm or shoulder, but the patient reports none. He has tried over-the-counter pain medications and ice, but they provide only temporary relief.\n\nThe doctor discusses the patient's medical history, including his diabetes, asthma, allergies, and past surgical procedures. The patient's heart exam reveals a grade three out of six systolic ejection murmur, which has not changed since the last exam. The musculoskeletal exam reveals tenderness and pain in the right elbow, both with passive range of motion and resisted extension of the wrist. The x-ray shows no fractures or other abnormalities. The patient denies having a fever.\n\nThe doctor's assessment is acute lateral epicondylitis, also known as tennis elbow, due to overuse. The doctor recommends rest, avoiding repetitive stress, and stopping tennis for four to six weeks. The patient is advised to ice the elbow and is given a brace. A prescription for Ultram (tramadol) is given for pain relief. The patient is scheduled for a follow-up appointment in four weeks.\n\nRegarding the patient's diabetes, the doctor notes that blood sugar levels have been elevated, likely due to increased candy consumption during Easter. The doctor recommends increasing the dosage of metformin to one thousand milligrams twice a day and asks the patient to monitor blood sugar levels twice daily for the next two weeks. Hemoglobin A1c and CBC blood tests are ordered. The doctor also orders a Chem-12 blood test. \n\nThe patient's mild intermittent asthma remains under control with the current medication regimen, but a refill for the albuterol prescription is given.\n\nOverall, the patient's conditions are addressed with specific recommendations and medication adjustments. The doctor plans to reevaluate the elbow in four weeks and make further decisions based on the patient's progress.",
    "Summary:\n\nThe patient, Mr. Jackson, is a 45-year-old male with a history of type two diabetes and mild intermittent asthma. He presents to the doctor with right elbow pain, which he attributes to playing tennis. The pain is located on the outside of the elbow and is described as sharp, stabbing, and very painful when in use. The doctor asks about any trauma or worsening factors, as well as other symptoms, such as pain radiating down the arm or shoulder, but the patient reports none. He has tried over-the-counter pain medications and ice, but they provide only temporary relief.\n\nThe doctor discusses the patient's medical history, including his diabetes, asthma, allergies, and past surgical procedures. The patient's heart exam reveals a grade three out of six systolic ejection murmur, which has not changed since the last exam. The musculoskeletal exam reveals tenderness and pain in the right elbow, both with passive range of motion and resisted extension of the wrist. The x-ray shows no fractures or other abnormalities. The patient denies having a fever.\n\nThe doctor's assessment is acute lateral epicondylitis, also known as tennis elbow, due to overuse. The doctor recommends rest, avoiding repetitive stress, and stopping tennis for four to six weeks. The patient is advised to ice the elbow and is given a brace. A prescription for Ultram (tramadol) is given for pain relief. The patient is scheduled for a follow-up appointment in four weeks.\n\nRegarding the patient's diabetes, the doctor notes that blood sugar levels have been elevated, likely due to increased candy consumption during Easter. The doctor recommends increasing the dosage of metformin to one thousand milligrams twice a day and asks the patient to monitor blood sugar levels twice daily for the next two weeks. Hemoglobin A1c and CBC blood tests are ordered. The doctor also orders a Chem-12 blood test. \n\nThe patient's mild intermittent asthma remains under control with the current medication regimen, but a refill for the albuterol prescription is given.\n\nOverall, the patient's conditions are addressed with specific recommendations and medication adjustments. The doctor plans to reevaluate the elbow in four weeks and make further decisions based on the patient's progress.",
    "Summary:\n\nThe patient, Mr. Jackson, is a 45-year-old male with a history of type two diabetes and mild intermittent asthma. He presents to the doctor with right elbow pain, which he attributes to playing tennis. The pain is located on the outside of the elbow and is described as sharp, stabbing, and very painful when in use. The doctor asks about any trauma or worsening factors, as well as other symptoms, such as pain radiating down the arm or shoulder, but the patient reports none. He has tried over-the-counter pain medications and ice, but they provide only temporary relief.\n\nThe doctor discusses the patient's medical history, including his diabetes, asthma, allergies, and past surgical procedures. The patient's heart exam reveals a grade three out of six systolic ejection murmur, which has not changed since the last exam. The musculoskeletal exam reveals tenderness and pain in the right elbow, both with passive range of motion and resisted extension of the wrist. The x-ray shows no fractures or other abnormalities. The patient denies having a fever.\n\nThe doctor's assessment is acute lateral epicondylitis, also known as tennis elbow, due to overuse. The doctor recommends rest, avoiding repetitive stress, and stopping tennis for four to six weeks. The patient is advised to ice the elbow and is given a brace. A prescription for Ultram (tramadol) is given for pain relief. The patient is scheduled for a follow-up appointment in four weeks.\n\nRegarding the patient's diabetes, the doctor notes that blood sugar levels have been elevated, likely due to increased candy consumption during Easter. The doctor recommends increasing the dosage of metformin to one thousand milligrams twice a day and asks the patient to monitor blood sugar levels twice daily for the next two weeks. Hemoglobin A1c and CBC blood tests are ordered. The doctor also orders a Chem-12 blood test. \n\nThe patient's mild intermittent asthma remains under control with the current medication regimen, but a refill for the albuterol prescription is given.\n\nOverall, the patient's conditions are addressed with specific recommendations and medication adjustments. The doctor plans to reevaluate the elbow in four weeks and make further decisions based on the patient's progress.",
