{
  "rouge1": [
    0.4224924012158055,
    0.18126888217522658,
    0.15254237288135594,
    0.39215686274509803
  ],
  "rouge2": [
    0.11890243902439024,
    0.0425531914893617,
    0.03977272727272727,
    0.11811023622047244
  ],
  "rougeL": [
    0.209726443768997,
    0.1027190332326284,
    0.09039548022598871,
    0.19215686274509805
  ],
  "rougeLsum": [
    0.34954407294832823,
    0.12084592145015105,
    0.11299435028248586,
    0.3098039215686275
  ],
  "bertscore_precision": [
    0.611230731010437,
    0.51873379945755,
    0.48150360584259033,
    0.6195289492607117
  ],
  "bertscore_recall": [
    0.5287851095199585,
    0.616881787776947,
    0.5115804076194763,
    0.5917551517486572
  ],
  "bertscore_f1": [
    0.567026674747467,
    0.5635664463043213,
    0.49608656764030457,
    0.6053236126899719
  ],
  "bleurt": [
    0.36837196350097656,
    0.4966678023338318,
    0.44627487659454346,
    0.4464731812477112
  ],
  "pred_note": [
    "The patient, who recently experienced knee pain after a skiing accident on their boat, visits the doctor. The doctor asks about the details of the accident and the patient's symptoms. The patient reports no popping sensation, only a stretching feeling and subsequent swelling. They were able to get out of the water by themselves, but movement like squatting and bending is painful. This is the first time the patient injured their knee. The doctor also discusses the patient's high blood pressure and confirms they are taking their medication without any issues. The doctor asks about any foot numbness or tingling, to which the patient responds with only swelling and pain in the knee. The patient has been taking over-the-counter Aleve and using cold packs for pain relief. The doctor notes that the patient had tonsil surgery in the past and proceeds with a physical examination. The findings include good blood pressure management, no abnormalities in the neck and heart exams, clear lungs, swelling and pain in the right knee, decreased range of motion, and some inflammation. The doctor suspects a medial collateral ligament strain and plans to order an x-ray to rule out any broken bones. They will refer the patient to physical therapy for muscle strengthening. The doctor will also prescribe meloxicam for swelling and pain. The patient asks if they can still ski with the medication, but the doctor advises them to rest and avoid skiing until further evaluation. Regarding hypertension, the doctor will continue the current medication, order a lipid panel test, and administer a tetanus shot as needed. The patient agrees with the treatment plan and thanks the doctor.",
    "The patient, who recently experienced knee pain after a skiing accident on their boat, visits the doctor. The doctor asks about the details of the accident and the patient's symptoms. The patient reports no popping sensation, only a stretching feeling and subsequent swelling. They were able to get out of the water by themselves, but movement like squatting and bending is painful. This is the first time the patient injured their knee. The doctor also discusses the patient's high blood pressure and confirms they are taking their medication without any issues. The doctor asks about any foot numbness or tingling, to which the patient responds with only swelling and pain in the knee. The patient has been taking over-the-counter Aleve and using cold packs for pain relief. The doctor notes that the patient had tonsil surgery in the past and proceeds with a physical examination. The findings include good blood pressure management, no abnormalities in the neck and heart exams, clear lungs, swelling and pain in the right knee, decreased range of motion, and some inflammation. The doctor suspects a medial collateral ligament strain and plans to order an x-ray to rule out any broken bones. They will refer the patient to physical therapy for muscle strengthening. The doctor will also prescribe meloxicam for swelling and pain. The patient asks if they can still ski with the medication, but the doctor advises them to rest and avoid skiing until further evaluation. Regarding hypertension, the doctor will continue the current medication, order a lipid panel test, and administer a tetanus shot as needed. The patient agrees with the treatment plan and thanks the doctor.",
    "The patient, who recently experienced knee pain after a skiing accident on their boat, visits the doctor. The doctor asks about the details of the accident and the patient's symptoms. The patient reports no popping sensation, only a stretching feeling and subsequent swelling. They were able to get out of the water by themselves, but movement like squatting and bending is painful. This is the first time the patient injured their knee. The doctor also discusses the patient's high blood pressure and confirms they are taking their medication without any issues. The doctor asks about any foot numbness or tingling, to which the patient responds with only swelling and pain in the knee. The patient has been taking over-the-counter Aleve and using cold packs for pain relief. The doctor notes that the patient had tonsil surgery in the past and proceeds with a physical examination. The findings include good blood pressure management, no abnormalities in the neck and heart exams, clear lungs, swelling and pain in the right knee, decreased range of motion, and some inflammation. The doctor suspects a medial collateral ligament strain and plans to order an x-ray to rule out any broken bones. They will refer the patient to physical therapy for muscle strengthening. The doctor will also prescribe meloxicam for swelling and pain. The patient asks if they can still ski with the medication, but the doctor advises them to rest and avoid skiing until further evaluation. Regarding hypertension, the doctor will continue the current medication, order a lipid panel test, and administer a tetanus shot as needed. The patient agrees with the treatment plan and thanks the doctor.",
    "The patient, who recently experienced knee pain after a skiing accident on their boat, visits the doctor. The doctor asks about the details of the accident and the patient's symptoms. The patient reports no popping sensation, only a stretching feeling and subsequent swelling. They were able to get out of the water by themselves, but movement like squatting and bending is painful. This is the first time the patient injured their knee. The doctor also discusses the patient's high blood pressure and confirms they are taking their medication without any issues. The doctor asks about any foot numbness or tingling, to which the patient responds with only swelling and pain in the knee. The patient has been taking over-the-counter Aleve and using cold packs for pain relief. The doctor notes that the patient had tonsil surgery in the past and proceeds with a physical examination. The findings include good blood pressure management, no abnormalities in the neck and heart exams, clear lungs, swelling and pain in the right knee, decreased range of motion, and some inflammation. The doctor suspects a medial collateral ligament strain and plans to order an x-ray to rule out any broken bones. They will refer the patient to physical therapy for muscle strengthening. The doctor will also prescribe meloxicam for swelling and pain. The patient asks if they can still ski with the medication, but the doctor advises them to rest and avoid skiing until further evaluation. Regarding hypertension, the doctor will continue the current medication, order a lipid panel test, and administer a tetanus shot as needed. The patient agrees with the treatment plan and thanks the doctor."
  ],