{
  "rouge1": [
    0.41684665226781864,
    0.4057971014492754,
    0.2153846153846154,
    0.42884990253411304
  ],
  "rouge2": [
    0.1645021645021645,
    0.13570274636510501,
    0.06191950464396285,
    0.17612524461839532
  ],
  "rougeL": [
    0.23974082073434125,
    0.20933977455716585,
    0.12307692307692308,
    0.2573099415204678
  ],
  "rougeLsum": [
    0.3736501079913607,
    0.30595813204508854,
    0.14153846153846153,
    0.37816764132553604
  ],
  "bertscore_precision": [
    0.6254502534866333,
    0.6242192983627319,
    0.510578989982605,
    0.6529718637466431
  ],
  "bertscore_recall": [
    0.5682733654975891,
    0.5839918851852417,
    0.6417804956436157,
    0.6126722693443298
  ],
  "bertscore_f1": [
    0.5954924821853638,
    0.6034358739852905,
    0.5687108039855957,
    0.6321805119514465
  ],
  "bleurt": [
    0.38748472929000854,
    0.40430641174316406,
    0.5085773468017578,
    0.3715336322784424
  ],
  "pred_note": [
    "The patient, Andrew, is a 59-year-old male with a medical history of depression, type two diabetes, and hypertension. He presents with symptoms of an upper respiratory infection, including fatigue, shortness of breath, and possible onset of a cold. Andrew has received both doses of the COVID vaccine and has no history of seasonal allergies. His shortness of breath is primarily experienced while lifting or carrying heavy objects. He reports muscle pain in his elbows and fatigue in his knees, which he attributes to physical exertion. Andrew's other medical conditions, including depression, diabetes, and hypertension, are being managed. He monitors his blood sugar levels regularly and has noticed no significant elevations. He also checks his blood pressure regularly and is taking his prescribed medications. Physical examination reveals scattered ronchi bilaterally on the lung exam, edema in the lower extremities, and tenderness in the elbows upon palpation. Chest x-ray results show no signs of pneumonia or airspace disease. Diabetic labs reveal an elevated hemoglobin A1c of eight. The doctor suspects a viral upper respiratory infection and plans to conduct a COVID test. The doctor suggests taking robitussin for the cough and ibuprofen or Tylenol for fever. Regarding the patient's depression, the doctor suggests considering medication or psychotherapy in the future. The doctor plans to increase Andrew's metformin dosage for his diabetes and orders another hemoglobin A1c test in four months. The patient's high blood pressure is being well-managed with lisinopril, and a lipid panel is ordered. The doctor schedules a follow-up appointment in four months and advises the patient to seek further medical attention if symptoms worsen.",
    "The patient, Andrew, is a 59-year-old male with a medical history of depression, type two diabetes, and hypertension. He presents with symptoms of an upper respiratory infection, including fatigue, shortness of breath, and possible onset of a cold. Andrew has received both doses of the COVID vaccine and has no history of seasonal allergies. His shortness of breath is primarily experienced while lifting or carrying heavy objects. He reports muscle pain in his elbows and fatigue in his knees, which he attributes to physical exertion. Andrew's other medical conditions, including depression, diabetes, and hypertension, are being managed. He monitors his blood sugar levels regularly and has noticed no significant elevations. He also checks his blood pressure regularly and is taking his prescribed medications. Physical examination reveals scattered ronchi bilaterally on the lung exam, edema in the lower extremities, and tenderness in the elbows upon palpation. Chest x-ray results show no signs of pneumonia or airspace disease. Diabetic labs reveal an elevated hemoglobin A1c of eight. The doctor suspects a viral upper respiratory infection and plans to conduct a COVID test. The doctor suggests taking robitussin for the cough and ibuprofen or Tylenol for fever. Regarding the patient's depression, the doctor suggests considering medication or psychotherapy in the future. The doctor plans to increase Andrew's metformin dosage for his diabetes and orders another hemoglobin A1c test in four months. The patient's high blood pressure is being well-managed with lisinopril, and a lipid panel is ordered. The doctor schedules a follow-up appointment in four months and advises the patient to seek further medical attention if symptoms worsen.",
    "The patient, Andrew, is a 59-year-old male with a medical history of depression, type two diabetes, and hypertension. He presents with symptoms of an upper respiratory infection, including fatigue, shortness of breath, and possible onset of a cold. Andrew has received both doses of the COVID vaccine and has no history of seasonal allergies. His shortness of breath is primarily experienced while lifting or carrying heavy objects. He reports muscle pain in his elbows and fatigue in his knees, which he attributes to physical exertion. Andrew's other medical conditions, including depression, diabetes, and hypertension, are being managed. He monitors his blood sugar levels regularly and has noticed no significant elevations. He also checks his blood pressure regularly and is taking his prescribed medications. Physical examination reveals scattered ronchi bilaterally on the lung exam, edema in the lower extremities, and tenderness in the elbows upon palpation. Chest x-ray results show no signs of pneumonia or airspace disease. Diabetic labs reveal an elevated hemoglobin A1c of eight. The doctor suspects a viral upper respiratory infection and plans to conduct a COVID test. The doctor suggests taking robitussin for the cough and ibuprofen or Tylenol for fever. Regarding the patient's depression, the doctor suggests considering medication or psychotherapy in the future. The doctor plans to increase Andrew's metformin dosage for his diabetes and orders another hemoglobin A1c test in four months. The patient's high blood pressure is being well-managed with lisinopril, and a lipid panel is ordered. The doctor schedules a follow-up appointment in four months and advises the patient to seek further medical attention if symptoms worsen.",
