{
  "rouge1": [
    0.5141451414514144,
    0.2484725050916497,
    0.2780082987551868,
    0.39008264462809916
  ],
  "rouge2": [
    0.18742293464858198,
    0.06543967280163598,
    0.12916666666666665,
    0.12603648424543945
  ],
  "rougeL": [
    0.22140221402214022,
    0.10997963340122201,
    0.12863070539419086,
    0.2016528925619835
  ],
  "rougeLsum": [
    0.44526445264452646,
    0.19959266802443992,
    0.23236514522821575,
    0.3008264462809917
  ],
  "bertscore_precision": [
    0.6257001757621765,
    0.5275009274482727,
    0.5427138805389404,
    0.612388551235199
  ],
  "bertscore_recall": [
    0.62343430519104,
    0.6401852369308472,
    0.6773014068603516,
    0.6472452878952026
  ],
  "bertscore_f1": [
    0.6245651841163635,
    0.5784059166908264,
    0.6025840044021606,
    0.6293346881866455
  ],
  "bleurt": [
    0.4350000023841858,
    0.45963943004608154,
    0.4695102572441101,
    0.3010810911655426
  ],
  "pred_note": [
    "Patient: Kelly Wood, born February 15th, 1979. Presented with hematuria and came for a renal ultrasound. Urine dipstick results were negative for leukocytes, nitrates, protein, ketones, bilirubin, and glucose. Urine color is yellow and clear, urobilinogen 0.2, pH 5.5, specific gravity 1.020, and there is a trace amount of blood in the urine. Renal ultrasound findings show a 10 cm x 5 cm right kidney with no stones, masses, or hydronephrosis. Left kidney measures 10.8 cm x 5 cm with a non-obstructing 6 mm renal stone. Pre-void urine volume is 533 mL and post-void is 0 mL. \n\nDoctor: Informs Mrs. Wood about the ultrasound findings, confirming the presence of one non-obstructing kidney stone in the left kidney. Mrs. Wood shares her previous experience of passing two small stones and having episodes of bright red urine and pain while urinating. Pain level at the time was an eight out of ten.\n\nPatient: Reports that pain and discomfort have improved after passing the stones.\n\nDoctor: Notes that Mrs. Wood is currently taking alavert 10 mg and has no drug allergies.\n\nDoctor: Discusses the cause of kidney stones, mentioning factors such as dehydration, family history, certain foods, digestive tract disease, and certain medical conditions.\n\nPatient: Admits to not drinking enough water and consuming sugary drinks like Mountain Dew.\n\nDoctor: Advises Mrs. Wood to drink about half of her body weight in ounces of water per day and avoid sugary drinks. Also recommends reducing sodium intake and limiting consumption of beef, poultry, fish, and pork.\n\nPatient: Asks about specific foods to avoid.\n\nDoctor: Mentions foods rich in sodium oxalate, such as spinach, chocolate, beets, rhubarb, and soy products.\n\nPatient: Expresses willingness to make dietary changes to prevent future kidney stones.\n\nDoctor: Provides a handout with dietary recommendations and instructions on what to avoid.\n\nPatient: Appreciates having information in writing to aid in remembering.\n\nDoctor: Instructs Mrs. Wood to return next year unless she experiences bleeding or pain. Advises her to seek emergency care if she experiences severe pain or bright red blood in her urine.\n\nDoctor: Complete encounter notes with the primary diagnosis of hematuria and secondary diagnosis of chronic urolithiasis. Walks Mrs. Wood to the check-out area.\n\nPatient: Hopes not to experience any further issues and looks forward to seeing the doctor next year.",
    "Patient: Kelly Wood, born February 15th, 1979. Presented with hematuria and came for a renal ultrasound. Urine dipstick results were negative for leukocytes, nitrates, protein, ketones, bilirubin, and glucose. Urine color is yellow and clear, urobilinogen 0.2, pH 5.5, specific gravity 1.020, and there is a trace amount of blood in the urine. Renal ultrasound findings show a 10 cm x 5 cm right kidney with no stones, masses, or hydronephrosis. Left kidney measures 10.8 cm x 5 cm with a non-obstructing 6 mm renal stone. Pre-void urine volume is 533 mL and post-void is 0 mL. \n\nDoctor: Informs Mrs. Wood about the ultrasound findings, confirming the presence of one non-obstructing kidney stone in the left kidney. Mrs. Wood shares her previous experience of passing two small stones and having episodes of bright red urine and pain while urinating. Pain level at the time was an eight out of ten.\n\nPatient: Reports that pain and discomfort have improved after passing the stones.\n\nDoctor: Notes that Mrs. Wood is currently taking alavert 10 mg and has no drug allergies.\n\nDoctor: Discusses the cause of kidney stones, mentioning factors such as dehydration, family history, certain foods, digestive tract disease, and certain medical conditions.\n\nPatient: Admits to not drinking enough water and consuming sugary drinks like Mountain Dew.\n\nDoctor: Advises Mrs. Wood to drink about half of her body weight in ounces of water per day and avoid sugary drinks. Also recommends reducing sodium intake and limiting consumption of beef, poultry, fish, and pork.\n\nPatient: Asks about specific foods to avoid.\n\nDoctor: Mentions foods rich in sodium oxalate, such as spinach, chocolate, beets, rhubarb, and soy products.\n\nPatient: Expresses willingness to make dietary changes to prevent future kidney stones.\n\nDoctor: Provides a handout with dietary recommendations and instructions on what to avoid.\n\nPatient: Appreciates having information in writing to aid in remembering.\n\nDoctor: Instructs Mrs. Wood to return next year unless she experiences bleeding or pain. Advises her to seek emergency care if she experiences severe pain or bright red blood in her urine.\n\nDoctor: Complete encounter notes with the primary diagnosis of hematuria and secondary diagnosis of chronic urolithiasis. Walks Mrs. Wood to the check-out area.\n\nPatient: Hopes not to experience any further issues and looks forward to seeing the doctor next year.",
