{
  "rouge1": [
    0.40645161290322585,
    0.41326530612244894,
    0.2149532710280374,
    0.44776119402985076
  ],
  "rouge2": [
    0.16181229773462782,
    0.14871794871794874,
    0.05660377358490566,
    0.16816816816816815
  ],
  "rougeL": [
    0.27419354838709675,
    0.2755102040816327,
    0.14018691588785046,
    0.27462686567164174
  ],
  "rougeLsum": [
    0.34516129032258064,
    0.3112244897959183,
    0.14018691588785046,
    0.3880597014925373
  ],
  "bertscore_precision": [
    0.6679198145866394,
    0.6622557044029236,
    0.5263388156890869,
    0.6760521531105042
  ],
  "bertscore_recall": [
    0.5654483437538147,
    0.6319078803062439,
    0.6139124631881714,
    0.6103377938270569
  ],
  "bertscore_f1": [
    0.612427294254303,
    0.6467259526252747,
    0.5667627453804016,
    0.6415165066719055
  ],
  "bleurt": [
    0.37205708026885986,
    0.48262691497802734,
    0.4541465640068054,
    0.5267146825790405
  ],
  "pred_note": [
    "Cheryl, a 34-year-old female with a history of hypertension, presents with back pain. She experienced the pain six days ago after walking for an extended period. She has been taking ibuprofen and applying heat but still experiences stiffness. She has been lifting weights three times a week, including deadlifts. The pain is primarily in the lower back on both sides. There is no numbness, tingling, or weakness in her legs. Cheryl's blood pressure has been well controlled with lisinopril. She has nasal congestion due to seasonal allergies. Physical examination reveals tenderness and pain in the lumbar spine, with pain during flexion and extension. Straight leg raise is negative. X-ray and lab results are normal. The diagnosis is lumbar strain, likely due to lifting or exercise. Treatment includes prescribing meloxicam, applying ice or heat, and referral to physical therapy for strengthening exercises. Cheryl should continue taking lisinopril and report any increases in blood pressure readings. She needs a refill of lisinopril, which the doctor orders.",
    "Cheryl, a 34-year-old female with a history of hypertension, presents with back pain. She experienced the pain six days ago after walking for an extended period. She has been taking ibuprofen and applying heat but still experiences stiffness. She has been lifting weights three times a week, including deadlifts. The pain is primarily in the lower back on both sides. There is no numbness, tingling, or weakness in her legs. Cheryl's blood pressure has been well controlled with lisinopril. She has nasal congestion due to seasonal allergies. Physical examination reveals tenderness and pain in the lumbar spine, with pain during flexion and extension. Straight leg raise is negative. X-ray and lab results are normal. The diagnosis is lumbar strain, likely due to lifting or exercise. Treatment includes prescribing meloxicam, applying ice or heat, and referral to physical therapy for strengthening exercises. Cheryl should continue taking lisinopril and report any increases in blood pressure readings. She needs a refill of lisinopril, which the doctor orders.",
    "Cheryl, a 34-year-old female with a history of hypertension, presents with back pain. She experienced the pain six days ago after walking for an extended period. She has been taking ibuprofen and applying heat but still experiences stiffness. She has been lifting weights three times a week, including deadlifts. The pain is primarily in the lower back on both sides. There is no numbness, tingling, or weakness in her legs. Cheryl's blood pressure has been well controlled with lisinopril. She has nasal congestion due to seasonal allergies. Physical examination reveals tenderness and pain in the lumbar spine, with pain during flexion and extension. Straight leg raise is negative. X-ray and lab results are normal. The diagnosis is lumbar strain, likely due to lifting or exercise. Treatment includes prescribing meloxicam, applying ice or heat, and referral to physical therapy for strengthening exercises. Cheryl should continue taking lisinopril and report any increases in blood pressure readings. She needs a refill of lisinopril, which the doctor orders.",
    "Cheryl, a 34-year-old female with a history of hypertension, presents with back pain. She experienced the pain six days ago after walking for an extended period. She has been taking ibuprofen and applying heat but still experiences stiffness. She has been lifting weights three times a week, including deadlifts. The pain is primarily in the lower back on both sides. There is no numbness, tingling, or weakness in her legs. Cheryl's blood pressure has been well controlled with lisinopril. She has nasal congestion due to seasonal allergies. Physical examination reveals tenderness and pain in the lumbar spine, with pain during flexion and extension. Straight leg raise is negative. X-ray and lab results are normal. The diagnosis is lumbar strain, likely due to lifting or exercise. Treatment includes prescribing meloxicam, applying ice or heat, and referral to physical therapy for strengthening exercises. Cheryl should continue taking lisinopril and report any increases in blood pressure readings. She needs a refill of lisinopril, which the doctor orders."
  ],