{
  "rouge1": [
    0.4796274738067521,
    0.45724907063197023,
    0.16019417475728157,
    0.3775510204081633
  ],
  "rouge2": [
    0.17502917152858807,
    0.16044776119402984,
    0.01951219512195122,
    0.11262798634812288
  ],
  "rougeL": [
    0.23981373690337604,
    0.19702602230483268,
    0.0970873786407767,
    0.21428571428571427
  ],
  "rougeLsum": [
    0.3678696158323632,
    0.2676579925650558,
    0.0970873786407767,
    0.28231292517006806
  ],
  "bertscore_precision": [
    0.6387873291969299,
    0.6279860734939575,
    0.44999808073043823,
    0.5935052633285522
  ],
  "bertscore_recall": [
    0.6133793592453003,
    0.7165447473526001,
    0.5748803615570068,
    0.6145711541175842
  ],
  "bertscore_f1": [
    0.6258255243301392,
    0.6693488955497742,
    0.5048307180404663,
    0.6038545370101929
  ],
  "bleurt": [
    0.5121332406997681,
    0.5396507978439331,
    0.39456045627593994,
    0.42231452465057373
  ],
  "pred_note": [
    "Summary:\nKayla Ward, a 7th grade student, is at the doctor's office for a new visit with her mother regarding her acne, which started two years ago. She has been using Persa-Gel and washing regularly, which has been somewhat helpful. There are no associated symptoms such as itching, bleeding, or pain. Kayla lives with her parents, sister, and pets (a dog, bird, and bunnies). She also participates in sports. Dr. Price asks about the acne on her chest and back, to which Kayla responds that it's not too bad and that she has used over-the-counter washes and Persa-Gel. Kayla's current skincare routine involves wiping her face down in the morning and using the ELF Super Clarity cleanser, toner, and Persa-Gel at night. She sometimes uses the cleanser in the morning if needed. Kayla describes today as a good day for her skin. She does not experience acne flare-ups with her periods and has been getting regular periods for about two years. The biggest flare-up occurred when she started school sports. Mrs. Ward, Kayla's mother, mentions that Kayla has been diligent with her skincare regimen, but it hasn't helped as much as they hoped. Dr. Price performs a full examination and diagnoses Kayla with mild to moderate acne, primarily comodonal with a small inflammatory component. He recommends starting with topical therapy, including washing her face with a mild cleanser in the morning, using a noncomedogenic moisturizer with SPF 30, and applying adapalene, 0.1% cream, in the evening. He advises starting with a few nights a week and gradually increasing to nightly use. If the prescribed medication is expensive or not covered by insurance, over-the-counter alternatives can be tried. Dr. Price also mentions that Kayla has multiple benign moles, which appear normal and do not raise concerns. The next follow-up is scheduled in six months. Kayla agrees to the treatment plan and thanks the doctor. The doctor instructs her to reach out if she has any questions or concerns before the next visit.",
    "Summary:\nKayla Ward, a 7th grade student, is at the doctor's office for a new visit with her mother regarding her acne, which started two years ago. She has been using Persa-Gel and washing regularly, which has been somewhat helpful. There are no associated symptoms such as itching, bleeding, or pain. Kayla lives with her parents, sister, and pets (a dog, bird, and bunnies). She also participates in sports. Dr. Price asks about the acne on her chest and back, to which Kayla responds that it's not too bad and that she has used over-the-counter washes and Persa-Gel. Kayla's current skincare routine involves wiping her face down in the morning and using the ELF Super Clarity cleanser, toner, and Persa-Gel at night. She sometimes uses the cleanser in the morning if needed. Kayla describes today as a good day for her skin. She does not experience acne flare-ups with her periods and has been getting regular periods for about two years. The biggest flare-up occurred when she started school sports. Mrs. Ward, Kayla's mother, mentions that Kayla has been diligent with her skincare regimen, but it hasn't helped as much as they hoped. Dr. Price performs a full examination and diagnoses Kayla with mild to moderate acne, primarily comodonal with a small inflammatory component. He recommends starting with topical therapy, including washing her face with a mild cleanser in the morning, using a noncomedogenic moisturizer with SPF 30, and applying adapalene, 0.1% cream, in the evening. He advises starting with a few nights a week and gradually increasing to nightly use. If the prescribed medication is expensive or not covered by insurance, over-the-counter alternatives can be tried. Dr. Price also mentions that Kayla has multiple benign moles, which appear normal and do not raise concerns. The next follow-up is scheduled in six months. Kayla agrees to the treatment plan and thanks the doctor. The doctor instructs her to reach out if she has any questions or concerns before the next visit.",
    "Summary:\nKayla Ward, a 7th grade student, is at the doctor's office for a new visit with her mother regarding her acne, which started two years ago. She has been using Persa-Gel and washing regularly, which has been somewhat helpful. There are no associated symptoms such as itching, bleeding, or pain. Kayla lives with her parents, sister, and pets (a dog, bird, and bunnies). She also participates in sports. Dr. Price asks about the acne on her chest and back, to which Kayla responds that it's not too bad and that she has used over-the-counter washes and Persa-Gel. Kayla's current skincare routine involves wiping her face down in the morning and using the ELF Super Clarity cleanser, toner, and Persa-Gel at night. She sometimes uses the cleanser in the morning if needed. Kayla describes today as a good day for her skin. She does not experience acne flare-ups with her periods and has been getting regular periods for about two years. The biggest flare-up occurred when she started school sports. Mrs. Ward, Kayla's mother, mentions that Kayla has been diligent with her skincare regimen, but it hasn't helped as much as they hoped. Dr. Price performs a full examination and diagnoses Kayla with mild to moderate acne, primarily comodonal with a small inflammatory component. He recommends starting with topical therapy, including washing her face with a mild cleanser in the morning, using a noncomedogenic moisturizer with SPF 30, and applying adapalene, 0.1% cream, in the evening. He advises starting with a few nights a week and gradually increasing to nightly use. If the prescribed medication is expensive or not covered by insurance, over-the-counter alternatives can be tried. Dr. Price also mentions that Kayla has multiple benign moles, which appear normal and do not raise concerns. The next follow-up is scheduled in six months. Kayla agrees to the treatment plan and thanks the doctor. The doctor instructs her to reach out if she has any questions or concerns before the next visit.",
