{
  "rouge1": [
    0.3663551401869159,
    0.4324324324324324,
    0.17721518987341772,
    0.42379182156133827
  ],
  "rouge2": [
    0.19136960600375236,
    0.2175226586102719,
    0.10256410256410256,
    0.20224719101123595
  ],
  "rougeL": [
    0.2803738317757009,
    0.2882882882882883,
    0.15189873417721522,
    0.2973977695167286
  ],
  "rougeLsum": [
    0.3514018691588785,
    0.38438438438438444,
    0.16455696202531647,
    0.4014869888475836
  ],
  "bertscore_precision": [
    0.6629570126533508,
    0.6566518545150757,
    0.5303354859352112,
    0.6540667414665222
  ],
  "bertscore_recall": [
    0.5239027738571167,
    0.5808388590812683,
    0.5854874849319458,
    0.5764890313148499
  ],
  "bertscore_f1": [
    0.5852839946746826,
    0.6164230704307556,
    0.5565484762191772,
    0.6128324866294861
  ],
  "bleurt": [
    0.357460081577301,
    0.439492404460907,
    0.4452277421951294,
    0.422161340713501
  ],
  "pred_note": [
    "The patient, Elizabeth, is a 66-year-old female with a history of depression and hypertension. She presents for her annual exam. Elizabeth has been going to therapy once a week and has a good support system at home. Her blood pressure has been normal and she has been taking the prescribed medication for hypertension. During the physical exam, a slight 2/6 systolic ejection murmur and trace lower extremity edema are noted. The EKG results are normal. The doctor determines that Elizabeth is managing her depression well and does not need medication at this time. The plan is to continue the current medication for hypertension, monitor blood pressure, schedule a mammogram, and take all medications at the same time.",
    "The patient, Elizabeth, is a 66-year-old female with a history of depression and hypertension. She presents for her annual exam. Elizabeth has been going to therapy once a week and has a good support system at home. Her blood pressure has been normal and she has been taking the prescribed medication for hypertension. During the physical exam, a slight 2/6 systolic ejection murmur and trace lower extremity edema are noted. The EKG results are normal. The doctor determines that Elizabeth is managing her depression well and does not need medication at this time. The plan is to continue the current medication for hypertension, monitor blood pressure, schedule a mammogram, and take all medications at the same time.",
    "The patient, Elizabeth, is a 66-year-old female with a history of depression and hypertension. She presents for her annual exam. Elizabeth has been going to therapy once a week and has a good support system at home. Her blood pressure has been normal and she has been taking the prescribed medication for hypertension. During the physical exam, a slight 2/6 systolic ejection murmur and trace lower extremity edema are noted. The EKG results are normal. The doctor determines that Elizabeth is managing her depression well and does not need medication at this time. The plan is to continue the current medication for hypertension, monitor blood pressure, schedule a mammogram, and take all medications at the same time.",
    "The patient, Elizabeth, is a 66-year-old female with a history of depression and hypertension. She presents for her annual exam. Elizabeth has been going to therapy once a week and has a good support system at home. Her blood pressure has been normal and she has been taking the prescribed medication for hypertension. During the physical exam, a slight 2/6 systolic ejection murmur and trace lower extremity edema are noted. The EKG results are normal. The doctor determines that Elizabeth is managing her depression well and does not need medication at this time. The plan is to continue the current medication for hypertension, monitor blood pressure, schedule a mammogram, and take all medications at the same time."
  ],
  "gt_note": [
    "CHIEF COMPLAINT\n\nAnnual exam.\n\nHISTORY OF PRESENT ILLNESS\n\nElizabeth Peterson is a 66-year-old female with a past medical history significant for depression and hypertension, who presents for her annual exam. It has been a year since I last saw the patient.\n\nThe patient reports that she is doing well. She has been to multiple events now that she has been able to get vaccinated for COVID-19. She reports that she has been able to see her grandchildren again and attend birthday parties.\n\nRegarding her depression, she has been going to therapy once a week for the past year. She reports that she is starting to go in person rather than virtual, which has helped even more. The patient has a good support system at home with her husband and her children live down the street.\n\nThe patient reports that her blood pressure has been doing well. She has been using the blood pressure cuff once a day and her readings seem normal. She has continued to utilize Lisinopril 20 mg daily, as prescribed.\n\nThe patient endorses nasal congestion. She denies any other symptoms of chest pain, shortness of breath, abdominal pain, nausea, or vomiting.\n\nREVIEW OF SYSTEMS\n\n\u2022 Ears, Nose, Mouth and Throat: Endorses nasal congestion.\n\u2022 Cardiovascular: Denies chest pain or dyspnea.\n\u2022 Respiratory: Denies shortness of breath.\n\u2022 Psychiatric: Endorses depression.\n\nPHYSICAL EXAMINATION\n\n\u2022 Neck: No carotid bruits appreciable.\n\u2022 Respiratory: Lungs are clear to auscultation bilaterally. No wheezes, rales, or rhonchi.\n\u2022 Cardiovascular: Slight 2/6 systolic ejection murmur, stable.\n\u2022 Musculoskeletal: Trace lower extremity edema bilaterally.\n\nRESULTS\n\nElectrocardiogram stable in comparison to last year.\n\nASSESSMENT AND PLAN\n\nElizabeth Peterson is a 66-year-old female with a past medical history significant for depression and hypertension. She presents today for her annual exam.\n\nDepression.\n\u2022 Medical Reasoning: She is doing well with weekly therapy. She also has a solid support system at home.\n\u2022 Medical Treatment: Continue with therapy and current management strategies. We will defer medication at this time.\n\nHypertension.\n\u2022 Medical Reasoning: This is well controlled based on daily home monitoring. She has been compliant with lisinopril.\n\u2022 Medical Treatment: Continue lisinopril 20 mg daily.\n\u2022 Patient Education and Counseling: I advised her to continue with daily home monitoring of her blood pressures. She will contact me via the patient portal for any elevation in these readings.\n\nHealthcare maintenance.\n\u2022 Medical Reasoning: She is due for her annual mammogram.\n\u2022 Additional Testing: We will order a mammogram for her.\n\nPatient Agreements: The patient understands and agrees with the recommended medical treatment plan.\n",
