{
  "rouge1": [
    0.44543429844098,
    0.40390879478827363,
    0.10328638497652581,
    0.3358778625954198
  ],
  "rouge2": [
    0.15659955257270694,
    0.13114754098360656,
    0.02843601895734597,
    0.13076923076923075
  ],
  "rougeL": [
    0.24053452115812918,
    0.19543973941368079,
    0.09389671361502348,
    0.20610687022900764
  ],
  "rougeLsum": [
    0.35634743875278396,
    0.3061889250814332,
    0.09389671361502348,
    0.23664122137404578
  ],
  "bertscore_precision": [
    0.6734656691551208,
    0.631003201007843,
    0.46500179171562195,
    0.6232439279556274
  ],
  "bertscore_recall": [
    0.565819263458252,
    0.6454263925552368,
    0.5523731708526611,
    0.6786620020866394
  ],
  "bertscore_f1": [
    0.6149672865867615,
    0.6381332874298096,
    0.5049357414245605,
    0.6497734785079956
  ],
  "bleurt": [
    0.36383509635925293,
    0.5307385921478271,
    0.4030872583389282,
    0.5417291522026062
  ],
  "pred_note": [
    "Doctor Isabella is seeing a new patient named Jose James, who is experiencing pain in his left shoulder and elbow for the past five months. The pain started after he fell while going up the stairs. Mr. James has been having difficulty lifting weights at the gym and has stopped exercising due to the pain. He and his wife continue to walk daily. He has tried icing but hasn't taken any medication for the pain. There is no numbness or tingling. During the physical examination, the doctor finds tenderness in the left shoulder and elbow and performs several tests which are positive for impingement syndrome of the left shoulder. The doctor recommends starting with physical therapy twice a week and, if that doesn't improve the pain, a cortisone injection can be considered. Mr. James agrees to try physical therapy first and will receive a referral order for therapy. He is advised to continue icing and resting, and to contact the doctor if his symptoms worsen or do not improve with therapy.",
    "Doctor Isabella is seeing a new patient named Jose James, who is experiencing pain in his left shoulder and elbow for the past five months. The pain started after he fell while going up the stairs. Mr. James has been having difficulty lifting weights at the gym and has stopped exercising due to the pain. He and his wife continue to walk daily. He has tried icing but hasn't taken any medication for the pain. There is no numbness or tingling. During the physical examination, the doctor finds tenderness in the left shoulder and elbow and performs several tests which are positive for impingement syndrome of the left shoulder. The doctor recommends starting with physical therapy twice a week and, if that doesn't improve the pain, a cortisone injection can be considered. Mr. James agrees to try physical therapy first and will receive a referral order for therapy. He is advised to continue icing and resting, and to contact the doctor if his symptoms worsen or do not improve with therapy.",
    "Doctor Isabella is seeing a new patient named Jose James, who is experiencing pain in his left shoulder and elbow for the past five months. The pain started after he fell while going up the stairs. Mr. James has been having difficulty lifting weights at the gym and has stopped exercising due to the pain. He and his wife continue to walk daily. He has tried icing but hasn't taken any medication for the pain. There is no numbness or tingling. During the physical examination, the doctor finds tenderness in the left shoulder and elbow and performs several tests which are positive for impingement syndrome of the left shoulder. The doctor recommends starting with physical therapy twice a week and, if that doesn't improve the pain, a cortisone injection can be considered. Mr. James agrees to try physical therapy first and will receive a referral order for therapy. He is advised to continue icing and resting, and to contact the doctor if his symptoms worsen or do not improve with therapy.",
    "Doctor Isabella is seeing a new patient named Jose James, who is experiencing pain in his left shoulder and elbow for the past five months. The pain started after he fell while going up the stairs. Mr. James has been having difficulty lifting weights at the gym and has stopped exercising due to the pain. He and his wife continue to walk daily. He has tried icing but hasn't taken any medication for the pain. There is no numbness or tingling. During the physical examination, the doctor finds tenderness in the left shoulder and elbow and performs several tests which are positive for impingement syndrome of the left shoulder. The doctor recommends starting with physical therapy twice a week and, if that doesn't improve the pain, a cortisone injection can be considered. Mr. James agrees to try physical therapy first and will receive a referral order for therapy. He is advised to continue icing and resting, and to contact the doctor if his symptoms worsen or do not improve with therapy."
  ],