{
  "rouge1": [
    0.2296395193591455,
    0.3038548752834467,
    0.09782608695652174,
    0.31662269129287596
  ],
  "rouge2": [
    0.06693440428380187,
    0.07289293849658314,
    0.010989010989010988,
    0.06366047745358092
  ],
  "rougeL": [
    0.1308411214953271,
    0.17233560090702948,
    0.06521739130434782,
    0.14775725593667546
  ],
  "rougeLsum": [
    0.20560747663551399,
    0.217687074829932,
    0.06521739130434782,
    0.2796833773087071
  ],
  "bertscore_precision": [
    0.6531226634979248,
    0.6532042026519775,
    0.4707556962966919,
    0.6412653923034668
  ],
  "bertscore_recall": [
    0.5182837843894958,
    0.5505776405334473,
    0.4996122717857361,
    0.546491265296936
  ],
  "bertscore_f1": [
    0.5779426097869873,
    0.5975162386894226,
    0.48475492000579834,
    0.590097188949585
  ],
  "bleurt": [
    0.4096866846084595,
    0.4655546545982361,
    0.4053487181663513,
    0.48838508129119873
  ],
  "pred_note": [
    "The doctor and patient discuss the patient's recent emergency room visit. The patient was experiencing elevated blood sugar and feeling woozy. They were not admitted to the hospital but did not monitor their diet closely, resulting in high blood sugar levels. The patient started feeling better after returning home and has since been following their diet. The doctor also discusses the patient's kidney transplant, which is currently stable, and their depression, which is being managed with meditation. The doctor recommends increasing the patient's lantus dosage for hyperglycemia and ordering another hemoglobin a1c test. They also suggest the patient continue their current strategies for managing depression and schedule a follow-up with the doctor managing their kidney transplant medications. Overall, the patient's vital signs and physical exam are normal during the visit.",
    "The doctor and patient discuss the patient's recent emergency room visit. The patient was experiencing elevated blood sugar and feeling woozy. They were not admitted to the hospital but did not monitor their diet closely, resulting in high blood sugar levels. The patient started feeling better after returning home and has since been following their diet. The doctor also discusses the patient's kidney transplant, which is currently stable, and their depression, which is being managed with meditation. The doctor recommends increasing the patient's lantus dosage for hyperglycemia and ordering another hemoglobin a1c test. They also suggest the patient continue their current strategies for managing depression and schedule a follow-up with the doctor managing their kidney transplant medications. Overall, the patient's vital signs and physical exam are normal during the visit.",
    "The doctor and patient discuss the patient's recent emergency room visit. The patient was experiencing elevated blood sugar and feeling woozy. They were not admitted to the hospital but did not monitor their diet closely, resulting in high blood sugar levels. The patient started feeling better after returning home and has since been following their diet. The doctor also discusses the patient's kidney transplant, which is currently stable, and their depression, which is being managed with meditation. The doctor recommends increasing the patient's lantus dosage for hyperglycemia and ordering another hemoglobin a1c test. They also suggest the patient continue their current strategies for managing depression and schedule a follow-up with the doctor managing their kidney transplant medications. Overall, the patient's vital signs and physical exam are normal during the visit.",
    "The doctor and patient discuss the patient's recent emergency room visit. The patient was experiencing elevated blood sugar and feeling woozy. They were not admitted to the hospital but did not monitor their diet closely, resulting in high blood sugar levels. The patient started feeling better after returning home and has since been following their diet. The doctor also discusses the patient's kidney transplant, which is currently stable, and their depression, which is being managed with meditation. The doctor recommends increasing the patient's lantus dosage for hyperglycemia and ordering another hemoglobin a1c test. They also suggest the patient continue their current strategies for managing depression and schedule a follow-up with the doctor managing their kidney transplant medications. Overall, the patient's vital signs and physical exam are normal during the visit."
  ],