{
  "rouge1": [
    0.4047976011994003,
    0.4339152119700749,
    0.273972602739726,
    0.4888888888888889
  ],
  "rouge2": [
    0.1774436090225564,
    0.16040100250626566,
    0.08294930875576037,
    0.21787709497206703
  ],
  "rougeL": [
    0.24887556221889054,
    0.25436408977556113,
    0.17351598173515984,
    0.3
  ],
  "rougeLsum": [
    0.37781109445277355,
    0.3541147132169576,
    0.19178082191780824,
    0.45
  ],
  "bertscore_precision": [
    0.6819544434547424,
    0.6595463156700134,
    0.5030201077461243,
    0.6627980470657349
  ],
  "bertscore_recall": [
    0.5685290098190308,
    0.6020965576171875,
    0.579974889755249,
    0.5864152908325195
  ],
  "bertscore_f1": [
    0.6200975775718689,
    0.6295133829116821,
    0.5387634038925171,
    0.6222714781761169
  ],
  "bleurt": [
    0.3880552351474762,
    0.40847647190093994,
    0.44780880212783813,
    0.426389217376709
  ],
  "pred_note": [
    "The patient, Andrea, is a 52-year-old female with a medical history of rheumatoid arthritis, atrial fibrillation, and reflux. She presents for her annual exam. Andrea reports that she has been doing well, with no joint pain or issues with her medication (methotrexate). However, she has been experiencing palpitations related to her atrial fibrillation, especially when stressed. She has been trying meditation and exercise to relieve stress but with limited success. Her reflux symptoms have improved with medication (protonix) and dietary modifications. Physical examination reveals a slight systolic ejection murmur, clear lungs, and pain in her right elbow. Event monitor results show that Andrea is in and out of atrial fibrillation. Autoimmune panel results indicate well-controlled rheumatoid arthritis. The doctor plans to continue Andrea on methotrexate for her rheumatoid arthritis, refer her to cardiology for a cardiac ablation to maintain normal sinus rhythm, and continue protonix for reflux along with dietary modifications. Andrea will also be provided with a refill for methotrexate.",
    "The patient, Andrea, is a 52-year-old female with a medical history of rheumatoid arthritis, atrial fibrillation, and reflux. She presents for her annual exam. Andrea reports that she has been doing well, with no joint pain or issues with her medication (methotrexate). However, she has been experiencing palpitations related to her atrial fibrillation, especially when stressed. She has been trying meditation and exercise to relieve stress but with limited success. Her reflux symptoms have improved with medication (protonix) and dietary modifications. Physical examination reveals a slight systolic ejection murmur, clear lungs, and pain in her right elbow. Event monitor results show that Andrea is in and out of atrial fibrillation. Autoimmune panel results indicate well-controlled rheumatoid arthritis. The doctor plans to continue Andrea on methotrexate for her rheumatoid arthritis, refer her to cardiology for a cardiac ablation to maintain normal sinus rhythm, and continue protonix for reflux along with dietary modifications. Andrea will also be provided with a refill for methotrexate.",
    "The patient, Andrea, is a 52-year-old female with a medical history of rheumatoid arthritis, atrial fibrillation, and reflux. She presents for her annual exam. Andrea reports that she has been doing well, with no joint pain or issues with her medication (methotrexate). However, she has been experiencing palpitations related to her atrial fibrillation, especially when stressed. She has been trying meditation and exercise to relieve stress but with limited success. Her reflux symptoms have improved with medication (protonix) and dietary modifications. Physical examination reveals a slight systolic ejection murmur, clear lungs, and pain in her right elbow. Event monitor results show that Andrea is in and out of atrial fibrillation. Autoimmune panel results indicate well-controlled rheumatoid arthritis. The doctor plans to continue Andrea on methotrexate for her rheumatoid arthritis, refer her to cardiology for a cardiac ablation to maintain normal sinus rhythm, and continue protonix for reflux along with dietary modifications. Andrea will also be provided with a refill for methotrexate.",
    "The patient, Andrea, is a 52-year-old female with a medical history of rheumatoid arthritis, atrial fibrillation, and reflux. She presents for her annual exam. Andrea reports that she has been doing well, with no joint pain or issues with her medication (methotrexate). However, she has been experiencing palpitations related to her atrial fibrillation, especially when stressed. She has been trying meditation and exercise to relieve stress but with limited success. Her reflux symptoms have improved with medication (protonix) and dietary modifications. Physical examination reveals a slight systolic ejection murmur, clear lungs, and pain in her right elbow. Event monitor results show that Andrea is in and out of atrial fibrillation. Autoimmune panel results indicate well-controlled rheumatoid arthritis. The doctor plans to continue Andrea on methotrexate for her rheumatoid arthritis, refer her to cardiology for a cardiac ablation to maintain normal sinus rhythm, and continue protonix for reflux along with dietary modifications. Andrea will also be provided with a refill for methotrexate."
  ],