{
  "rouge1": [
    0.41791044776119407,
    0.38150289017341044,
    0.044444444444444446,
    0.1639344262295082
  ],
  "rouge2": [
    0.11999999999999998,
    0.11627906976744186,
    0.0,
    0.057851239669421496
  ],
  "rougeL": [
    0.2338308457711443,
    0.20231213872832368,
    0.035555555555555556,
    0.12295081967213115
  ],
  "rougeLsum": [
    0.3283582089552239,
    0.2716763005780347,
    0.035555555555555556,
    0.13934426229508196
  ],
  "bertscore_precision": [
    0.6263340711593628,
    0.6064474582672119,
    0.37109068036079407,
    0.49000275135040283
  ],
  "bertscore_recall": [
    0.5769608020782471,
    0.6432874202728271,
    0.530947208404541,
    0.6008859276771545
  ],
  "bertscore_f1": [
    0.6006345152854919,
    0.6243244409561157,
    0.4368543028831482,
    0.539808988571167
  ],
  "bleurt": [
    0.369285523891449,
    0.5397714376449585,
    0.3793172240257263,
    0.5331131219863892
  ],
  "pred_note": [
    "In this dialogue, the patient, Judy Gomez, visits the doctor for ongoing management of her psoriatic arthritis. The doctor asks about her well-being and mentions the previous discussion about decreasing her prednisone dose. Judy confirms that she is now only taking one prednisone pill and reports that it seems to be enough, although she occasionally takes an extra one when experiencing extra pain in her feet. The doctor notes that they are still on track for discontinuing the prednisone and asks about the effectiveness of methotrexate in relieving joint pain. Judy confirms that it helped, but she had to skip a week of methotrexate due to concerns about its interference with a COVID vaccine. She experienced severe symptoms during that week but resumed taking methotrexate and felt better. The doctor expresses the need to monitor methotrexate due to its high-risk nature and mentions the need for blood work in the future. Judy asks about the bruises she is experiencing, and the doctor attributes them to the prednisone, assuring her that they may disappear once she stops taking it. The doctor then examines Judy's joints and concludes that her treatment is progressing well. They decide to discontinue prednisone, continue with methotrexate, and schedule a follow-up appointment in three months.",
    "In this dialogue, the patient, Judy Gomez, visits the doctor for ongoing management of her psoriatic arthritis. The doctor asks about her well-being and mentions the previous discussion about decreasing her prednisone dose. Judy confirms that she is now only taking one prednisone pill and reports that it seems to be enough, although she occasionally takes an extra one when experiencing extra pain in her feet. The doctor notes that they are still on track for discontinuing the prednisone and asks about the effectiveness of methotrexate in relieving joint pain. Judy confirms that it helped, but she had to skip a week of methotrexate due to concerns about its interference with a COVID vaccine. She experienced severe symptoms during that week but resumed taking methotrexate and felt better. The doctor expresses the need to monitor methotrexate due to its high-risk nature and mentions the need for blood work in the future. Judy asks about the bruises she is experiencing, and the doctor attributes them to the prednisone, assuring her that they may disappear once she stops taking it. The doctor then examines Judy's joints and concludes that her treatment is progressing well. They decide to discontinue prednisone, continue with methotrexate, and schedule a follow-up appointment in three months.",
    "In this dialogue, the patient, Judy Gomez, visits the doctor for ongoing management of her psoriatic arthritis. The doctor asks about her well-being and mentions the previous discussion about decreasing her prednisone dose. Judy confirms that she is now only taking one prednisone pill and reports that it seems to be enough, although she occasionally takes an extra one when experiencing extra pain in her feet. The doctor notes that they are still on track for discontinuing the prednisone and asks about the effectiveness of methotrexate in relieving joint pain. Judy confirms that it helped, but she had to skip a week of methotrexate due to concerns about its interference with a COVID vaccine. She experienced severe symptoms during that week but resumed taking methotrexate and felt better. The doctor expresses the need to monitor methotrexate due to its high-risk nature and mentions the need for blood work in the future. Judy asks about the bruises she is experiencing, and the doctor attributes them to the prednisone, assuring her that they may disappear once she stops taking it. The doctor then examines Judy's joints and concludes that her treatment is progressing well. They decide to discontinue prednisone, continue with methotrexate, and schedule a follow-up appointment in three months.",
    "In this dialogue, the patient, Judy Gomez, visits the doctor for ongoing management of her psoriatic arthritis. The doctor asks about her well-being and mentions the previous discussion about decreasing her prednisone dose. Judy confirms that she is now only taking one prednisone pill and reports that it seems to be enough, although she occasionally takes an extra one when experiencing extra pain in her feet. The doctor notes that they are still on track for discontinuing the prednisone and asks about the effectiveness of methotrexate in relieving joint pain. Judy confirms that it helped, but she had to skip a week of methotrexate due to concerns about its interference with a COVID vaccine. She experienced severe symptoms during that week but resumed taking methotrexate and felt better. The doctor expresses the need to monitor methotrexate due to its high-risk nature and mentions the need for blood work in the future. Judy asks about the bruises she is experiencing, and the doctor attributes them to the prednisone, assuring her that they may disappear once she stops taking it. The doctor then examines Judy's joints and concludes that her treatment is progressing well. They decide to discontinue prednisone, continue with methotrexate, and schedule a follow-up appointment in three months."
  ],