{
  "rouge1": [
    0.3215984776403425,
    0.33268858800773693,
    0.16774193548387095,
    0.3356449375866852
  ],
  "rouge2": [
    0.12392755004766444,
    0.09320388349514563,
    0.07142857142857142,
    0.10848400556328233
  ],
  "rougeL": [
    0.20361560418648905,
    0.1586073500967118,
    0.12903225806451613,
    0.17475728155339804
  ],
  "rougeLsum": [
    0.30637488106565175,
    0.2823984526112186,
    0.16129032258064518,
    0.31900138696255204
  ],
  "bertscore_precision": [
    0.6221538782119751,
    0.5964711308479309,
    0.5258452892303467,
    0.6192961931228638
  ],
  "bertscore_recall": [
    0.6066181659698486,
    0.5970436334609985,
    0.6401757597923279,
    0.5915995836257935
  ],
  "bertscore_f1": [
    0.614287793636322,
    0.5967572331428528,
    0.5774053335189819,
    0.6051310896873474
  ],
  "bleurt": [
    0.3942298889160156,
    0.3911445736885071,
    0.3887200355529785,
    0.4087409973144531
  ],
  "pred_note": [
    "Patient information:\n- Patient's name: Diana Scott\n- Date of birth: 12/8/1920\n- Date of service: 7/9/2021\n- New patient\n\nMedical information:\n- Patient has been diagnosed with a heart murmur.\n- The heart murmur is new and described as worrisome.\n- No specific symptoms related to the heart murmur are reported.\n- Patient experiences severe leg pain.\n- Ankle swelling has been present for about 6 months, with fluctuating severity.\n- Patient has experienced recent weight loss, currently weighs 120 pounds.\n- No fever, chills, or other concerning symptoms reported.\n- Patient's son had a heart attack, brother had a stroke, and eldest sister had a heart problem.\n- Patient does not smoke and has no known allergies to medications.\n\nExamination findings:\n- Blood pressure is good.\n- No acute distress observed.\n- Systolic murmur heard at the right upper sternal border, with mild radiation to the carotids.\n- Gait is normal for age.\n\nAssessment and plan:\n- Suspected diagnosis of aortic stenosis based on the presence of a systolic murmur.\n- Symptoms may be due to severe aortic stenosis.\n- Echocardiogram ordered to assess cardiac structure and function.\n- Frequent premature ventricular contractions (PVCs) observed on EKG.\n- Further evaluation of PVCs and consideration of ischemic evaluation may be necessary.\n- Patient's leg pain and aortic stenosis warrant consideration of transcatheter aortic valve replacement (TAVR) procedure.\n- Patient will discuss treatment options with primary care provider.\n- Statin medication may be discontinued due to leg pain and lack of coronary artery disease history.\n- Levothyroxine for hyperthyroidism will continue as prescribed.\n- Follow-up appointment scheduled in 3-4 weeks to discuss echocardiogram results and next steps.",
    "Patient information:\n- Patient's name: Diana Scott\n- Date of birth: 12/8/1920\n- Date of service: 7/9/2021\n- New patient\n\nMedical information:\n- Patient has been diagnosed with a heart murmur.\n- The heart murmur is new and described as worrisome.\n- No specific symptoms related to the heart murmur are reported.\n- Patient experiences severe leg pain.\n- Ankle swelling has been present for about 6 months, with fluctuating severity.\n- Patient has experienced recent weight loss, currently weighs 120 pounds.\n- No fever, chills, or other concerning symptoms reported.\n- Patient's son had a heart attack, brother had a stroke, and eldest sister had a heart problem.\n- Patient does not smoke and has no known allergies to medications.\n\nExamination findings:\n- Blood pressure is good.\n- No acute distress observed.\n- Systolic murmur heard at the right upper sternal border, with mild radiation to the carotids.\n- Gait is normal for age.\n\nAssessment and plan:\n- Suspected diagnosis of aortic stenosis based on the presence of a systolic murmur.\n- Symptoms may be due to severe aortic stenosis.\n- Echocardiogram ordered to assess cardiac structure and function.\n- Frequent premature ventricular contractions (PVCs) observed on EKG.\n- Further evaluation of PVCs and consideration of ischemic evaluation may be necessary.\n- Patient's leg pain and aortic stenosis warrant consideration of transcatheter aortic valve replacement (TAVR) procedure.\n- Patient will discuss treatment options with primary care provider.\n- Statin medication may be discontinued due to leg pain and lack of coronary artery disease history.\n- Levothyroxine for hyperthyroidism will continue as prescribed.\n- Follow-up appointment scheduled in 3-4 weeks to discuss echocardiogram results and next steps.",
    "Patient information:\n- Patient's name: Diana Scott\n- Date of birth: 12/8/1920\n- Date of service: 7/9/2021\n- New patient\n\nMedical information:\n- Patient has been diagnosed with a heart murmur.\n- The heart murmur is new and described as worrisome.\n- No specific symptoms related to the heart murmur are reported.\n- Patient experiences severe leg pain.\n- Ankle swelling has been present for about 6 months, with fluctuating severity.\n- Patient has experienced recent weight loss, currently weighs 120 pounds.\n- No fever, chills, or other concerning symptoms reported.\n- Patient's son had a heart attack, brother had a stroke, and eldest sister had a heart problem.\n- Patient does not smoke and has no known allergies to medications.\n\nExamination findings:\n- Blood pressure is good.\n- No acute distress observed.\n- Systolic murmur heard at the right upper sternal border, with mild radiation to the carotids.\n- Gait is normal for age.\n\nAssessment and plan:\n- Suspected diagnosis of aortic stenosis based on the presence of a systolic murmur.\n- Symptoms may be due to severe aortic stenosis.\n- Echocardiogram ordered to assess cardiac structure and function.\n- Frequent premature ventricular contractions (PVCs) observed on EKG.\n- Further evaluation of PVCs and consideration of ischemic evaluation may be necessary.\n- Patient's leg pain and aortic stenosis warrant consideration of transcatheter aortic valve replacement (TAVR) procedure.\n- Patient will discuss treatment options with primary care provider.\n- Statin medication may be discontinued due to leg pain and lack of coronary artery disease history.\n- Levothyroxine for hyperthyroidism will continue as prescribed.\n- Follow-up appointment scheduled in 3-4 weeks to discuss echocardiogram results and next steps.",
