{
  "rouge1": [
    0.47377938517179025,
    0.5234159779614325,
    0.22033898305084748,
    0.41139240506329117
  ],
  "rouge2": [
    0.19963702359346644,
    0.23822714681440443,
    0.08547008547008547,
    0.1464968152866242
  ],
  "rougeL": [
    0.30018083182640143,
    0.3195592286501377,
    0.1440677966101695,
    0.23417721518987344
  ],
  "rougeLsum": [
    0.41952983725135623,
    0.42424242424242425,
    0.16101694915254236,
    0.3481012658227848
  ],
  "bertscore_precision": [
    0.6648498177528381,
    0.649573028087616,
    0.5104270577430725,
    0.6024757027626038
  ],
  "bertscore_recall": [
    0.5539950728416443,
    0.6061381697654724,
    0.591633141040802,
    0.5913912653923035
  ],
  "bertscore_f1": [
    0.6043813228607178,
    0.6271044015884399,
    0.5480382442474365,
    0.5968820452690125
  ],
  "bleurt": [
    0.46185988187789917,
    0.5406525731086731,
    0.49015653133392334,
    0.520044207572937
  ],
  "pred_note": [
    "Jerry is a 54-year-old male with osteoporosis and multiple sclerosis. He presents for an annual exam and mentions experiencing lack of sleep, which has been affecting him. He has tried various strategies for insomnia but nothing seems to help. Jerry does not report any issues with his joints or recent broken bones related to his osteoporosis. He last saw the neurologist six months ago for his multiple sclerosis and is currently taking the medication without any issues. He mentions a lingering issue with his knee surgery causing weakness in his right leg, but otherwise, he feels fine. The doctor does a physical exam and finds that Jerry's vital signs are good, his lungs are clear, and his heart sounds good. Jerry has weakness in his lower extremities, particularly in the right leg, and shows arthritic changes in his right knee. The doctor orders a refill of Fosamax for osteoporosis and advises Jerry to continue seeing the neurologist and taking the medication for multiple sclerosis. The doctor finalizes the note and asks Jerry if he has any questions, to which Jerry replies that he does not.",
    "Jerry is a 54-year-old male with osteoporosis and multiple sclerosis. He presents for an annual exam and mentions experiencing lack of sleep, which has been affecting him. He has tried various strategies for insomnia but nothing seems to help. Jerry does not report any issues with his joints or recent broken bones related to his osteoporosis. He last saw the neurologist six months ago for his multiple sclerosis and is currently taking the medication without any issues. He mentions a lingering issue with his knee surgery causing weakness in his right leg, but otherwise, he feels fine. The doctor does a physical exam and finds that Jerry's vital signs are good, his lungs are clear, and his heart sounds good. Jerry has weakness in his lower extremities, particularly in the right leg, and shows arthritic changes in his right knee. The doctor orders a refill of Fosamax for osteoporosis and advises Jerry to continue seeing the neurologist and taking the medication for multiple sclerosis. The doctor finalizes the note and asks Jerry if he has any questions, to which Jerry replies that he does not.",
    "Jerry is a 54-year-old male with osteoporosis and multiple sclerosis. He presents for an annual exam and mentions experiencing lack of sleep, which has been affecting him. He has tried various strategies for insomnia but nothing seems to help. Jerry does not report any issues with his joints or recent broken bones related to his osteoporosis. He last saw the neurologist six months ago for his multiple sclerosis and is currently taking the medication without any issues. He mentions a lingering issue with his knee surgery causing weakness in his right leg, but otherwise, he feels fine. The doctor does a physical exam and finds that Jerry's vital signs are good, his lungs are clear, and his heart sounds good. Jerry has weakness in his lower extremities, particularly in the right leg, and shows arthritic changes in his right knee. The doctor orders a refill of Fosamax for osteoporosis and advises Jerry to continue seeing the neurologist and taking the medication for multiple sclerosis. The doctor finalizes the note and asks Jerry if he has any questions, to which Jerry replies that he does not.",
    "Jerry is a 54-year-old male with osteoporosis and multiple sclerosis. He presents for an annual exam and mentions experiencing lack of sleep, which has been affecting him. He has tried various strategies for insomnia but nothing seems to help. Jerry does not report any issues with his joints or recent broken bones related to his osteoporosis. He last saw the neurologist six months ago for his multiple sclerosis and is currently taking the medication without any issues. He mentions a lingering issue with his knee surgery causing weakness in his right leg, but otherwise, he feels fine. The doctor does a physical exam and finds that Jerry's vital signs are good, his lungs are clear, and his heart sounds good. Jerry has weakness in his lower extremities, particularly in the right leg, and shows arthritic changes in his right knee. The doctor orders a refill of Fosamax for osteoporosis and advises Jerry to continue seeing the neurologist and taking the medication for multiple sclerosis. The doctor finalizes the note and asks Jerry if he has any questions, to which Jerry replies that he does not."
  ],