{
  "rouge1": [
    0.44060475161987045,
    0.45320197044334976,
    0.10650887573964497,
    0.4473197781885397
  ],
  "rouge2": [
    0.16233766233766234,
    0.16144975288303132,
    0.03571428571428572,
    0.1595547309833024
  ],
  "rougeL": [
    0.2526997840172786,
    0.2561576354679803,
    0.08284023668639054,
    0.23290203327171904
  ],
  "rougeLsum": [
    0.3779697624190065,
    0.33825944170771755,
    0.08875739644970415,
    0.38447319778188543
  ],
  "bertscore_precision": [
    0.6289491057395935,
    0.633661687374115,
    0.46790844202041626,
    0.6245781183242798
  ],
  "bertscore_recall": [
    0.5763970017433167,
    0.6040024757385254,
    0.5969463586807251,
    0.5745310187339783
  ],
  "bertscore_f1": [
    0.6015274524688721,
    0.6184766888618469,
    0.5246090292930603,
    0.598510205745697
  ],
  "bleurt": [
    0.3796788156032562,
    0.4230054020881653,
    0.48337769508361816,
    0.37378740310668945
  ],
  "pred_note": [
    "The patient, Lawrence, is a 62-year-old male with type I diabetes, congestive heart failure, depression, and reflux. He presents with complaints of shortness of breath and swelling in his legs. He experiences shortness of breath when walking up stairs and has noticed the swelling for about 10 days. He also mentions feeling lethargic and uncomfortable when waking up in the morning. The patient mentions a past occurrence of waking up short of breath at night. The doctor asks about the patient's diabetes and blood sugar levels, as well as his efforts to manage his depression and reflux. Lawrence reports that he has been monitoring his blood sugar levels and has not seen any spikes. He mentions trying natural solutions for his depression but is open to suggestions. The doctor notes that Lawrence has been making lifestyle modifications for his reflux and asks about his alcohol intake and any issues with depression. The patient denies any intention to harm himself or others. The doctor proceeds with a physical exam and finds crackles and 1+ pitting edema in the patient's lungs and lower extremities. The doctor orders a chest x-ray and reviews the results, finding no evidence of airspace disease. The labs also come back normal, ruling out infection. The doctor diagnoses Lawrence with an acute heart failure exacerbation and prescribes Lasix and daily weight monitoring. For his diabetes, the doctor orders a hemoglobin A1c test and recommends follow-up with an endocrinologist and an eye exam. Lawrence is referred to psychiatry for talk therapy to address his depression, and he is advised to continue taking omeprazole for his reflux. Lawrence is instructed to contact the doctor if he experiences any worsening of his breathing.",
    "The patient, Lawrence, is a 62-year-old male with type I diabetes, congestive heart failure, depression, and reflux. He presents with complaints of shortness of breath and swelling in his legs. He experiences shortness of breath when walking up stairs and has noticed the swelling for about 10 days. He also mentions feeling lethargic and uncomfortable when waking up in the morning. The patient mentions a past occurrence of waking up short of breath at night. The doctor asks about the patient's diabetes and blood sugar levels, as well as his efforts to manage his depression and reflux. Lawrence reports that he has been monitoring his blood sugar levels and has not seen any spikes. He mentions trying natural solutions for his depression but is open to suggestions. The doctor notes that Lawrence has been making lifestyle modifications for his reflux and asks about his alcohol intake and any issues with depression. The patient denies any intention to harm himself or others. The doctor proceeds with a physical exam and finds crackles and 1+ pitting edema in the patient's lungs and lower extremities. The doctor orders a chest x-ray and reviews the results, finding no evidence of airspace disease. The labs also come back normal, ruling out infection. The doctor diagnoses Lawrence with an acute heart failure exacerbation and prescribes Lasix and daily weight monitoring. For his diabetes, the doctor orders a hemoglobin A1c test and recommends follow-up with an endocrinologist and an eye exam. Lawrence is referred to psychiatry for talk therapy to address his depression, and he is advised to continue taking omeprazole for his reflux. Lawrence is instructed to contact the doctor if he experiences any worsening of his breathing.",
    "The patient, Lawrence, is a 62-year-old male with type I diabetes, congestive heart failure, depression, and reflux. He presents with complaints of shortness of breath and swelling in his legs. He experiences shortness of breath when walking up stairs and has noticed the swelling for about 10 days. He also mentions feeling lethargic and uncomfortable when waking up in the morning. The patient mentions a past occurrence of waking up short of breath at night. The doctor asks about the patient's diabetes and blood sugar levels, as well as his efforts to manage his depression and reflux. Lawrence reports that he has been monitoring his blood sugar levels and has not seen any spikes. He mentions trying natural solutions for his depression but is open to suggestions. The doctor notes that Lawrence has been making lifestyle modifications for his reflux and asks about his alcohol intake and any issues with depression. The patient denies any intention to harm himself or others. The doctor proceeds with a physical exam and finds crackles and 1+ pitting edema in the patient's lungs and lower extremities. The doctor orders a chest x-ray and reviews the results, finding no evidence of airspace disease. The labs also come back normal, ruling out infection. The doctor diagnoses Lawrence with an acute heart failure exacerbation and prescribes Lasix and daily weight monitoring. For his diabetes, the doctor orders a hemoglobin A1c test and recommends follow-up with an endocrinologist and an eye exam. Lawrence is referred to psychiatry for talk therapy to address his depression, and he is advised to continue taking omeprazole for his reflux. Lawrence is instructed to contact the doctor if he experiences any worsening of his breathing.",
    "The patient, Lawrence, is a 62-year-old male with type I diabetes, congestive heart failure, depression, and reflux. He presents with complaints of shortness of breath and swelling in his legs. He experiences shortness of breath when walking up stairs and has noticed the swelling for about 10 days. He also mentions feeling lethargic and uncomfortable when waking up in the morning. The patient mentions a past occurrence of waking up short of breath at night. The doctor asks about the patient's diabetes and blood sugar levels, as well as his efforts to manage his depression and reflux. Lawrence reports that he has been monitoring his blood sugar levels and has not seen any spikes. He mentions trying natural solutions for his depression but is open to suggestions. The doctor notes that Lawrence has been making lifestyle modifications for his reflux and asks about his alcohol intake and any issues with depression. The patient denies any intention to harm himself or others. The doctor proceeds with a physical exam and finds crackles and 1+ pitting edema in the patient's lungs and lower extremities. The doctor orders a chest x-ray and reviews the results, finding no evidence of airspace disease. The labs also come back normal, ruling out infection. The doctor diagnoses Lawrence with an acute heart failure exacerbation and prescribes Lasix and daily weight monitoring. For his diabetes, the doctor orders a hemoglobin A1c test and recommends follow-up with an endocrinologist and an eye exam. Lawrence is referred to psychiatry for talk therapy to address his depression, and he is advised to continue taking omeprazole for his reflux. Lawrence is instructed to contact the doctor if he experiences any worsening of his breathing."
  ],