{
  "rouge1": [
    0.3600464576074332,
    0.37200736648250454,
    0.12230215827338131,
    0.36608863198458574
  ],
  "rouge2": [
    0.12339930151338764,
    0.10720887245841035,
    0.050724637681159424,
    0.09284332688588008
  ],
  "rougeL": [
    0.1672473867595819,
    0.19152854511970532,
    0.10791366906474821,
    0.1695568400770713
  ],
  "rougeLsum": [
    0.32984901277584205,
    0.3351749539594844,
    0.12230215827338131,
    0.28516377649325625
  ],
  "bertscore_precision": [
    0.6232181787490845,
    0.625290036201477,
    0.48510029911994934,
    0.6111646890640259
  ],
  "bertscore_recall": [
    0.5820190906524658,
    0.5981061458587646,
    0.6413146257400513,
    0.5964642763137817
  ],
  "bertscore_f1": [
    0.6019144654273987,
    0.611396074295044,
    0.5523753762245178,
    0.603725016117096
  ],
  "bleurt": [
    0.3463681936264038,
    0.36270737648010254,
    0.39150935411453247,
    0.3313104808330536
  ],
  "pred_note": [
    "Patient: Julia Jones, 25 years old, presenting for evaluation of breast reduction. She has been considering the procedure for about six or seven years. She experiences back pain and neck pain for several years, wears a 34E sports bra, and has bra strap indentations on her shoulders. She does not have any children but may plan to in the future. She experiences occasional numbness, tingling, and nipple pain. She does not have rashes but her breasts are always sweaty. Certain activities such as working out and running are painful. She has been to a chiropractor for her back pain and takes migraine medication.\n\nDoctor: Dr. Gonzalez, a plastic surgeon specializing in breast reduction surgeries. She performs the procedure frequently. She explains the process of breast reduction, which involves removing tissue from the breasts, lifting them, and elevating the nipple position. She discusses the surgery duration, the need for drains, and the clear plastic tape over the incisions to minimize scarring. The doctor mentions that breastfeeding may be affected after the surgery and that the breasts may change in size and appearance over time. She explains the potential for slight alterations in nipple sensation and post-surgery bruising. The doctor mentions that most patients experience relief from back and neck pain after the procedure.\n\nMedical information: Symptomatic macromastia, bilateral breast ptosis, no nipple retraction or discharge, no breast tenderness or masses, no axillary lymphadenopathy. Minimum required resection based on body surface area (BSA) and the Schnur scale is 1792 grams.",
    "Patient: Julia Jones, 25 years old, presenting for evaluation of breast reduction. She has been considering the procedure for about six or seven years. She experiences back pain and neck pain for several years, wears a 34E sports bra, and has bra strap indentations on her shoulders. She does not have any children but may plan to in the future. She experiences occasional numbness, tingling, and nipple pain. She does not have rashes but her breasts are always sweaty. Certain activities such as working out and running are painful. She has been to a chiropractor for her back pain and takes migraine medication.\n\nDoctor: Dr. Gonzalez, a plastic surgeon specializing in breast reduction surgeries. She performs the procedure frequently. She explains the process of breast reduction, which involves removing tissue from the breasts, lifting them, and elevating the nipple position. She discusses the surgery duration, the need for drains, and the clear plastic tape over the incisions to minimize scarring. The doctor mentions that breastfeeding may be affected after the surgery and that the breasts may change in size and appearance over time. She explains the potential for slight alterations in nipple sensation and post-surgery bruising. The doctor mentions that most patients experience relief from back and neck pain after the procedure.\n\nMedical information: Symptomatic macromastia, bilateral breast ptosis, no nipple retraction or discharge, no breast tenderness or masses, no axillary lymphadenopathy. Minimum required resection based on body surface area (BSA) and the Schnur scale is 1792 grams.",
    "Patient: Julia Jones, 25 years old, presenting for evaluation of breast reduction. She has been considering the procedure for about six or seven years. She experiences back pain and neck pain for several years, wears a 34E sports bra, and has bra strap indentations on her shoulders. She does not have any children but may plan to in the future. She experiences occasional numbness, tingling, and nipple pain. She does not have rashes but her breasts are always sweaty. Certain activities such as working out and running are painful. She has been to a chiropractor for her back pain and takes migraine medication.\n\nDoctor: Dr. Gonzalez, a plastic surgeon specializing in breast reduction surgeries. She performs the procedure frequently. She explains the process of breast reduction, which involves removing tissue from the breasts, lifting them, and elevating the nipple position. She discusses the surgery duration, the need for drains, and the clear plastic tape over the incisions to minimize scarring. The doctor mentions that breastfeeding may be affected after the surgery and that the breasts may change in size and appearance over time. She explains the potential for slight alterations in nipple sensation and post-surgery bruising. The doctor mentions that most patients experience relief from back and neck pain after the procedure.\n\nMedical information: Symptomatic macromastia, bilateral breast ptosis, no nipple retraction or discharge, no breast tenderness or masses, no axillary lymphadenopathy. Minimum required resection based on body surface area (BSA) and the Schnur scale is 1792 grams.",
    "Patient: Julia Jones, 25 years old, presenting for evaluation of breast reduction. She has been considering the procedure for about six or seven years. She experiences back pain and neck pain for several years, wears a 34E sports bra, and has bra strap indentations on her shoulders. She does not have any children but may plan to in the future. She experiences occasional numbness, tingling, and nipple pain. She does not have rashes but her breasts are always sweaty. Certain activities such as working out and running are painful. She has been to a chiropractor for her back pain and takes migraine medication.\n\nDoctor: Dr. Gonzalez, a plastic surgeon specializing in breast reduction surgeries. She performs the procedure frequently. She explains the process of breast reduction, which involves removing tissue from the breasts, lifting them, and elevating the nipple position. She discusses the surgery duration, the need for drains, and the clear plastic tape over the incisions to minimize scarring. The doctor mentions that breastfeeding may be affected after the surgery and that the breasts may change in size and appearance over time. She explains the potential for slight alterations in nipple sensation and post-surgery bruising. The doctor mentions that most patients experience relief from back and neck pain after the procedure.\n\nMedical information: Symptomatic macromastia, bilateral breast ptosis, no nipple retraction or discharge, no breast tenderness or masses, no axillary lymphadenopathy. Minimum required resection based on body surface area (BSA) and the Schnur scale is 1792 grams."
  ],