{"rouge1": [0.6353677621283255, 0.6024096385542169, 0.6666666666666666, 0.5251396648044693], "rouge2": [0.3987441130298273, 0.39506172839506176, 0.5153374233128835, 0.297752808988764], "rougeL": [0.460093896713615, 0.5542168674698795, 0.5333333333333333, 0.3743016759776536], "rougeLsum": [0.5539906103286385, 0.5542168674698795, 0.593939393939394, 0.45251396648044695], "bertscore_precision": [0.7313715815544128, 0.8668376803398132, 0.7309581637382507, 0.765746533870697], "bertscore_recall": [0.6822588443756104, 0.7492592930793762, 0.7134382724761963, 0.6687426567077637], "bertscore_f1": [0.7059620022773743, 0.8037713170051575, 0.7220919728279114, 0.7139647006988525], "bleurt": [0.41660022735595703, 0.5077006816864014, 0.4837494492530823, 0.5479288101196289], "pred_note": ["CHIEF COMPLAINT Right knee pain. SOCIAL HISTORY The patient is a frequent water skier. She is not a baseball fan. REVIEW OF SYSTEMS Musculoskeletal: Reports right knee pain and swelling. Neurological: Denies numbness or tingling in foot. VITALS Blood pressure: Elevated. PHYSICAL EXAM Neck - General Examination: Neck is supple without lymphadenopathy. Cardiovascular - Auscultation of Heart: Regular rate and rhythm. No murmurs, gallops or rubs. Respiratory -Auscultations of Lungs: Clear bilaterally. Vitals: Blood pressure is up at 25/80 mmHg today. Gastrointestinal - Examination of Abdomen: Decreased range of motion. Negative varus and valgus test. Positive lachman's sign. There is a palpable dorsalis pedis and posterior tibial tibium. Otherwise, no lower extremity edema. RESULTS X-rays of the right knee were obtained and reviewed today. These reveal mild effusion and inflammation. ASSESSMENT AND PLAN 1. Right knee injury. - Medical Reasoning: The patient presents today with symptoms similar to a medial collateral ligament strain. - Patient Education and Counseling: We discussed the nature of this injury and that it typically heals well and does not require surgical intervention. We also discussed the importance of strengthening the muscles around the knee to ensure that she does not have another injury. I recommended that we refer her to physical therapy to strengthen her knee to avoid further pain. - medical Treatment: Prescription for meloxicam 15 mg once a day provided. Continuing lisinopril 20 mg a day. Continuing hypertension. - Specialist Referrals: We will order a lipid panel, as well as a tetanus shot. Patient Agreements: the patient understands and agrees with the recommended medical treatment plan.", "Right knee pain. The patient is a frequent water skier. She is not a baseball fan. Musculoskeletal: Reports right knee pain and swelling. Neurological: Denies numbness or tingling in foot. ", "Blood pressure: Elevated. Neck - General Examination: Neck is supple without lymphadenopathy. Cardiovascular - Auscultation of Heart: Regular rate and rhythm. No murmurs, gallops or rubs. Respiratory -Auscultations of Lungs: Clear bilaterally. Vitals: Blood pressure is up at 25/80 mmHg today. Gastrointestinal - Examination of Abdomen: Decreased range of motion. Negative varus and valgus test. Positive lachman's sign. There is a palpable dorsalis pedis and posterior tibial tibium. Otherwise, no lower extremity edema. X-rays of the right knee were obtained and reviewed today. These reveal mild effusion and inflammation. ", "1. Right knee injury. - Medical Reasoning: The patient presents today with symptoms similar to a medial collateral ligament strain. - Patient Education and Counseling: We discussed the nature of this injury and that it typically heals well and does not require surgical intervention. We also discussed the importance of strengthening the muscles around the knee to ensure that she does not have another injury. I recommended that we refer her to physical therapy to strengthen her knee to avoid further pain. - medical Treatment: Prescription for meloxicam 15 mg once a day provided. Continuing lisinopril 20 mg a day. Continuing hypertension. - Specialist Referrals: We will order a lipid panel, as well as a tetanus shot. Patient Agreements: the patient understands and agrees with the recommended medical treatment plan. "],