{"rouge1": [0.6772616136919315, 0.610909090909091, 0.6285714285714286, 0.5683060109289617], "rouge2": [0.375, 0.358974358974359, 0.3913043478260869, 0.2527472527472528], "rougeL": [0.42298288508557463, 0.4072727272727273, 0.5714285714285715, 0.33879781420765026], "rougeLsum": [0.5012224938875306, 0.4654545454545454, 0.5714285714285715, 0.33879781420765026], "bertscore_precision": [0.7222462296485901, 0.7343711256980896, 0.7995909452438354, 0.6981067061424255], "bertscore_recall": [0.7051032185554504, 0.7401118278503418, 0.8060702085494995, 0.7271064519882202], "bertscore_f1": [0.7135717868804932, 0.7372302412986755, 0.8028174638748169, 0.7123115062713623], "bleurt": [0.5260287523269653, 0.4961451292037964, 0.6143590807914734, 0.555703341960907], "pred_note": ["CHIEF COMPLAINT Non-healing foot ulcer. HISTORY OF PRESENT ILLNESS Gregory Martinez is a pleasant 45-year-old male who presents to the clinic today for the evaluation of a non- hematochezia outbreak. The patient was referred from his primary care physician. The onset of his symptoms began 2 months ago. He states he thought he may have gotten it from walking barefoot on the beach. He experiences intermittent throbbing and pain in his right foot. His pain is localized proximal to the 5th mtp joint. He reports redness and drainage are present. He denies any trauma to his foot. He also reports increased pressure in the right foot, but the pressure is not distinct. His last a1c was 10.5%. SOCIAL HISTORY The patient reports that he is a diabetic. He takes his medication but he does not check his sugar all the time. REVIEW OF SYSTEMS Musculoskeletal: Reports right foot ulcers. VITALS Temperature: Normal. All vital signs are within normal limits. PHYSICAL EXAM MSK: Examination of the Right foot: 1 by 2 inch circular wound on the dorsal aspect of the lateral foot. There is some redness with drainage present. Edema is present. Some fluid is coming out of the wound. No necrosis is noted. No odor is appreciated. No bony exposure. RESULTS An x-ray of the rightfoot was obtained and reviewed today. These reveal no evidence of osteomyelitis. ASSESSMENT AND PLAN The patient presents today with a 2-month history of non-healed right foot Ulcer. He has a history of diabetes. I believe his diabetes is a major cause of his not being able to heal. We discussed the importance of blood sugar control. He explained that he takes medication but does not monitor his sugar. I advised him that his blood sugar should be checked regularly. He was provided with a surgical shoe to be worn while this is happening. I recommended that we obtain an abi ankle brachial index to determine the blood supply in his foot to see if the ulcer can actually heal. I have also performed a debridement and cremation of the dead tissue. I prescribed clindamycin 500 mg to take twice daily for 7 days to try to rid of the infection. Additionally, I have prescribed him a shoe to wear for the next month to help with the pain and swelling. The Patient will follow up with me in 2 weeks to check on his progress. At that time, we may need to perform a repeat debridements and assess the tissue status. INSTRUCTIONS The patient will contact the office if he experiences any additional issues.", "Non-healing foot ulcer. Gregory Martinez is a pleasant 45-year-old male who presents to the clinic today for the evaluation of a non- hematochezia outbreak. The patient was referred from his primary care physician. The onset of his symptoms began 2 months ago. He states he thought he may have gotten it from walking barefoot on the beach. He experiences intermittent throbbing and pain in his right foot. His pain is localized proximal to the 5th mtp joint. He reports redness and drainage are present. He denies any trauma to his foot. He also reports increased pressure in the right foot, but the pressure is not distinct. His last a1c was 10.5%. The patient reports that he is a diabetic. He takes his medication but he does not check his sugar all the time. Musculoskeletal: Reports right foot ulcers. ", "Temperature: Normal. All vital signs are within normal limits. MSK: Examination of the Right foot: 1 by 2 inch circular wound on the dorsal aspect of the lateral foot. There is some redness with drainage present. Edema is present. Some fluid is coming out of the wound. No necrosis is noted. No odor is appreciated. No bony exposure. An x-ray of the rightfoot was obtained and reviewed today. These reveal no evidence of osteomyelitis. ", "The patient presents today with a 2-month history of non-healed right foot Ulcer. He has a history of diabetes. I believe his diabetes is a major cause of his not being able to heal. We discussed the importance of blood sugar control. He explained that he takes medication but does not monitor his sugar. I advised him that his blood sugar should be checked regularly. He was provided with a surgical shoe to be worn while this is happening. I recommended that we obtain an abi ankle brachial index to determine the blood supply in his foot to see if the ulcer can actually heal. I have also performed a debridement and cremation of the dead tissue. I prescribed clindamycin 500 mg to take twice daily for 7 days to try to rid of the infection. Additionally, I have prescribed him a shoe to wear for the next month to help with the pain and swelling. The Patient will follow up with me in 2 weeks to check on his progress. At that time, we may need to perform a repeat debridements and assess the tissue status. The patient will contact the office if he experiences any additional issues. "],