{"rouge1": [0.5888223552894212, 0.5352112676056338, 0.31683168316831684, 0.4213333333333333], "rouge2": [0.28400000000000003, 0.26666666666666666, 0.1414141414141414, 0.193029490616622], "rougeL": [0.30538922155688625, 0.30985915492957744, 0.23762376237623764, 0.2773333333333333], "rougeLsum": [0.4870259481037924, 0.39436619718309857, 0.2772277227722772, 0.3413333333333334], "bertscore_precision": [0.648864209651947, 0.6560684442520142, 0.6133962869644165, 0.686387836933136], "bertscore_recall": [0.6460920572280884, 0.680873692035675, 0.5845425724983215, 0.6285834908485413], "bertscore_f1": [0.6474751830101013, 0.6682409048080444, 0.5986219048500061, 0.6562151908874512], "bleurt": [0.4613301753997803, 0.43006759881973267, 0.34205082058906555, 0.580169141292572], "pred_note": ["CHIEF COMPLAINT Right knee pain. HISTORY OF PRESENT ILLNESS William Scott is a pleasant 69-year-old male who presents to the clinic today for the evaluation of right knee pain and swelling. The onset of his pain began 1 week ago, when he went to the trampoline park with his wife and heard a snap and instant pain when he was on the tramps. He states that this is the first time he has ever done something like this. The patient reports that he heard a pop when he landed on the right knee. He has been taking Tylenol for pain. He denies any relief from the pain. Mr. Scott does not work out regularly and only exercises for fun. He notes that he is trying to watch what he eats and what macros he is eating. He is not consistent with his regular exercise regimen and admits to measuring his blood pressure 4 to 5 times a week. His blood sugar is also slightly lower than usual, but he does not think this is related to his exercise regimen. Regarding his hypertension, he states that most days he remembers to take his medication, lisinopril 20 mg. He does note that his blood pressures are slightly elevated on some days but he is not comfortable with 100/80 mmHg. regarding his diabetes, he thinks his blood glucose levels are slightly better. He checks his blood sugar most days, but notes that they are usually between 80 to 90. His diet is similar to that of a keto diet. REVIEW OF SYSTEMS Musculoskeletal: Reports right knee Pain, swelling and ecchymosis and edema. Neurological: Denies weight loss. PHYSICAL EXAM Respiratory - Auscultation of Heart: Regular rate and rhythm. No murmurs, gallops or rubs. Gastrointestinal - Examination of Lungs: Clear bilaterally. Cardiovascular - Palpation: No gallops, rubs, or rhonchi. Musculocephalic - Examination: Slight gait. There is a small limp. ASSESSMENT AND PLAN 1. Right knee Pain. - Medical Reasoning: I believe the patient has a lateral ligament strain. - Patient Education and Counseling: We discussed the nature of this injury in detail. I recommended meloxicam 15 mg daily to treat pain and swell, as well as physical therapy to help strengthen the muscles around the area and to prevent further injury. If he is still having pain at this time, we can consider further imaging imaging, but this is a common injury that tends to heal on its own. - Additional Testing: We will order an echo for further evaluation. - Specialist Referrals: We reviewed the patient's right knee x-ray, which showed no evidence of fracture or bony abnormality. - medical Treatment: Meloxicam15 mg daily. Prescription submitted. Patient Agreements: The patient understands and agrees with the recommended medical treatment plan.", "Right knee pain. William Scott is a pleasant 69-year-old male who presents to the clinic today for the evaluation of right knee pain and swelling. The onset of his pain began 1 week ago, when he went to the trampoline park with his wife and heard a snap and instant pain when he was on the tramps. He states that this is the first time he has ever done something like this. The patient reports that he heard a pop when he landed on the right knee. He has been taking Tylenol for pain. He denies any relief from the pain. Mr. Scott does not work out regularly and only exercises for fun. He notes that he is trying to watch what he eats and what macros he is eating. He is not consistent with his regular exercise regimen and admits to measuring his blood pressure 4 to 5 times a week. His blood sugar is also slightly lower than usual, but he does not think this is related to his exercise regimen. Regarding his hypertension, he states that most days he remembers to take his medication, lisinopril 20 mg. He does note that his blood pressures are slightly elevated on some days but he is not comfortable with 100/80 mmHg. regarding his diabetes, he thinks his blood glucose levels are slightly better. He checks his blood sugar most days, but notes that they are usually between 80 to 90. His diet is similar to that of a keto diet. Musculoskeletal: Reports right knee Pain, swelling and ecchymosis and edema. Neurological: Denies weight loss. ", "Respiratory - Auscultation of Heart: Regular rate and rhythm. No murmurs, gallops or rubs. Gastrointestinal - Examination of Lungs: Clear bilaterally. Cardiovascular - Palpation: No gallops, rubs, or rhonchi. Musculocephalic - Examination: Slight gait. There is a small limp. ", "1. Right knee Pain. - Medical Reasoning: I believe the patient has a lateral ligament strain. - Patient Education and Counseling: We discussed the nature of this injury in detail. I recommended meloxicam 15 mg daily to treat pain and swell, as well as physical therapy to help strengthen the muscles around the area and to prevent further injury. If he is still having pain at this time, we can consider further imaging imaging, but this is a common injury that tends to heal on its own. - Additional Testing: We will order an echo for further evaluation. - Specialist Referrals: We reviewed the patient's right knee x-ray, which showed no evidence of fracture or bony abnormality. - medical Treatment: Meloxicam15 mg daily. Prescription submitted. Patient Agreements: The patient understands and agrees with the recommended medical treatment plan. "],