{"rouge1": [0.599078341013825, 0.5377643504531723, 0.6464646464646464, 0.4338624338624339], "rouge2": [0.3174114021571649, 0.3100303951367781, 0.41237113402061853, 0.16042780748663102], "rougeL": [0.4147465437788018, 0.36858006042296065, 0.5858585858585859, 0.31746031746031744], "rougeLsum": [0.4823348694316436, 0.3806646525679758, 0.6060606060606061, 0.31746031746031744], "bertscore_precision": [0.6808105111122131, 0.6566743850708008, 0.7688420414924622, 0.6512694358825684], "bertscore_recall": [0.7133076786994934, 0.7166870832443237, 0.7851531505584717, 0.7777091264724731], "bertscore_f1": [0.6966803073883057, 0.6853695511817932, 0.7769119739532471, 0.7088953852653503], "bleurt": [0.4249979853630066, 0.5076237916946411, 0.5922984480857849, 0.565539538860321], "pred_note": ["CHIEF COMPLAINT Back pain. HISTORY OF PRESENT ILLNESS Bryan Smith is a pleasant 53-year-old male who presents to the clinic today for the evaluation of low back pain. The patient sustained this pain while raking leaves. He states that the pain began approximately 2 hours after he got into his house. He notes that his back started tightening up and he started getting pins and needles in his right foot. He experienced this type of back pain once about 3 years ago, but it resolved after a day. He denies taking any medication, but notes that he has been doing a lot of yard work lately. His partner reports that he is also having pain when he is standing up. He explains that it hurts more when he stands up because he has watched him bend over, but he denies that it really hurts. The Patient states that he thinks this is more of a long term injury. He adds that he was just thinking about it when he thought about raking but it did not. He has not had any prior pain with his low back. REVIEW OF SYSTEMS Musculoskeletal: Reports right foot pain. Neurological: Reports pin and needle sensation in right leg. PHYSICAL EXAM MSK: Examination of the low back: No pain with bending over, no pain with extension, and some pain with flexion. Pain to palpation right around the L5. Pain with palpation of the back. No erythema or edema. dorsiflexion: Normal. Pulses are equal in all extremities. RESULTS X-rays of the lower back were obtained and reviewed today. ASSESSMENT AND PLAN 1. Low back pain, right leg, 2. Tingling sensation in the right leg 3. PLAN After reviewing the patient's examination and radiographic findings today, I have had a lengthy discussion with the patient in regards to his current symptoms. I have explained to him that his x-rays revealed no evidence of a fracture. We discussed treatment options for his pain and I have recommended that we rest his back. I am going to prescribe some meloxicam, which he has not taken before. I will also prescribe physical therapy and some pt exercises. He will follow up with me in 2 weeks to check on his progress. If his pain does not improve, I will obtain an MRI for further evaluation. All questions were answered. INSTRUCTIONS The patient will follow-up with me after 2 weeks.", "Back pain. Bryan Smith is a pleasant 53-year-old male who presents to the clinic today for the evaluation of low back pain. The patient sustained this pain while raking leaves. He states that the pain began approximately 2 hours after he got into his house. He notes that his back started tightening up and he started getting pins and needles in his right foot. He experienced this type of back pain once about 3 years ago, but it resolved after a day. He denies taking any medication, but notes that he has been doing a lot of yard work lately. His partner reports that he is also having pain when he is standing up. He explains that it hurts more when he stands up because he has watched him bend over, but he denies that it really hurts. The Patient states that he thinks this is more of a long term injury. He adds that he was just thinking about it when he thought about raking but it did not. He has not had any prior pain with his low back. Musculoskeletal: Reports right foot pain. Neurological: Reports pin and needle sensation in right leg. ", "MSK: Examination of the low back: No pain with bending over, no pain with extension, and some pain with flexion. Pain to palpation right around the L5. Pain with palpation of the back. No erythema or edema. dorsiflexion: Normal. Pulses are equal in all extremities. X-rays of the lower back were obtained and reviewed today. ", "1. Low back pain, right leg, 2. Tingling sensation in the right leg 3. After reviewing the patient's examination and radiographic findings today, I have had a lengthy discussion with the patient in regards to his current symptoms. I have explained to him that his x-rays revealed no evidence of a fracture. We discussed treatment options for his pain and I have recommended that we rest his back. I am going to prescribe some meloxicam, which he has not taken before. I will also prescribe physical therapy and some pt exercises. He will follow up with me in 2 weeks to check on his progress. If his pain does not improve, I will obtain an MRI for further evaluation. All questions were answered. The patient will follow-up with me after 2 weeks. "],