{"rouge1": [0.6760204081632653, 0.6285714285714284, 0.4358974358974359, 0.6366782006920415], "rouge2": [0.3427109974424552, 0.3237597911227154, 0.2368421052631579, 0.2996515679442509], "rougeL": [0.413265306122449, 0.37402597402597404, 0.3589743589743589, 0.45674740484429066], "rougeLsum": [0.4719387755102041, 0.37922077922077924, 0.3589743589743589, 0.45674740484429066], "bertscore_precision": [0.704095721244812, 0.6796139478683472, 0.7155152559280396, 0.7595839500427246], "bertscore_recall": [0.69349604845047, 0.7238679528236389, 0.5543234944343567, 0.7277034521102905], "bertscore_f1": [0.69875568151474, 0.7010431885719299, 0.6246886253356934, 0.7433019876480103], "bleurt": [0.3969126343727112, 0.4061133861541748, 0.490638792514801, 0.5864740610122681], "pred_note": ["CHIEF COMPLAINT Shortness of breath. HISTORY OF PRESENT ILLNESS Charles Allen is a pleasant 69-year-old male who presents to the clinic today for the evaluation of shortness of Breath. The patient states he has noticed that his breathing is not what it used to be. He notes that he seems to catch his breath more than he used to. He denies any history of rash, nausea, or vomiting. However, the patient has noticed mid-to-severe dyspnea with an onset of 20 minutes or sooner, for some reason. He states he always thinks it is allergies. He has a dog that eyes water and he experiences eyebugers with the onset of symptoms. The last time this happened, he went to the urgent care and was prescribed a nebulizer which he uses now. When he feels the symptoms coming on, he has also been near his cat and outside the house. He Denies any travels and no symptoms right now. REVIEW OF SYSTEMS \u2022 Constitutional: Denies travels. \u2022 Respiratory: Reports shortnessof breath. \u2022 Eyes: They are watery. \u2022 Throat: Reports intermittent dys pnea. PHYSICAL EXAM MSK: Examination of the lungs: There is some faint expiratory wheezing bilaterally in the lung fields. RESULTS Chest x-ray is reviewed today and shows no abnormalities. PAST HISTORY Medical Newly diagnosed allergic asthma. SOCIAL HISTORY The patient moved out in the city about 2 years ago. He is a hunter. MEDICATIONS The patient reports that he has a refrigerator full of venison at his home. RElying on the albuterol inhaler. ASSESSMENT Newly diagnosed allergies. PLAN After reviewing the patient's examination and radiographic findings today, I have had a lengthy discussion with the patient in regards to his current symptoms. I have explained to him that his chest x-rays were normal and that I want him to continue to utilize the al buterer inhaler as needed. I also recommended that he take Singulair 10 mg once daily to help decrease the occurrences of his asthma. I recommended that we proceed with allergy testing. We will start with skin testing, and we will see if we can target what the triggers are in hopes that we can avoid any any other management. We'll have to discuss more testing in his blood and immunotherapy. I want to see him next week to schedule the skin testing. All questions were answered.", "Shortness of breath. Charles Allen is a pleasant 69-year-old male who presents to the clinic today for the evaluation of shortness of Breath. The patient states he has noticed that his breathing is not what it used to be. He notes that he seems to catch his breath more than he used to. He denies any history of rash, nausea, or vomiting. However, the patient has noticed mid-to-severe dyspnea with an onset of 20 minutes or sooner, for some reason. He states he always thinks it is allergies. He has a dog that eyes water and he experiences eyebugers with the onset of symptoms. The last time this happened, he went to the urgent care and was prescribed a nebulizer which he uses now. When he feels the symptoms coming on, he has also been near his cat and outside the house. He Denies any travels and no symptoms right now. \u2022 Constitutional: Denies travels. \u2022 Respiratory: Reports shortnessof breath. \u2022 Eyes: They are watery. \u2022 Throat: Reports intermittent dys pnea. Medical Newly diagnosed allergic asthma. The patient moved out in the city about 2 years ago. He is a hunter. The patient reports that he has a refrigerator full of venison at his home. RElying on the albuterol inhaler. ", "MSK: Examination of the lungs: There is some faint expiratory wheezing bilaterally in the lung fields. Chest x-ray is reviewed today and shows no abnormalities. ", "Newly diagnosed allergies. After reviewing the patient's examination and radiographic findings today, I have had a lengthy discussion with the patient in regards to his current symptoms. I have explained to him that his chest x-rays were normal and that I want him to continue to utilize the al buterer inhaler as needed. I also recommended that he take Singulair 10 mg once daily to help decrease the occurrences of his asthma. I recommended that we proceed with allergy testing. We will start with skin testing, and we will see if we can target what the triggers are in hopes that we can avoid any any other management. We'll have to discuss more testing in his blood and immunotherapy. I want to see him next week to schedule the skin testing. All questions were answered. "],