{"rouge1": [0.4920212765957447, 0.22792022792022792, 0.08247422680412371, 0.4280442804428044], "rouge2": [0.24, 0.06876790830945559, 0.042105263157894736, 0.19330855018587365], "rougeL": [0.25265957446808507, 0.10256410256410256, 0.08247422680412371, 0.30258302583025826], "rougeLsum": [0.4148936170212766, 0.10256410256410256, 0.08247422680412371, 0.34686346863468637], "bertscore_precision": [0.62067049741745, 0.5123701095581055, 0.7133712768554688, 0.714415431022644], "bertscore_recall": [0.6138905882835388, 0.6450803875923157, 0.4069020748138428, 0.5953479409217834], "bertscore_f1": [0.6172618865966797, 0.5711171627044678, 0.5182168483734131, 0.6494695544242859], "bleurt": [0.3003488779067993, 0.4057195782661438, 0.26265108585357666, 0.5259224772453308], "pred_note": ["CHIEF COMPLAINT Asthma. HISTORY OF PRESENT ILLNESS Betty Ross is a pleasant 53-year-old female who presents to the clinic today for the evaluation of asthma. The onset of her asthma began approximately 8 years ago, when she was around 8 years old. She states that she feels she can never catch a break with her symptoms. She notes that her symptoms tend to flare when she is sick or goes to her aunt's house. In the past 6 months, she has been going to urgent care, where they have prescribed antibiotics and occasionally steroids. She has also been taking her inhaled steroid as prescribed. In terms of her daily symptoms, the patient reports that she is coughing and wheezing. She also notes that she wakes up a couple of times a week needing to use her inhaler. The patient states that when she tries to use it, it does not work. She explains that she has 2 inhalers, but she really just uses one of them as it is the only inhaler that helps her with the other one. She describes that almost everyday she feels like she is using her albuterol inhaler because she is always coughing and ventilating. She adds that a coupleof times a night she will wake up needing touse her inhalers. The Patient reports that her pulmonary function test that she did when she came into the office today is consistent with somebody who would be diagnosed with asthma. She denies any seasonal allergies. The patients has a history of hiking. REVIEW OF SYSTEMS \u2022 Cardiovascular: Regular rate and rhythm. No ectopic beats. \u2022 Respiratory: Decreased lung sounds throughout with the occasional slight expiratory wheeze, bilaterally. \u2022 Neck: supple. Trachea is midline. No lymphadenopathy. \u2022 Musculoskeletal: No carotid bruit. Strong bilateral pulses. Brisk capillary refill. RESULTS Pulmonary function test, performed today. ASSESSMENT AND PLAN The patient's symptoms are consistent with moderate to intermediate intermittent asthma. It is important for her to be consistent with her inhaling steroid. She will be started on Flovent 100 10grams 1 puff twice per day to help her be symptom-free. We will also put together an asthma action plan for her that will help us look at her symptoms, see where her pain points can be, and we will work on how to handle those symptoms through that asthmaaction plan. INSTRUCTIONS The patient will follow up with me in 30 days to assess her progress.", "Asthma. Betty Ross is a pleasant 53-year-old female who presents to the clinic today for the evaluation of asthma. The onset of her asthma began approximately 8 years ago, when she was around 8 years old. She states that she feels she can never catch a break with her symptoms. She notes that her symptoms tend to flare when she is sick or goes to her aunt's house. In the past 6 months, she has been going to urgent care, where they have prescribed antibiotics and occasionally steroids. She has also been taking her inhaled steroid as prescribed. In terms of her daily symptoms, the patient reports that she is coughing and wheezing. She also notes that she wakes up a couple of times a week needing to use her inhaler. The patient states that when she tries to use it, it does not work. She explains that she has 2 inhalers, but she really just uses one of them as it is the only inhaler that helps her with the other one. She describes that almost everyday she feels like she is using her albuterol inhaler because she is always coughing and ventilating. She adds that a coupleof times a night she will wake up needing touse her inhalers. The Patient reports that her pulmonary function test that she did when she came into the office today is consistent with somebody who would be diagnosed with asthma. She denies any seasonal allergies. The patients has a history of hiking. \u2022 Cardiovascular: Regular rate and rhythm. No ectopic beats. \u2022 Respiratory: Decreased lung sounds throughout with the occasional slight expiratory wheeze, bilaterally. \u2022 Neck: supple. Trachea is midline. No lymphadenopathy. \u2022 Musculoskeletal: No carotid bruit. Strong bilateral pulses. Brisk capillary refill. ", "Pulmonary function test, performed today. ", "The patient's symptoms are consistent with moderate to intermediate intermittent asthma. It is important for her to be consistent with her inhaling steroid. She will be started on Flovent 100 10grams 1 puff twice per day to help her be symptom-free. We will also put together an asthma action plan for her that will help us look at her symptoms, see where her pain points can be, and we will work on how to handle those symptoms through that asthmaaction plan. The patient will follow up with me in 30 days to assess her progress. "],