{"rouge1": [0.7030430220356767, 0.6040268456375839, 0.6818181818181818, 0.6586826347305389], "rouge2": [0.39327024185068354, 0.29931972789115646, 0.41984732824427484, 0.36873747494989983], "rougeL": [0.39034627492130114, 0.3624161073825503, 0.5, 0.3273453093812375], "rougeLsum": [0.5792235047219306, 0.3624161073825503, 0.5833333333333333, 0.49101796407185627], "bertscore_precision": [0.6808356642723083, 0.6804138422012329, 0.753732442855835, 0.6933732032775879], "bertscore_recall": [0.6750726699829102, 0.6997316479682922, 0.7179906964302063, 0.7027255296707153], "bertscore_f1": [0.6779419183731079, 0.6899375319480896, 0.7354275584220886, 0.6980180144309998], "bleurt": [0.4806807041168213, 0.40196293592453003, 0.5543842911720276, 0.41784244775772095], "pred_note": ["CHIEF COMPLAINT Right upper lobe lung nodule. SOCIAL HISTORY The patient has a history of rheumatoid arthritis. He is a former smoker. He stopped smoking approximately 7 years ago. FAMILY HISTORY He denies any family history of lung cancer or any other type of malignancies. REVIEW OF SYSTEMS Constitutional: Denies lung cancer. Respiratory: Reports cough. Denies shortness of breath. Musculoskeletal: Reports joint pain. VITALS Blood pressure: 128/72 mmHg Heart rate: 68 bpm Respiration: 68 breaths per minute. Auscultation of Lungs: Clear bilaterally. Regular rate and rhythm. No rubs, clicks, or murmurs. No extra beats. Ears, Nose, Mouth, and Throat: Warm and dry. No edema to the bilateral lower extremities. Slight swelling to the knuckles of the 3rd digit on the right hand. pulses are intact in all extremities and capillary refill is brisk. PHYSICAL EXAM MSK: Examination of the bilateral upper extremities: Warm to the touch. Mild swelling to both knuckles in the right upper extremity. This is normal for somebody who has ra. PAST HISTORY Medical Rheumatoidal arthritis. Surgical Lung cancer. No family history. CURRENT MEDICATIONS: methotrexate 7 and a half mg every week. RESULTS Chest CT today shows a solitary 2 cm nodule in the lateral aspect of the right higher lobe. It appears smooth in appearance and no evidence of any type of emphysematous disease is present. ASSESSMENT AND PLAN 1. right upper lobe pulmonary function test. - Medical Reasoning: I want to get a baseline for his lung function. - Patient Education and Counseling: The patient and I discussed the removal of the nodule during or via video assisted thoracoscopy. I explained that it could be a benign nodule, but because of his smoking history I really do think it is best that he have that removed now. 2. rheumatism. - medical Reasoning; The patient feels okay with his joints feel okay. If he does have any problems, it is mostly with his hands. He will continue to follow up with his r heumatologist and continue his medication therapy as has been previously outlined. - Additional Testing: We will schedule a pet Ct to evaluate for metabolically active nodules. -medical Treatment: We are going to perform a pulmonary function tests and a pet ct. I am going to order a PFT which is pulmonary function testing. We are also going to schedule a videoassisted thoracotomy with a camera and a scope to remove the lung along with a very small portion of the lung. The procedure will be performed under general anesthesia and it will take about an hour and ahalf or so post procedure. The patient will be admitted and will have a chest tube in until the following day. I have recommended that he be admitted to the hospital for 1 night and go home the next day. Patient Agreements: The Patient understands and agrees with the recommended medical treatment plan. All questions were answered.", "Right upper lobe lung nodule. The patient has a history of rheumatoid arthritis. He is a former smoker. He stopped smoking approximately 7 years ago. He denies any family history of lung cancer or any other type of malignancies. Constitutional: Denies lung cancer. Respiratory: Reports cough. Denies shortness of breath. Musculoskeletal: Reports joint pain. Medical Rheumatoidal arthritis. Surgical Lung cancer. No family history. : methotrexate 7 and a half mg every week. ", "Blood pressure: 128/72 mmHg Heart rate: 68 bpm Respiration: 68 breaths per minute. Auscultation of Lungs: Clear bilaterally. Regular rate and rhythm. No rubs, clicks, or murmurs. No extra beats. Ears, Nose, Mouth, and Throat: Warm and dry. No edema to the bilateral lower extremities. Slight swelling to the knuckles of the 3rd digit on the right hand. pulses are intact in all extremities and capillary refill is brisk. MSK: Examination of the bilateral upper extremities: Warm to the touch. Mild swelling to both knuckles in the right upper extremity. This is normal for somebody who has ra. Chest CT today shows a solitary 2 cm nodule in the lateral aspect of the right higher lobe. It appears smooth in appearance and no evidence of any type of emphysematous disease is present. ", "1. right upper lobe pulmonary function test. - Medical Reasoning: I want to get a baseline for his lung function. - Patient Education and Counseling: The patient and I discussed the removal of the nodule during or via video assisted thoracoscopy. I explained that it could be a benign nodule, but because of his smoking history I really do think it is best that he have that removed now. 2. rheumatism. - medical Reasoning; The patient feels okay with his joints feel okay. If he does have any problems, it is mostly with his hands. He will continue to follow up with his r heumatologist and continue his medication therapy as has been previously outlined. - Additional Testing: We will schedule a pet Ct to evaluate for metabolically active nodules. -medical Treatment: We are going to perform a pulmonary function tests and a pet ct. I am going to order a PFT which is pulmonary function testing. We are also going to schedule a videoassisted thoracotomy with a camera and a scope to remove the lung along with a very small portion of the lung. The procedure will be performed under general anesthesia and it will take about an hour and ahalf or so post procedure. The patient will be admitted and will have a chest tube in until the following day. I have recommended that he be admitted to the hospital for 1 night and go home the next day. Patient Agreements: The Patient understands and agrees with the recommended medical treatment plan. All questions were answered. "],