{"rouge1": [0.5046728971962617, 0.29230769230769227, 0.32558139534883723, 0.45662100456621], "rouge2": [0.22812500000000002, 0.11627906976744184, 0.12598425196850394, 0.2304147465437788], "rougeL": [0.2616822429906542, 0.17692307692307693, 0.24806201550387597, 0.28310502283105016], "rougeLsum": [0.3987538940809969, 0.18461538461538463, 0.27906976744186046, 0.3744292237442922], "bertscore_precision": [0.6587468981742859, 0.5584887862205505, 0.63886559009552, 0.7199833989143372], "bertscore_recall": [0.6369507312774658, 0.6723065376281738, 0.5672844052314758, 0.6438950896263123], "bertscore_f1": [0.6476654410362244, 0.610135018825531, 0.6009508967399597, 0.6798168420791626], "bleurt": [0.3435770869255066, 0.4050958752632141, 0.36260896921157837, 0.5438600182533264], "pred_note": ["CHIEF COMPLAINT Hepatitis C. HISTORY OF PRESENT ILLNESS Jackie Collins is a pleasant 53-year-old male who presents to the clinic today for the evaluation of hepatitis C. The patient was referred from his primary care physician. The onset of his symptoms began when his blood work revealed the presence of hepatitis c. He denies any history of iv drug use or hepatitis C in the past. He did use to drink a lot of alcohol and drink about a beer a day and slightly more on the weekends. He is no longer a smoker but he was up to 1 to 2 cigarettes a day prior to 15 years ago. Today, he is down to 0.5 to 1.5 cigarettes per day. Of note, the patient reports he is tired at the end of the day after working but otherwise he has been good. He states he tends to be a workaholic. REVIEW OF SYSTEMS Musculoskeletal: No edema. Skin: No jaundice. Cardiovascular: Regular rate and rhythm. 2/6 systolic murmur. No wheezes, rales, or rhonchi. Gastrointestinal: Bowel sounds are present. Abdomen is soft with no hepatosplenomegaly. Hematology/Lymphatic/Immunology: No enlarged lymph nodes. VITALS All vital signs are within normal limits. PHYSICAL EXAM SKIN: In no apparent distress. No swelling. MSK: Examination of the abdomen: No hematochezia. No enlarged bowel sounds. RESULTS The results of her recent blood work were reviewed today. These reveal an elevated liver panel and liver panel that was done today. Her altin, albumin, and bilirubin were normal. ASSESSMENT AND PLAN The patient and I had a lengthy discussion regarding his current symptoms. His blood work today revealed a positive hepatitis C antibody test. His initial labs are consistent with hepatitis C but additional blood work will be needed to confirm the diagnosis. I advised the patient that additional work up should also reveal the hepatitis C rna and genotype. I also advised him that I would like to determine the severity of his liver disease by checking for fibrosis of the liver. I will order a special ultrasound for further evaluation. All questions were answered. INSTRUCTIONS The patient will follow up in 3 weeks.", "Hepatitis C. Jackie Collins is a pleasant 53-year-old male who presents to the clinic today for the evaluation of hepatitis C. The patient was referred from his primary care physician. The onset of his symptoms began when his blood work revealed the presence of hepatitis c. He denies any history of iv drug use or hepatitis C in the past. He did use to drink a lot of alcohol and drink about a beer a day and slightly more on the weekends. He is no longer a smoker but he was up to 1 to 2 cigarettes a day prior to 15 years ago. Today, he is down to 0.5 to 1.5 cigarettes per day. Of note, the patient reports he is tired at the end of the day after working but otherwise he has been good. He states he tends to be a workaholic. Musculoskeletal: No edema. Skin: No jaundice. Cardiovascular: Regular rate and rhythm. 2/6 systolic murmur. No wheezes, rales, or rhonchi. Gastrointestinal: Bowel sounds are present. Abdomen is soft with no hepatosplenomegaly. Hematology/Lymphatic/Immunology: No enlarged lymph nodes. ", "All vital signs are within normal limits. SKIN: In no apparent distress. No swelling. MSK: Examination of the abdomen: No hematochezia. No enlarged bowel sounds. The results of her recent blood work were reviewed today. These reveal an elevated liver panel and liver panel that was done today. Her altin, albumin, and bilirubin were normal. ", "The patient and I had a lengthy discussion regarding his current symptoms. His blood work today revealed a positive hepatitis C antibody test. His initial labs are consistent with hepatitis C but additional blood work will be needed to confirm the diagnosis. I advised the patient that additional work up should also reveal the hepatitis C rna and genotype. I also advised him that I would like to determine the severity of his liver disease by checking for fibrosis of the liver. I will order a special ultrasound for further evaluation. All questions were answered. The patient will follow up in 3 weeks. "],