{"rouge1": [0.5774647887323944, 0.2765957446808511, 0.5692307692307693, 0.5191256830601093], "rouge2": [0.24858757062146894, 0.07526881720430109, 0.359375, 0.24725274725274726], "rougeL": [0.323943661971831, 0.18085106382978722, 0.46153846153846156, 0.3333333333333333], "rougeLsum": [0.4704225352112676, 0.18085106382978722, 0.5384615384615384, 0.4371584699453552], "bertscore_precision": [0.6302047967910767, 0.5666782259941101, 0.7250766754150391, 0.7060900926589966], "bertscore_recall": [0.625887393951416, 0.6847238540649414, 0.6490980386734009, 0.6309508681297302], "bertscore_f1": [0.6280386447906494, 0.6201333403587341, 0.6849868893623352, 0.6664091348648071], "bleurt": [0.35725170373916626, 0.41710567474365234, 0.45173680782318115, 0.48078984022140503], "pred_note": ["CHIEF COMPLAINT Left ankle pain. HISTORY OF PRESENT ILLNESS Stephanie Morales is a 36-year-old female who presents today for an evaluation of left ankle pain and swelling. She has a history of diabetes and high blood pressure. She states she was walking to her car when she slipped and her left ankle twisted underneath her. This happened couple of days ago. She was able to get up afterwards and was pain and sore. She reports swelling and soreness of the left ankle. She denies any bleeding. The patient has tried ibuprofen and ice and elevation with no relief. She also denies any pain above her ankle. Ms. Morales reports pain on the outside of her ankle, not on the calf or lower leg. She does have tenderness over the lateral malleolus and some redness over this bone which is the 5th metatarsal. There is some pain with valgus pulses. Otherwise, she has normal sensation. RESULTS Neck - General Examination: Neck is clear. Respiratory - Auscultation of Lungs: Clear bilaterally. Cardiovascular - Cardiovascular: 2/6 systolic ejection murmur, unchanged from before. Gastrointestinal - Examination of Abdomen: Normal. Musculoskeletal - Examination: Left ankle - Tenderness to palpation over the medial and lateral aspects of the ankle. Some redness and pain with VALGus pulses present. - Palpation: No pain with crutches. ASSESSMENT AND PLAN The patient is a 38 years old and has a left ankle sprain. - Medical Reasoning: I believe her to have an ankle spraining. - Patient Education and Counseling: We discussed the nature of the diagnosis, as well as the treatment options, in detail. I advised her to avoid weightbearing until we get her x-ray back. She will be given Naprosyn 500 mg twice a day for pain control. - Additional Testing: We will order another hemoglobin A1c today. We will check her baseline labs as well since it has been a while since we last checked them. If she has any issues, she can call me and we will get her into the office sooner. Patient Agreements: The patient understands and agrees with the recommended medical treatment plan. INSTRUCTIONS The patient will follow-up with me in 1 year.", "Left ankle pain. Stephanie Morales is a 36-year-old female who presents today for an evaluation of left ankle pain and swelling. She has a history of diabetes and high blood pressure. She states she was walking to her car when she slipped and her left ankle twisted underneath her. This happened couple of days ago. She was able to get up afterwards and was pain and sore. She reports swelling and soreness of the left ankle. She denies any bleeding. The patient has tried ibuprofen and ice and elevation with no relief. She also denies any pain above her ankle. Ms. Morales reports pain on the outside of her ankle, not on the calf or lower leg. She does have tenderness over the lateral malleolus and some redness over this bone which is the 5th metatarsal. There is some pain with valgus pulses. Otherwise, she has normal sensation. ", "Neck - General Examination: Neck is clear. Respiratory - Auscultation of Lungs: Clear bilaterally. Cardiovascular - Cardiovascular: 2/6 systolic ejection murmur, unchanged from before. Gastrointestinal - Examination of Abdomen: Normal. Musculoskeletal - Examination: Left ankle - Tenderness to palpation over the medial and lateral aspects of the ankle. Some redness and pain with VALGus pulses present. - Palpation: No pain with crutches. ", "The patient is a 38 years old and has a left ankle sprain. - Medical Reasoning: I believe her to have an ankle spraining. - Patient Education and Counseling: We discussed the nature of the diagnosis, as well as the treatment options, in detail. I advised her to avoid weightbearing until we get her x-ray back. She will be given Naprosyn 500 mg twice a day for pain control. - Additional Testing: We will order another hemoglobin A1c today. We will check her baseline labs as well since it has been a while since we last checked them. If she has any issues, she can call me and we will get her into the office sooner. Patient Agreements: The patient understands and agrees with the recommended medical treatment plan. The patient will follow-up with me in 1 year. "],