{"rouge1": [0.7004103967168264, 0.6607142857142857, 0.6153846153846154, 0.6666666666666666], "rouge2": [0.4279835390946502, 0.3652694610778443, 0.3333333333333333, 0.4633204633204633], "rougeL": [0.5170998632010945, 0.4761904761904762, 0.4615384615384615, 0.5517241379310344], "rougeLsum": [0.5581395348837209, 0.4761904761904762, 0.4615384615384615, 0.5517241379310344], "bertscore_precision": [0.7681341171264648, 0.76244056224823, 0.7785392999649048, 0.8123242259025574], "bertscore_recall": [0.7224116325378418, 0.7315433025360107, 0.7246225476264954, 0.7866238355636597], "bertscore_f1": [0.7445716261863708, 0.7466723918914795, 0.7506139278411865, 0.7992675304412842], "bleurt": [0.45691853761672974, 0.5118104219436646, 0.5371499061584473, 0.6251326203346252], "pred_note": ["CHIEF COMPLAINT Neck pain. HISTORY OF PRESENT ILLNESS Jack White is a pleasant 45-year-old male who presents to the clinic today for the evaluation of neck pain. The onset of his pain began 1 week ago, when he was in a car accident and was hit in the back. He states that his neck went forward and his head went forward really quick. With this pain, he rates his pain level as 7 out of 10. The patient adds that his pain is not constant. He notes that whenever he moves his head, he feels it. The pain is located in the BACK of his neck. He denies any hearing problems or visual disturbances. He has tried taking ibuprofen, which provides some relief, but his pain has not improved. He endorses a history of playing football 20 years ago but has not had any issues with his Neck. The patients denies any headaches. REVIEW OF SYSTEMS Musculoskeletal: Reports neck pain and headaches. Neurological: Reports headaches. PHYSICAL EXAM MSK: Examination of the neck: Pain with flexion and severe pain with extension. Pain with rotation and pain with touch with the ear to the shoulders. RESULTS X-ray images of the back were obtained and reviewed today. These reveal no evidence of fracture or bony abnormalities. ASSESSMENT \u2022 Neck strain. PLAN After reviewing the patient's examination and radiographic findings today, I have had a lengthy discussion with the patient in regards to his current symptoms. I have explained to him that his x-rays did not reveal any signs of a fracture or bone abnormalities. I has prescribed the patient Motrin 600 mg every 6 to 8 hours and a muscle relaxer 10 mg every 12 hours as needed. I advised him to try to relax his neck strain. At this time, I will refer him to physical rehab or a chiropractor for further evaluation after we get the results of his MRI to make sure that there is no impingement of the nerves. All questions were answered.", "Neck pain. Jack White is a pleasant 45-year-old male who presents to the clinic today for the evaluation of neck pain. The onset of his pain began 1 week ago, when he was in a car accident and was hit in the back. He states that his neck went forward and his head went forward really quick. With this pain, he rates his pain level as 7 out of 10. The patient adds that his pain is not constant. He notes that whenever he moves his head, he feels it. The pain is located in the BACK of his neck. He denies any hearing problems or visual disturbances. He has tried taking ibuprofen, which provides some relief, but his pain has not improved. He endorses a history of playing football 20 years ago but has not had any issues with his Neck. The patients denies any headaches. Musculoskeletal: Reports neck pain and headaches. Neurological: Reports headaches. ", "MSK: Examination of the neck: Pain with flexion and severe pain with extension. Pain with rotation and pain with touch with the ear to the shoulders. X-ray images of the back were obtained and reviewed today. These reveal no evidence of fracture or bony abnormalities. ", "\u2022 Neck strain. After reviewing the patient's examination and radiographic findings today, I have had a lengthy discussion with the patient in regards to his current symptoms. I have explained to him that his x-rays did not reveal any signs of a fracture or bone abnormalities. I has prescribed the patient Motrin 600 mg every 6 to 8 hours and a muscle relaxer 10 mg every 12 hours as needed. I advised him to try to relax his neck strain. At this time, I will refer him to physical rehab or a chiropractor for further evaluation after we get the results of his MRI to make sure that there is no impingement of the nerves. All questions were answered. "],