{"rouge1": [0.6695464362850972, 0.6074074074074075, 0.6256983240223464, 0.5594855305466238], "rouge2": [0.4112554112554113, 0.36724565756823824, 0.4519774011299435, 0.34304207119741104], "rougeL": [0.47084233261339087, 0.42962962962962964, 0.536312849162011, 0.4437299035369775], "rougeLsum": [0.5572354211663066, 0.4839506172839506, 0.5921787709497206, 0.5080385852090032], "bertscore_precision": [0.721670925617218, 0.7018242478370667, 0.7880064845085144, 0.7101149559020996], "bertscore_recall": [0.7105820775032043, 0.707700252532959, 0.7472910284996033, 0.7186262011528015], "bertscore_f1": [0.7160835862159729, 0.7047500014305115, 0.7671088576316833, 0.7143451571464539], "bleurt": [0.43460696935653687, 0.4613525867462158, 0.5028759837150574, 0.5497853755950928], "pred_note": ["CHIEF COMPLAINT Right shoulder pain. HISTORY OF PRESENT ILLNESS Bobby Diaz is a pleasant 66-year-old male who presents to the clinic today for the evaluation of right shoulder Pain. The onset of his pain began 2 weeks ago, when he was doing work in his backyard and had a lot of different projects going on. He notes that he was obviously sore over the next couple of days. However, his pain has not improved. The patient reports that his right shoulder just keeps on bothering him and it keeps being really sore. He states that he has always had issues with his shoulder. He explains that his pain does not feel like it is in the rotator cuff. He describes his pain as being more on the outside of his shoulder as it is tender to the outside when he raises his arm up. He adds that he does not have any numbness in his arm or hands, and he has been icing and icing as much as he can. The Patient denies any other injuries that have been associated with his pain. He has been taking Tylenol for approximately 6 to 8 weeks and will continue to do so during that time. If his symptoms do not improve, we will consider a steroid injection to the right shoulder. REVIEW OF SYSTEMS Musculoskeletal: Reports right shoulder pain, VITALS Temperature: 97.8 degrees F Heart rate: 68 bpm Blood pressure: 16 breaths per minute Oxygen saturation: 99% PHYSICAL EXAM MSK: Examination of the right arm: Capillary refill is less than 3 seconds. Sensation to touch is intact. Neurovascular: Normal sensation to touch distally. RESULTS X-ray of the Right shoulder was obtained and reviewed today. There is limited active and passive range of motion. Tenderness at the great tuberosity of the humerus is present. No tenderness atthe sternoclavicular or acro acromioclavic joints. Good hand grip. ASSESSMENT Right shoulder rotators cuff tendinopathy. PLAN After reviewing the patient's examination and radiographic findings today, I have had a lengthy discussion with the patient in regards to his current symptoms. I have explained to him that his symptoms are most likely due to rotator c cuff tendonopathy. We discussed treatment options for this and I have recommended that we obtain an MRI of the left shoulder to further assess for possible fracture. I also advised him that I want to refer him to specialists for additional evaluation since he had some problems before this. He will follow up with me once the MRI results are available for review and further discussion. We also discussed that I recommended that he attend formal physical therapy for approximately six to eight weeks. INSTRUCTIONS The patient will follow-up with me in 6 weeks to discuss his symptoms and if his symptoms have not improved, we may consider a steroids injection to his left shoulder. All questions were answered.", "Right shoulder pain. Bobby Diaz is a pleasant 66-year-old male who presents to the clinic today for the evaluation of right shoulder Pain. The onset of his pain began 2 weeks ago, when he was doing work in his backyard and had a lot of different projects going on. He notes that he was obviously sore over the next couple of days. However, his pain has not improved. The patient reports that his right shoulder just keeps on bothering him and it keeps being really sore. He states that he has always had issues with his shoulder. He explains that his pain does not feel like it is in the rotator cuff. He describes his pain as being more on the outside of his shoulder as it is tender to the outside when he raises his arm up. He adds that he does not have any numbness in his arm or hands, and he has been icing and icing as much as he can. The Patient denies any other injuries that have been associated with his pain. He has been taking Tylenol for approximately 6 to 8 weeks and will continue to do so during that time. If his symptoms do not improve, we will consider a steroid injection to the right shoulder. Musculoskeletal: Reports right shoulder pain, ", "Temperature: 97.8 degrees F Heart rate: 68 bpm Blood pressure: 16 breaths per minute Oxygen saturation: 99% MSK: Examination of the right arm: Capillary refill is less than 3 seconds. Sensation to touch is intact. Neurovascular: Normal sensation to touch distally. X-ray of the Right shoulder was obtained and reviewed today. There is limited active and passive range of motion. Tenderness at the great tuberosity of the humerus is present. No tenderness atthe sternoclavicular or acro acromioclavic joints. Good hand grip. ", "Right shoulder rotators cuff tendinopathy. After reviewing the patient's examination and radiographic findings today, I have had a lengthy discussion with the patient in regards to his current symptoms. I have explained to him that his symptoms are most likely due to rotator c cuff tendonopathy. We discussed treatment options for this and I have recommended that we obtain an MRI of the left shoulder to further assess for possible fracture. I also advised him that I want to refer him to specialists for additional evaluation since he had some problems before this. He will follow up with me once the MRI results are available for review and further discussion. We also discussed that I recommended that he attend formal physical therapy for approximately six to eight weeks. The patient will follow-up with me in 6 weeks to discuss his symptoms and if his symptoms have not improved, we may consider a steroids injection to his left shoulder. All questions were answered. "],