{"rouge1": [0.50472334682861, 0.23357664233576642, 0.34328358208955223, 0.4414715719063545], "rouge2": [0.21921515561569688, 0.11764705882352941, 0.15151515151515155, 0.1818181818181818], "rougeL": [0.22132253711201078, 0.13868613138686128, 0.26865671641791045, 0.24749163879598662], "rougeLsum": [0.388663967611336, 0.17518248175182483, 0.31343283582089554, 0.3277591973244147], "bertscore_precision": [0.610537052154541, 0.48403653502464294, 0.635993242263794, 0.6733087301254272], "bertscore_recall": [0.6213626861572266, 0.6769039034843445, 0.5850849151611328, 0.6182129383087158], "bertscore_f1": [0.615902304649353, 0.564449667930603, 0.6094778180122375, 0.6445856690406799], "bleurt": [0.35294008255004883, 0.44200271368026733, 0.33583348989486694, 0.48321062326431274], "pred_note": ["CHIEF COMPLAINT Right-sided facial pain. HISTORY OF PRESENT ILLNESS Ms. Edwards is a 54-year-old female who presents today for the evaluation of right-sided bilateral facial pain, as well as headaches. She reports that she has been experiencing stabbing shooting pain in her right face, especially in the right cheek bone area, where it sometimes gets super hot, for approximately 2 or 3 months. She notes that the pain initially just came on slowly and that she began noticing it as soon as she started noticing it. However, she notes that she now has episodes of shooting, stabbing, and excruciating pain in that same area. She states that sometimes the pain will happen on its own or there are certain things that trigger it. The patient denies any sensory loss, numbness, or tingling in that part of her face. She also denies any weakness on the right side of the face, and she states that her smile seems equal on both sides. She denies any headaches, migraines, or other symptoms related to the pain. The patients have tried ibuprofen and Motrin, which have not been beneficial for her. She endorses that she really needs to see a neurosurgeon for her pain. PAST HISTORY Medical Ears, Nose, Mouth and Throat: None reported. SOCIAL HISTORY Constitutional: Reports no history of multiple sclerosis or brain tumors. HENT: Reports occasional headaches. CURRENT MEDICATIONS Gabapentin and tegretol. REVIEW OF SYSTEMS Musculoskeletal: Denies any history of sclerosis. Neurological: Reports headaches. VITALS Tylenol is recommended for pain control. PHYSICAL EXAM Eyes: No weakness noted in either eye. MSK: Examination of the right face: No pain with smile. NECK: There is a little bit of dullness on the left side of his face. The right side feels sharp. CV: Normal. RESULTS X-rays of the bilateral upper extremities are unremarkable. ASSESSMENT Right- sided bilateral trigeminal neuralgia. PLAN After reviewing the patient's examination and radiographic findings today, I have had a lengthy discussion with the patient in regards to her current symptoms. I have explained to her that her MRI revealed a small blood vessel that is abutting and perhaps even pinching the trig eminal nerve. We discussed treatment options for this and I have recommended that we start with the teg Gretol. We will see how that goes and if her pain continues, we can consider different surgical options. I advised her that I would like to try the teGretol first and if that does not work, she can follow up with me in 1 month. INSTRUCTIONS The patient will follow up in 1 week.", "Right-sided facial pain. Ms. Edwards is a 54-year-old female who presents today for the evaluation of right-sided bilateral facial pain, as well as headaches. She reports that she has been experiencing stabbing shooting pain in her right face, especially in the right cheek bone area, where it sometimes gets super hot, for approximately 2 or 3 months. She notes that the pain initially just came on slowly and that she began noticing it as soon as she started noticing it. However, she notes that she now has episodes of shooting, stabbing, and excruciating pain in that same area. She states that sometimes the pain will happen on its own or there are certain things that trigger it. The patient denies any sensory loss, numbness, or tingling in that part of her face. She also denies any weakness on the right side of the face, and she states that her smile seems equal on both sides. She denies any headaches, migraines, or other symptoms related to the pain. The patients have tried ibuprofen and Motrin, which have not been beneficial for her. She endorses that she really needs to see a neurosurgeon for her pain. Medical Ears, Nose, Mouth and Throat: None reported. Constitutional: Reports no history of multiple sclerosis or brain tumors. HENT: Reports occasional headaches. Gabapentin and tegretol. Musculoskeletal: Denies any history of sclerosis. Neurological: Reports headaches. ", "Tylenol is recommended for pain control. Eyes: No weakness noted in either eye. MSK: Examination of the right face: No pain with smile. NECK: There is a little bit of dullness on the left side of his face. The right side feels sharp. CV: Normal. X-rays of the bilateral upper extremities are unremarkable. ", "Right- sided bilateral trigeminal neuralgia. After reviewing the patient's examination and radiographic findings today, I have had a lengthy discussion with the patient in regards to her current symptoms. I have explained to her that her MRI revealed a small blood vessel that is abutting and perhaps even pinching the trig eminal nerve. We discussed treatment options for this and I have recommended that we start with the teg Gretol. We will see how that goes and if her pain continues, we can consider different surgical options. I advised her that I would like to try the teGretol first and if that does not work, she can follow up with me in 1 month. The patient will follow up in 1 week. "],