{"rouge1": [0.6751219512195122, 0.5642317380352645, 0.6741573033707865, 0.6682808716707022], "rouge2": [0.4144672531769306, 0.2430379746835443, 0.5113636363636364, 0.48175182481751827], "rougeL": [0.47609756097560973, 0.34256926952141054, 0.6179775280898877, 0.5036319612590799], "rougeLsum": [0.5639024390243903, 0.4181360201511335, 0.6404494382022472, 0.5859564164648909], "bertscore_precision": [0.6747638583183289, 0.6955983638763428, 0.858130156993866, 0.817735493183136], "bertscore_recall": [0.6748436093330383, 0.6501636505126953, 0.7574963569641113, 0.741211473941803], "bertscore_f1": [0.6748037338256836, 0.6721140742301941, 0.8046791553497314, 0.7775952816009521], "bleurt": [0.34621989727020264, 0.4226289391517639, 0.556125283241272, 0.4558528661727905], "pred_note": ["CHIEF COMPLAINT Right diabetic foot ul ulcer. HISTORY OF PRESENT ILLNESS Wayne Taylor is a pleasant 66-year-old male who presents to the clinic today for the evaluation of a right diabetic foot Ulcer. The onset of his neuropathy began 2 to 3 weeks ago, after he bought a new pair of shoes to travel with. He describes the wound as a blister but says it has worsened and he has been putting a band-aid on the wound. He finished the course yesterday and says the wound is about the same. He denies any fever, chills, drainage from the wound, or other symptoms. The patient states that when he takes his sock off, it sticks to the wound; however, he is still wearing the same shoes that cause the problem. He reports that he used to see a podiatrist a couple of years ago but the office moved and he was not able to get another one. His last Hgb A1c was 8.0. REVIEW OF SYSTEMS Musculoskeletal: Reports right diabetes. VITALS Temperature: 98.1 degrees F Heart rate: 72 bpm Blood pressure: 120/60 mmHg PHYSICAL EXAM MSK: Examination of the right foot: 1 by 2 inch circular wound on the dorsal aspect of the lateral right foot. There is some yellow slough present with minimal granulation tissue. No surrounding erythema or cellulitis. No fluid collection. No necrosis. No odor. No bony exposure. RESULTS X-ray of the Right foot taken in office today shows no evidence of osteomyelitis. ASSESSMENTMENT AND PLAN 1. Right diabeticfoot ulcers. 2. Diabetes mellitus. PLAN After reviewing the patient's examination and radiographic findings today, I have had a lengthy discussion with the patient in regards to his current symptoms. I have explained to him that his x-rays did not reveal any signs of bone infection. I has recommended that we obtain an ankle brachial index abi to determine the blood supply to his foot to see if he can heal his wound. I will also perform a debridement and ointment at the office today. We discussed that we should consider obtaining a diabetic consult so that we can discuss ways to modify his diet without being too much to bring his hemoglobin a1c into a better level. He will continue to wear a surgical shoe to take pressure off the area. At this time, I do not think any more antibiotics are needed at this time. INSTRUCTIONS The patient will follow up with me in 2 weeks for a repeat evaluation. If his wound does not improve, we will refer him to a vascular specialist.", "Right diabetic foot ul ulcer. Wayne Taylor is a pleasant 66-year-old male who presents to the clinic today for the evaluation of a right diabetic foot Ulcer. The onset of his neuropathy began 2 to 3 weeks ago, after he bought a new pair of shoes to travel with. He describes the wound as a blister but says it has worsened and he has been putting a band-aid on the wound. He finished the course yesterday and says the wound is about the same. He denies any fever, chills, drainage from the wound, or other symptoms. The patient states that when he takes his sock off, it sticks to the wound; however, he is still wearing the same shoes that cause the problem. He reports that he used to see a podiatrist a couple of years ago but the office moved and he was not able to get another one. His last Hgb A1c was 8.0. Musculoskeletal: Reports right diabetes. ", "Temperature: 98.1 degrees F Heart rate: 72 bpm Blood pressure: 120/60 mmHg MSK: Examination of the right foot: 1 by 2 inch circular wound on the dorsal aspect of the lateral right foot. There is some yellow slough present with minimal granulation tissue. No surrounding erythema or cellulitis. No fluid collection. No necrosis. No odor. No bony exposure. X-ray of the Right foot taken in office today shows no evidence of osteomyelitis. ", "MENT AND After reviewing the patient's examination and radiographic findings today, I have had a lengthy discussion with the patient in regards to his current symptoms. I have explained to him that his x-rays did not reveal any signs of bone infection. I has recommended that we obtain an ankle brachial index abi to determine the blood supply to his foot to see if he can heal his wound. I will also perform a debridement and ointment at the office today. We discussed that we should consider obtaining a diabetic consult so that we can discuss ways to modify his diet without being too much to bring his hemoglobin a1c into a better level. He will continue to wear a surgical shoe to take pressure off the area. At this time, I do not think any more antibiotics are needed at this time. The patient will follow up with me in 2 weeks for a repeat evaluation. If his wound does not improve, we will refer him to a vascular specialist. "],