{"rouge1": [0.5813397129186604, 0.5647668393782384, 0.3622047244094488, 0.4657534246575342], "rouge2": [0.2733812949640288, 0.3020833333333333, 0.24000000000000002, 0.15862068965517243], "rougeL": [0.33492822966507174, 0.38341968911917096, 0.25196850393700787, 0.26027397260273977], "rougeLsum": [0.40909090909090906, 0.4145077720207254, 0.25196850393700787, 0.26027397260273977], "bertscore_precision": [0.6590555310249329, 0.715109646320343, 0.5836880803108215, 0.647409975528717], "bertscore_recall": [0.6663880348205566, 0.652105987071991, 0.6851344704627991, 0.6904616355895996], "bertscore_f1": [0.6627015471458435, 0.6821561455726624, 0.6303557753562927, 0.6682431101799011], "bleurt": [0.42437028884887695, 0.471971333026886, 0.44312912225723267, 0.4308399558067322], "pred_note": ["CHIEF COMPLAINT Neck pain. HISTORY OF PRESENT ILLNESS Brandon Butler is a pleasant 45-year-old male who presents to the clinic today for the evaluation of neck pain. The onset of his pain began in february of this year. He was involved in a car crash in 02/2021. He states that he was coming home from a pain clinic because of his neck pain and back pain. This was his most recent crash. He notes that he has been experiencing neck pain since then. On a scale of 1 to 10, his pain is severe. REVIEW OF SYSTEMS Constitutional: Denies headaches, dizziness, visual disturbances, numbness in the left arm and leg, and spasms. Musculoskeletal: Reports neck pain, back pain, and stiffness. Neurological: Reports numbness and stiffness in the right leg. PHYSICAL EXAM Neurological - Orientation: Alert and oriented x3. Cranial nerves grossly intact. Normal gait. Normal strength and function. - Palpation: Pain in the middle of the neck, on the bony process and on the muscle. Pain on palpation. Range of movement: moderate. Pain to swive the neck from side to side. Pain with palpation to the right and left. Examination of the right upper extremity: Some range of movement is present. No pain to palpation of the left lower extremity. - RESULTS X-rays of the cervical spine were obtained and reviewed today. These reveal no evidence of fracture. ASSESSMENT AND PLAN 1. Neck sprain. - Medical Reasoning: The patient presents today with symptoms similar to a neck sprain, but his imaging results are not consistent with a fracture. - Patient Education and Counseling: We discussed the nature of the diagnosis and that this is a common issue. I advised the patient that his pain can be explained by multiple things and that thankfully this is not a broken neck. - Additional Testing: We will order a CT scan for further evaluation. We also discussed the possibility of obtaining a local injection to the area to help with the pain. - medical Treatment: conservative management is recommended today. We will start the patient on robaxin, 15 500 mg every 6 to 8 hours for the next several weeks. If his pain does not improve with conservative treatment, we will refer him to physical therapy. 2. Employment. The patient was instructed to avoid working from the outside in until his MRI results are back. - MEDICATIONS: We are going to start him on Robaxin. Patient Agreements: The Patient understands and agrees with the recommended medical treatment plan.", "Neck pain. Brandon Butler is a pleasant 45-year-old male who presents to the clinic today for the evaluation of neck pain. The onset of his pain began in february of this year. He was involved in a car crash in 02/2021. He states that he was coming home from a pain clinic because of his neck pain and back pain. This was his most recent crash. He notes that he has been experiencing neck pain since then. On a scale of 1 to 10, his pain is severe. Constitutional: Denies headaches, dizziness, visual disturbances, numbness in the left arm and leg, and spasms. Musculoskeletal: Reports neck pain, back pain, and stiffness. Neurological: Reports numbness and stiffness in the right leg. : We are going to start him on Robaxin. Patient Agreements: The Patient understands and agrees with the recommended medical treatment plan. ", "Neurological - Orientation: Alert and oriented x3. Cranial nerves grossly intact. Normal gait. Normal strength and function. - Palpation: Pain in the middle of the neck, on the bony process and on the muscle. Pain on palpation. Range of movement: moderate. Pain to swive the neck from side to side. Pain with palpation to the right and left. Examination of the right upper extremity: Some range of movement is present. No pain to palpation of the left lower extremity. - X-rays of the cervical spine were obtained and reviewed today. These reveal no evidence of fracture. ", "1. Neck sprain. - Medical Reasoning: The patient presents today with symptoms similar to a neck sprain, but his imaging results are not consistent with a fracture. - Patient Education and Counseling: We discussed the nature of the diagnosis and that this is a common issue. I advised the patient that his pain can be explained by multiple things and that thankfully this is not a broken neck. - Additional Testing: We will order a CT scan for further evaluation. We also discussed the possibility of obtaining a local injection to the area to help with the pain. - medical Treatment: conservative management is recommended today. We will start the patient on robaxin, 15 500 mg every 6 to 8 hours for the next several weeks. If his pain does not improve with conservative treatment, we will refer him to physical therapy. 2. Employment. The patient was instructed to avoid working from the outside in until his MRI results are back. - "],