{"rouge1": [0.6709511568123393, 0.5449871465295629, 0.6172839506172839, 0.6956521739130435], "rouge2": [0.39948453608247425, 0.2997416020671835, 0.379746835443038, 0.45255474452554745], "rougeL": [0.4524421593830334, 0.3753213367609254, 0.5679012345679012, 0.47101449275362317], "rougeLsum": [0.5295629820051414, 0.4318766066838046, 0.6172839506172839, 0.47101449275362317], "bertscore_precision": [0.7271045446395874, 0.7052561044692993, 0.8000543713569641, 0.7845950722694397], "bertscore_recall": [0.7123731970787048, 0.6866832971572876, 0.7650023698806763, 0.7725830078125], "bertscore_f1": [0.7196635007858276, 0.6958457827568054, 0.7821358442306519, 0.7785427570343018], "bleurt": [0.4152894616127014, 0.4981691837310791, 0.5462971925735474, 0.5470250248908997], "pred_note": ["CHIEF COMPLAINT Headache. HISTORY OF PRESENT ILLNESS Julie Mitchell is a pleasant 53-year-old female who presents to the clinic today for the evaluation of headaches. The onset of her headaches began when she was a teenager and they would be present around her menstrual periods. As she got older, she noticed that they were more frequent and severe. She states that they seem to get worse around her menstruation. The patient reports that she has been trying to exercise more in order to lose weight, but she does not exercise for very long as her headaches return. She also reports that as soon as she starts to jog, her headaches come back on. She denies any numbness or tingling to her hands or feet, or face. She endorses that she likes to run a lot and she is starting to get back into it. She has a recent MRI of the brain, which was reviewed in office today. This is her first visit to a neuro-ophthalmologist. REVIEW OF SYSTEMS Musculoskeletal: Reports ringing in her ears. Neurological: Reports right-sided headaches. VITALS All vital signs are within normal limits. PHYSICAL EXAM CV: Normal sinus rhythm. No murmurs, rubs, or gallops. Eyes: Papilledema and swelling behind the right eye. MSK: Examination of the cranial nerves: All 12 nerves are intact including a normal cranial reflex. Gait: Normal gait. ASSESSMENT AND PLAN 1. idiopathic intracranial hypertension. PLAN After reviewing the patient's examination and radiographic findings today, I have had a lengthy discussion with the patient in regards to her current symptoms. I have explained to her that her MRI results will not necessarily support the diagnosis. I recommended that we obtain a spinal tap to evaluate the pressure in her brain, as this can lead to permanent changes in her vision. We also discussed that once we have that result, we will be able to schedule a MRI to check for any other conditions that could be contributing to her symptoms. Additionally, I advised her that we should schedule a complete eye exam for her to evaluate for any signs of permanent changes. All questions were answered. INSTRUCTIONS The patient will follow up with me once the spinal tap results are available.", "Headache. Julie Mitchell is a pleasant 53-year-old female who presents to the clinic today for the evaluation of headaches. The onset of her headaches began when she was a teenager and they would be present around her menstrual periods. As she got older, she noticed that they were more frequent and severe. She states that they seem to get worse around her menstruation. The patient reports that she has been trying to exercise more in order to lose weight, but she does not exercise for very long as her headaches return. She also reports that as soon as she starts to jog, her headaches come back on. She denies any numbness or tingling to her hands or feet, or face. She endorses that she likes to run a lot and she is starting to get back into it. She has a recent MRI of the brain, which was reviewed in office today. This is her first visit to a neuro-ophthalmologist. Musculoskeletal: Reports ringing in her ears. Neurological: Reports right-sided headaches. ", "All vital signs are within normal limits. CV: Normal sinus rhythm. No murmurs, rubs, or gallops. Eyes: Papilledema and swelling behind the right eye. MSK: Examination of the cranial nerves: All 12 nerves are intact including a normal cranial reflex. Gait: Normal gait. ", "1. idiopathic intracranial hypertension. After reviewing the patient's examination and radiographic findings today, I have had a lengthy discussion with the patient in regards to her current symptoms. I have explained to her that her MRI results will not necessarily support the diagnosis. I recommended that we obtain a spinal tap to evaluate the pressure in her brain, as this can lead to permanent changes in her vision. We also discussed that once we have that result, we will be able to schedule a MRI to check for any other conditions that could be contributing to her symptoms. Additionally, I advised her that we should schedule a complete eye exam for her to evaluate for any signs of permanent changes. All questions were answered. The patient will follow up with me once the spinal tap results are available. "],