{"rouge1": [0.5763358778625954, 0.5162689804772234, 0.5, 0.5115089514066496], "rouge2": [0.2982791586998088, 0.2962962962962963, 0.25925925925925924, 0.2519280205655527], "rougeL": [0.32251908396946566, 0.31670281995661603, 0.3048780487804878, 0.31713554987212283], "rougeLsum": [0.4866412213740458, 0.4164859002169198, 0.45121951219512196, 0.39386189258312015], "bertscore_precision": [0.6405671834945679, 0.715988039970398, 0.6911137104034424, 0.6844037771224976], "bertscore_recall": [0.642169177532196, 0.6104957461357117, 0.6447853446006775, 0.6281889081001282], "bertscore_f1": [0.6413672566413879, 0.6590471267700195, 0.6671462059020996, 0.6550925374031067], "bleurt": [0.4000312089920044, 0.5051631927490234, 0.3830462694168091, 0.5008739233016968], "pred_note": ["CHIEF COMPLAINT Difficulty swallowing. HISTORY OF PRESENT ILLNESS The patient is a 56-year-old male who presents today complaining of difficulty swallowing. He has a past medical history of diabetes and high blood pressure. The patient reports that over the last 4 to 5 weeks it seems like something is always stuck in his throat. He notes that he has never fully choked, but he has thought about potentially choking. He denies chest pain or shortness of breath with this. He states that when he tries to eat it just seems like he has to push it down. He adds that he is not 100% sure but thinks it is more with solids. The patients has not noticed any temperature change, nor has he noticed any blood in any place or blood in his stools. He also denies vomiting blood, coughing up blood, or any weight loss. REVIEW OF SYSTEMS \u2022 Cardiovascular: Denies chest pain, dyspnea on exertion. \u2022 Respiratory: No coughing. \u2022 Gastrointestinal: Endorses difficulty swallowing with liquids. PHYSICAL EXAMINATION Neck \u2022 General Examination: No swelling in your neck. No masses or swelling that I can see. No redness. No carotid bruit. Cardiovascular \u2022 Auscultation of Lungs: Clear bilaterally. Respirations: Lungs are clear to auscultated bilaterally, no murmurs. GI \u2022 Examination of Throat: Epigastric tenderness noted. I do not feel any masses or any significant swelling back there. No lymph nodes. Musculoskeletal \u2022 Examination: Bowel sounds normal in all 4 quadrants. VITALS REVIEWED: Blood pressure: 120/50 mmHg. RESULTS Hemoglobin A1c: 7.4. ASSESSMENT AND PLAN 1. Difficulty swallowing \u2022 Medical Reasoning: I am concerned that he may have a narrowing of his throat that is causing this. Sometimes this can be from a stricture where some narrowing of the esophagus is present. Sometimes I need to go in and dilate the throat. \u2022 Patient Education and Counseling: We discussed the diagnosis and treatment options today. I have recommended that we start him on Prilosec 20 mg once a day. We also discussed that if he has any other symptoms or worsenings, we will refer him to a specialist for a look at that. \u2022 Additional Testing: We will order another hemoglobin a1c. We will also order more blood work today to check a kidney function. \u2022 Specialist Referrals: I have also provided an eye referral to ophthalmology to check his eyes for any retinopathy. \u2022 Medical Treatment: Continue the metformin. He will follow up in 1 month. Patient Agreements: The patient understands and agrees with the recommended medical treatment plan.", "Difficulty swallowing. The patient is a 56-year-old male who presents today complaining of difficulty swallowing. He has a past medical history of diabetes and high blood pressure. The patient reports that over the last 4 to 5 weeks it seems like something is always stuck in his throat. He notes that he has never fully choked, but he has thought about potentially choking. He denies chest pain or shortness of breath with this. He states that when he tries to eat it just seems like he has to push it down. He adds that he is not 100% sure but thinks it is more with solids. The patients has not noticed any temperature change, nor has he noticed any blood in any place or blood in his stools. He also denies vomiting blood, coughing up blood, or any weight loss. \u2022 Cardiovascular: Denies chest pain, dyspnea on exertion. \u2022 Respiratory: No coughing. \u2022 Gastrointestinal: Endorses difficulty swallowing with liquids. ", "Neck \u2022 General Examination: No swelling in your neck. No masses or swelling that I can see. No redness. No carotid bruit. Cardiovascular \u2022 Auscultation of Lungs: Clear bilaterally. Respirations: Lungs are clear to auscultated bilaterally, no murmurs. GI \u2022 Examination of Throat: Epigastric tenderness noted. I do not feel any masses or any significant swelling back there. No lymph nodes. Musculoskeletal \u2022 Examination: Bowel sounds normal in all 4 quadrants. : Blood pressure: 120/50 mmHg. Hemoglobin A1c: 7.4. ", "1. Difficulty swallowing \u2022 Medical Reasoning: I am concerned that he may have a narrowing of his throat that is causing this. Sometimes this can be from a stricture where some narrowing of the esophagus is present. Sometimes I need to go in and dilate the throat. \u2022 Patient Education and Counseling: We discussed the diagnosis and treatment options today. I have recommended that we start him on Prilosec 20 mg once a day. We also discussed that if he has any other symptoms or worsenings, we will refer him to a specialist for a look at that. \u2022 Additional Testing: We will order another hemoglobin a1c. We will also order more blood work today to check a kidney function. \u2022 Specialist Referrals: I have also provided an eye referral to ophthalmology to check his eyes for any retinopathy. \u2022 Medical Treatment: Continue the metformin. He will follow up in 1 month. Patient Agreements: The patient understands and agrees with the recommended medical treatment plan. "],