{"rouge1": [0.6767895878524947, 0.610655737704918, 0.5517241379310345, 0.6117647058823529], "rouge2": [0.3673913043478261, 0.30452674897119336, 0.2517482517482518, 0.40316205533596833], "rougeL": [0.44251626898047725, 0.4057377049180328, 0.38620689655172413, 0.4941176470588236], "rougeLsum": [0.5401301518438179, 0.4057377049180328, 0.4551724137931034, 0.4941176470588236], "bertscore_precision": [0.6721911430358887, 0.7235865592956543, 0.6871836185455322, 0.745803713798523], "bertscore_recall": [0.6803174614906311, 0.688661515712738, 0.7041479349136353, 0.8386925458908081], "bertscore_f1": [0.6762298941612244, 0.7056921720504761, 0.6955623626708984, 0.7895253896713257], "bleurt": [0.4057146906852722, 0.37250378727912903, 0.3910079598426819, 0.645686149597168], "pred_note": ["CHIEF COMPLAINT Right knee pain. HISTORY OF PRESENT ILLNESShelle Reyes is a pleasant 53-year-old female who presents to the clinic today for the evaluation of right knee Pain. The patient was skiing in Vermont last weekend and caught her ski when she was coming off the lift and fell and her knee popped. She has had pain ever since. She states that she was able to ski down the hill but was unable to bear weight. She reports that her knee feels like it is going to buckle. She is able to bend her knee immediately after the injury but not now. She notes that she is somewhat able to straighten her knee but it really hurts when she tries to Straighten it. The Patient denies any numbness or tingling in her toes. She also denies any other exercise or other exercise that she should be aware of. Her husband is home with her but he also works a job where he is gone quite a bit so it is just her and her children with them today. She utilizes crutches for support. REVIEW OF SYSTEMS Musculoskeletal: Reports right knee pain, pain to palpation of the right lateral knee, decreased flexion and extension, positive lachman sign, palpable dorsalis pedis and posterior tibial pulse, and no leg edema in the ankle. PHYSICAL EXAM Respiratory - Auscultation of Lungs: Clear bilaterally. No wheezes, rales, or rhonchi. Cardiovascular- Ausculture of Heart: Regular rate and rhythm. No murmurs, gallops, or rubs. No gallops. Gastrointestinal - Examination of Abdomen: Edema and effusion over the right knee. Pain to palpATION: Right lateral knee. Decreased flexION and extension. Positive lachmans sign. No numbness and tingles in the toes. RESULTS X-rays of her right knee were obtained and reviewed today. These do not reveal any evidence of bony abnormality. ASSESSMENT Right knee Pain, right lateral aspect. PLAN After reviewing the patient's examination and radiographic findings today, I have had a lengthy discussion with the patient in regards to her current symptoms. I have explained to her that her x-rays did not show any signs of a ruptured acl or anterior cruciate ligament. However, I am concerned that she may have ruptured her acl and that we should order a knee MRI for further evaluation. I am hoping that we can get this MRI done in the next couple of days so we can have a conversation about what needs to be done. She was advised to continue taking ibuprofen 600 to 800 mg every 8 hours as needed. I has also recommended that we place her in a brace to help her knee feel a bit more supported. INSTRUCTIONS The patient will follow-up with me in 2 weeks for a repeat evaluation.", "Right knee pain. helle Reyes is a pleasant 53-year-old female who presents to the clinic today for the evaluation of right knee Pain. The patient was skiing in Vermont last weekend and caught her ski when she was coming off the lift and fell and her knee popped. She has had pain ever since. She states that she was able to ski down the hill but was unable to bear weight. She reports that her knee feels like it is going to buckle. She is able to bend her knee immediately after the injury but not now. She notes that she is somewhat able to straighten her knee but it really hurts when she tries to Straighten it. The Patient denies any numbness or tingling in her toes. She also denies any other exercise or other exercise that she should be aware of. Her husband is home with her but he also works a job where he is gone quite a bit so it is just her and her children with them today. She utilizes crutches for support. Musculoskeletal: Reports right knee pain, pain to palpation of the right lateral knee, decreased flexion and extension, positive lachman sign, palpable dorsalis pedis and posterior tibial pulse, and no leg edema in the ankle. ", "Respiratory - Auscultation of Lungs: Clear bilaterally. No wheezes, rales, or rhonchi. Cardiovascular- Ausculture of Heart: Regular rate and rhythm. No murmurs, gallops, or rubs. No gallops. Gastrointestinal - Examination of Abdomen: Edema and effusion over the right knee. Pain to palpATION: Right lateral knee. Decreased flexION and extension. Positive lachmans sign. No numbness and tingles in the toes. X-rays of her right knee were obtained and reviewed today. These do not reveal any evidence of bony abnormality. ", "Right knee Pain, right lateral aspect. After reviewing the patient's examination and radiographic findings today, I have had a lengthy discussion with the patient in regards to her current symptoms. I have explained to her that her x-rays did not show any signs of a ruptured acl or anterior cruciate ligament. However, I am concerned that she may have ruptured her acl and that we should order a knee MRI for further evaluation. I am hoping that we can get this MRI done in the next couple of days so we can have a conversation about what needs to be done. She was advised to continue taking ibuprofen 600 to 800 mg every 8 hours as needed. I has also recommended that we place her in a brace to help her knee feel a bit more supported. The patient will follow-up with me in 2 weeks for a repeat evaluation. "],