{"rouge1": [0.6827033218785797, 0.6230248306997742, 0.33802816901408445, 0.5572755417956656], "rouge2": [0.38576349024110224, 0.3401360544217687, 0.1739130434782609, 0.2928348909657321], "rougeL": [0.4742268041237113, 0.4604966139954853, 0.2535211267605634, 0.35294117647058826], "rougeLsum": [0.570446735395189, 0.49209932279909707, 0.2535211267605634, 0.4520123839009288], "bertscore_precision": [0.7134652137756348, 0.7507760524749756, 0.7262042164802551, 0.6912521719932556], "bertscore_recall": [0.7117168307304382, 0.7471089363098145, 0.6070237755775452, 0.6886748671531677], "bertscore_f1": [0.7125899195671082, 0.7489379644393921, 0.6612870693206787, 0.6899610757827759], "bleurt": [0.5271393060684204, 0.4271824359893799, 0.3312149941921234, 0.41625362634658813], "pred_note": ["CHIEF COMPLAINT Back pain. HISTORY OF PRESENT ILLNESS Ms. Cheryl Perry is a 34-year-old female with a past medical history significant for hypertension, who presents today with back pain. The patient states she has been walking a lot lately. She reports that she was walking approximately 30 minutes to an hour a day. Today, she notes that her back suddenly seized up on her when she walked. She states she felt like a spasm. This happened approximately 6 days ago. She has been taking ibuprofen and applying heat. She denies any trauma before that happened. She endorses that she had been lifting more 3 times a week. She does not know if it was because she was doing deadlifts that day and then walked. Ms. Perry denies any numbness or tingling in her legs or feet. She also denies any weakness in her lower extremities. Regarding her blood pressure, she states she is doing well with her diet. She is taking lisinopril 10 mg daily. She did a review of systems sheet with the nurse. The patients denies fever, chills, congestion, cough, chest pain, or shortness of breath. She admits to seasonal allergies. PAST HISTORY Medical Hypertension. SOCIAL HISTORY Patient reports she is married with children. FAMILY HISTORY No known family history. REVIEW OF SYSTEMS \u2022 Constitutional: Denies fevers,chills, or dyspnea on exertion. \u2022 Musculoskeletal: Reports back pain, stiffness. Denies lower extremity weakness. PHYSICAL EXAMINSTRUCTIONS \u2022 Cardiovascular: Examination of the heart: Slight 6/6 systolic ejection murmur. \u2022 Respiratory: No wheezes, rales, or rhonchi. \u2022 Integumentary: Pain to palpation to the right lateral aspect of the lumbar spine. Pain with flexion and extension as well as a negative straight leg raise. RESULTS X-ray of the Lumbar vertebrae is unremarkable. No obvious fracture. Labs: Within normal limits. No elevated white blood cell count. No signs of infection. ASSESSMENT AND PLAN Mrs. Cheryl Perez is a34-year -old female, with a history of hypertension, presenting today with low back pain and fever. Lumbal strain. \u2022 Medical Reasoning: Based on her physical examination and radiographic findings today, I believe she has a lumbo strain.\u2022 Medical Treatment: I have prescribed meloxicam 15 mg once daily. \u2022 Patient Education and Counseling: I advised her to ice and apply heat to the area. She will be referred to physical therapy to strengthen her back. \u2022 Additional Testing: We will monitor her for any changes in blood pressure readings. \u2022 Specialist Referrals: She can request a refill of her linkiopril. Patient Agreements: The patient understands and agrees with the recommended medical treatment plan.", "Back pain. Ms. Cheryl Perry is a 34-year-old female with a past medical history significant for hypertension, who presents today with back pain. The patient states she has been walking a lot lately. She reports that she was walking approximately 30 minutes to an hour a day. Today, she notes that her back suddenly seized up on her when she walked. She states she felt like a spasm. This happened approximately 6 days ago. She has been taking ibuprofen and applying heat. She denies any trauma before that happened. She endorses that she had been lifting more 3 times a week. She does not know if it was because she was doing deadlifts that day and then walked. Ms. Perry denies any numbness or tingling in her legs or feet. She also denies any weakness in her lower extremities. Regarding her blood pressure, she states she is doing well with her diet. She is taking lisinopril 10 mg daily. She did a review of systems sheet with the nurse. The patients denies fever, chills, congestion, cough, chest pain, or shortness of breath. She admits to seasonal allergies. Medical Hypertension. Patient reports she is married with children. No known family history. \u2022 Constitutional: Denies fevers,chills, or dyspnea on exertion. \u2022 Musculoskeletal: Reports back pain, stiffness. Denies lower extremity weakness. ", "X-ray of the Lumbar vertebrae is unremarkable. No obvious fracture. Labs: Within normal limits. No elevated white blood cell count. No signs of infection. ", "\u2022 Cardiovascular: Examination of the heart: Slight 6/6 systolic ejection murmur. \u2022 Respiratory: No wheezes, rales, or rhonchi. \u2022 Integumentary: Pain to palpation to the right lateral aspect of the lumbar spine. Pain with flexion and extension as well as a negative straight leg raise. Mrs. Cheryl Perez is a34-year -old female, with a history of hypertension, presenting today with low back pain and fever. Lumbal strain. \u2022 Medical Reasoning: Based on her physical examination and radiographic findings today, I believe she has a lumbo strain.\u2022 Medical Treatment: I have prescribed meloxicam 15 mg once daily. \u2022 Patient Education and Counseling: I advised her to ice and apply heat to the area. She will be referred to physical therapy to strengthen her back. \u2022 Additional Testing: We will monitor her for any changes in blood pressure readings. \u2022 Specialist Referrals: She can request a refill of her linkiopril. Patient Agreements: The patient understands and agrees with the recommended medical treatment plan. "],