{"rouge1": [0.7059736229635376, 0.6781914893617021, 0.5961538461538461, 0.511166253101737], "rouge2": [0.4257964257964258, 0.39999999999999997, 0.4117647058823529, 0.25935162094763087], "rougeL": [0.4080682699767262, 0.40957446808510645, 0.5384615384615384, 0.3325062034739454], "rougeLsum": [0.5989138867339022, 0.5132978723404255, 0.576923076923077, 0.4416873449131513], "bertscore_precision": [0.7105769515037537, 0.7112516760826111, 0.7853891849517822, 0.688794732093811], "bertscore_recall": [0.7009413242340088, 0.7183904051780701, 0.7611385583877563, 0.6343727707862854], "bertscore_f1": [0.7057262063026428, 0.7148032784461975, 0.7730737328529358, 0.6604645252227783], "bleurt": [0.49849629402160645, 0.5145409107208252, 0.5405434966087341, 0.38512563705444336], "pred_note": ["CHIEF COMPLAINT Upper respiratory infection. HISTORY OF PRESENT ILLNESS Andrew Perez is a 59-year-old male with a past medical history, significant for depression, type 2 diabetes, and hypertension, who presents today with an upper respiratory infections. The patient reports he was doing a bit of work out in the yard in the last week or so and started to feel really tired and short of breath. He notes he caught his first cold at the end of the summer and his symptoms worsened. He denies any seasonal allergies. When he says he is having shortness of breath, it is usually due to exertion. He states he was carrying some heavy bags of soil and he got really winded. He has no coughing up anything. Regarding fevers, he feels a little warm but he just thought it was because he was exerting himself. Regarding muscle aches, joint pain, fatigue, and fatigue, he reports his elbows hurt quite a bit and his knees were pretty tired. He also feels some tension around his knees. Regarding his depression, he states he has been doing well with it. He reports he is taking barre classes to help him relax and he thinks it is working. In terms of his diabetes, he is doing watching his diet and sugar intake. His diet has been pretty good for the most part, except for some house parties and things like that. His sugar levels have been monitoring his sugar levels while he is going to work during the week. If it is Saturday or Sunday, he does not remember, he will increase his metformin to 1000 mg twice daily. For his hypertension, his symptoms have been well controlled. He is regular about monitoring his blood pressure at home, but not as much on Saturdays or Sundays. His diabetes has been under control. Regarding the upper respiratory infection, he believes he has a viral syndrome. We will send a COVID-19 test to determine if he has Covid. He does not think he has covid, but he does have some edema of the lower extremities and pain to palpation of the elbows bilaterally. He thinks this will resolve in a couple of days. He will take robitussin for his cough and ibuprofen, Tylenol for any fever. For His depression, He is doing well from this standpoint. He wishes to start on psychotherapy. REVIEW OF SYSTEMS \u2022 Constitutional: Denies fevers. \u2022 Musculoskeletal: Reports elbow pain and tension. \u2022 Neurological: Reports fatigue. \u2022 Psychiatric: Reports depression. PHYSICAL EXAMINATION \u2022 Respiratory: Lungs are clear to auscultation bilaterally, but there is some scattered ronchi on the lung exam. \u2022 Cardiovascular: Regular rate and rhythm. No murmurs, gallops, or rubs. No extra heart sounds. \u2022 Gastrointestinal: Normal. RESULTS X-ray of the chest is reviewed and demonstrates no airspace disease or pneumonia. Hemoglobin A1c is elevated at 8. ASSESSMENT AND PLAN The patient is a59-year - old male witha past medicalhistory, significantfor depression, diabetes, hypertension, and type 2 Diabetes, who present today with a upper respiratory illness. Upper respiratoryitis. \u2022 Medical Reasoning: He reports an upperrespiratory infection. \u2022 Additional Testing: We will order a Covid test to rule out allergies. \u2022 Specialist Referrals: Referral placed for further evaluation. \u2022 Patient Education and Counseling: I counseled the patient on the importance of seasonal allergies and encouraged him to avoid triggers. Depression. \u2022 medical Treatment: Initiate barre class to help relax and improve his symptoms. \u2022 Doctor's note: He has been compliant with dietary modifications and his sugar intake has been well-controlled. Diabetes type 2.\u2022 Medical Reasonings: He is compliant with home blood pressure monitoring and dietary modifications, but his blood glucose levels have not been elevated since this episode of his upper respiratory disease. \u2022 Diabetes type II. \u2022Medical Treatment: Increase metformIN to 1000 mmHg twice a day. Patient Agreements: The patient understands and agrees with the recommended medical treatment plan.", "Upper respiratory infection. Andrew Perez is a 59-year-old male with a past medical history, significant for depression, type 2 diabetes, and hypertension, who presents today with an upper respiratory infections. The patient reports he was doing a bit of work out in the yard in the last week or so and started to feel really tired and short of breath. He notes he caught his first cold at the end of the summer and his symptoms worsened. He denies any seasonal allergies. When he says he is having shortness of breath, it is usually due to exertion. He states he was carrying some heavy bags of soil and he got really winded. He has no coughing up anything. Regarding fevers, he feels a little warm but he just thought it was because he was exerting himself. Regarding muscle aches, joint pain, fatigue, and fatigue, he reports his elbows hurt quite a bit and his knees were pretty tired. He also feels some tension around his knees. Regarding his depression, he states he has been doing well with it. He reports he is taking barre classes to help him relax and he thinks it is working. In terms of his diabetes, he is doing watching his diet and sugar intake. His diet has been pretty good for the most part, except for some house parties and things like that. His sugar levels have been monitoring his sugar levels while he is going to work during the week. If it is Saturday or Sunday, he does not remember, he will increase his metformin to 1000 mg twice daily. For his hypertension, his symptoms have been well controlled. He is regular about monitoring his blood pressure at home, but not as much on Saturdays or Sundays. His diabetes has been under control. Regarding the upper respiratory infection, he believes he has a viral syndrome. We will send a COVID-19 test to determine if he has Covid. He does not think he has covid, but he does have some edema of the lower extremities and pain to palpation of the elbows bilaterally. He thinks this will resolve in a couple of days. He will take robitussin for his cough and ibuprofen, Tylenol for any fever. For His depression, He is doing well from this standpoint. He wishes to start on psychotherapy. \u2022 Constitutional: Denies fevers. \u2022 Musculoskeletal: Reports elbow pain and tension. \u2022 Neurological: Reports fatigue. \u2022 Psychiatric: Reports depression. ", "\u2022 Respiratory: Lungs are clear to auscultation bilaterally, but there is some scattered ronchi on the lung exam. \u2022 Cardiovascular: Regular rate and rhythm. No murmurs, gallops, or rubs. No extra heart sounds. \u2022 Gastrointestinal: Normal. X-ray of the chest is reviewed and demonstrates no airspace disease or pneumonia. Hemoglobin A1c is elevated at 8. ", "The patient is a59-year - old male witha past medicalhistory, significantfor depression, diabetes, hypertension, and type 2 Diabetes, who present today with a upper respiratory illness. Upper respiratoryitis. \u2022 Medical Reasoning: He reports an upperrespiratory infection. \u2022 Additional Testing: We will order a Covid test to rule out allergies. \u2022 Specialist Referrals: Referral placed for further evaluation. \u2022 Patient Education and Counseling: I counseled the patient 