{"rouge1": [0.5303030303030304, 0.620253164556962, 0.5901639344262295, 0.2692307692307692], "rouge2": [0.2791878172588833, 0.4102564102564103, 0.4067796610169492, 0.1038961038961039], "rougeL": [0.37373737373737376, 0.5063291139240507, 0.5573770491803278, 0.14102564102564102], "rougeLsum": [0.40404040404040403, 0.5189873417721519, 0.5573770491803278, 0.14102564102564102], "bertscore_precision": [0.6490257978439331, 0.6881003379821777, 0.7798749804496765, 0.6170007586479187], "bertscore_recall": [0.6797932386398315, 0.7713773250579834, 0.7708521485328674, 0.6618826985359192], "bertscore_f1": [0.6640533208847046, 0.7273629903793335, 0.775337278842926, 0.6386541724205017], "bleurt": [0.3951341509819031, 0.5016939640045166, 0.49872928857803345, 0.36398303508758545], "pred_note": ["CHIEF COMPLAINT distal radius pain. HISTORY OF PRESENT ILLNESS Ms. Martinez is a 43-year-old female who presents today for an evaluation of distal radial pain. She states she was playing tennis and missed the ball and hit the top of the net with her arm. She had a little swelling. She denies numbness in her hand. She has a past medical history of allergies and takes Flonase. She reports a trauma of a stabbing of her arm when she fell on her rake. She is currently doing lawn work. REVIEW OF SYSTEMS Musculoskeletal: Reports distal forearm pain. Neurological: Denies hand numbness. PHYSICAL EXAM MSK: Examination of the distal Radius: tenderness over the distAL radius. RESULTS X-ray of the arm shows no obvious signs of acute fracture. No abnormalities. IMPRESSION Distal radius distalradius pain. PLAN After reviewing the patient's examination and radiographic findings today, I have had a lengthy discussion with the patient in regards to her current symptoms. I have explained to her that her x-rays did not reveal any signs of a fracture. We discussed treatment options and I have recommended that we treat the patient conservatively. I recommend that we use ice for pain and swelling. Additionally, we discussed that the pain is likely caused by a strain on the muscle from hitting the arm. At this point, I has recommended that the patient be seen by another physician for further evaluation.", "distal radius pain. Ms. Martinez is a 43-year-old female who presents today for an evaluation of distal radial pain. She states she was playing tennis and missed the ball and hit the top of the net with her arm. She had a little swelling. She denies numbness in her hand. She has a past medical history of allergies and takes Flonase. She reports a trauma of a stabbing of her arm when she fell on her rake. She is currently doing lawn work. Musculoskeletal: Reports distal forearm pain. Neurological: Denies hand numbness. ", "MSK: Examination of the distal Radius: tenderness over the distAL radius. X-ray of the arm shows no obvious signs of acute fracture. No abnormalities. ", "Distal radius distalradius pain. After reviewing the patient's examination and radiographic findings today, I have had a lengthy discussion with the patient in regards to her current symptoms. I have explained to her that her x-rays did not reveal any signs of a fracture. We discussed treatment options and I have recommended that we treat the patient conservatively. I recommend that we use ice for pain and swelling. Additionally, we discussed that the pain is likely caused by a strain on the muscle from hitting the arm. At this point, I has recommended that the patient be seen by another physician for further evaluation. "], "gt_note": ["CHIEF COMPLAINT:\n\nRight arm pain.\n\nHPI:\n\nMs. Martinez is a 43-year-old female who presents today for an evaluation of right arm pain after she hitting her arm on a pole while playing tennis. She had mild swelling at the time. There is pain with motion. She denies any numbness or tingling in her hand. She has a past medical history of allergies and takes Flonase.\n\nEXAM\n\nExamination of the left wrist shows tenderness over the distal radius and pain with flexion of the wrist and thumb.\n\nRESULTS\n\nX-rays of the left wrist show no obvious signs of acute fracture or other abnormality.\n\nIMPRESSION\n\nRight wrist sprain.\n\nPLAN\n\nAt this point, I discussed the diagnosis and treatment options with the patient. I have recommended ice and anti-inflammatory medications. I am prescribing Motrin, 800 mg to take 3 times a day with food. She will follow up with me in 1 week or as needed.\n", ":\n\nRight arm pain. :\n\nMs. Martinez is a 43-year-old female who presents today for an evaluation of right arm pain after she hitting her arm on a pole while playing tennis. She had mild swelling at the time. There is pain with motion. She denies any numbness or tingling in her hand. She has a past medical history of allergies and takes Flonase. ", "Examination of the left wrist shows tenderness over the distal radius and pain with flexion of the wrist and thumb. X-rays of the left wrist show no obvious signs of acute fracture or other abnormality. ", "Right wrist sprain. At this point, I discussed the diagnosis and treatment options with the patient. I have recommended ice and anti-inflammatory medications. I am prescribing Motrin, 800 mg to take 3 times a day with food. She will follow up with me in 1 week or as needed. "]}