{"rouge1": [0.6591194968553459, 0.7170868347338937, 0.6526315789473683, 0.4408945686900959], "rouge2": [0.3883984867591425, 0.43943661971830983, 0.4946236559139785, 0.18006430868167203], "rougeL": [0.4754716981132075, 0.6050420168067226, 0.4842105263157895, 0.2939297124600639], "rougeLsum": [0.5937106918238994, 0.6442577030812325, 0.4842105263157895, 0.3706070287539936], "bertscore_precision": [0.697611927986145, 0.7811959981918335, 0.7803225517272949, 0.609894871711731], "bertscore_recall": [0.7004233002662659, 0.7606229186058044, 0.7708421945571899, 0.6379432678222656], "bertscore_f1": [0.6990147829055786, 0.7707722783088684, 0.7755534648895264, 0.6236038208007812], "bleurt": [0.5660738945007324, 0.604736864566803, 0.5712674856185913, 0.4068170189857483], "pred_note": ["CHIEF COMPLAINT Annual exam. HISTORY OF PRESENT ILLNESS Jerry White is a 54-year-old male with a past medical history, significant for osteoporosis and multiple sclerosis, who presents for an annual exam. The patient reports he has been traveling all over the country. It has been kind of a stressful summer. He is adjusting to everything in the fall and so far it has been good. However, his lack of sleep has been really getting to him. He has tried everything from melatonin to meditation to T stretching out every morning, but nothing really seems to help. In terms of his osteoporsosis, he is on Fosamax and has not had any issues with his joints. He denies any broken bones recently. In regards to hismultiple sclerosis, he last saw the neurologist about 6 months ago. He continues to take the medication. He reports some right leg weakness, which has improved. He also has a lingering issue with his knee surgery. Other than that, his symptoms have been fine. REVIEW OF SYSTEMS \u2022 insomnia. \u2022 Cardiovascular: Endorses chest pain and shortness of breath. \u2022 Musculoskeletal: Endorsed right knee weakness. \u2022 Neurological: Denies right leg instability. PHYSICAL EXAMINATION \u2022 Respiratory: Lungs are clear to auscultation bilaterally. No wheezes, rales, or rhonchi. \u2022 Gastrointestinal: X-ray of the right knee shows some changes from arthritis. RESULTS X-rays of theright knee show arthritic changes. The right knee x-ray is 4/5. The left knee is about 3/ 5. ASSESSMENT AND PLAN Jerry White are a 54 year old male witha past medicalhistory, significantfor osteop orosis andmultiple sclerosis. He presents today for an yearly exam. \u2022 Medical Reasoning: He is experiencing decreased sleep due to insomnia.\u2022 Medical Treatment: attempted melatonin, meditation, and T stretching every morning. None seems to be beneficial. \u2022 Additional Testing: Repeat Fos amax. \u2022 Specialist Referrals: We will refer him to neurologist for further evaluation. PLAN After reviewing the patient's examination and radiographic findings today, I have had a lengthy discussion with the patient in regard to his current symptoms. I have explained to him that his x-rays from his right knee is significant for arthritis. He does have some arthritis changes in his Right knee. We discussed treatment options for this and I have recommended that he continue to exercise daily. I recommend continued physical activity to help with his symptoms. \u2022 Patient Education and Counseling: I counseled the patient on the importance of maintaining a healthy lifestyle and that his symptoms do not appear to be related to his physical activity. Patient Agreements: The patient understands and agrees with the recommended medical treatment plan.", "Annual exam. Jerry White is a 54-year-old male with a past medical history, significant for osteoporosis and multiple sclerosis, who presents for an annual exam. The patient reports he has been traveling all over the country. It has been kind of a stressful summer. He is adjusting to everything in the fall and so far it has been good. However, his lack of sleep has been really getting to him. He has tried everything from melatonin to meditation to T stretching out every morning, but nothing really seems to help. In terms of his osteoporsosis, he is on Fosamax and has not had any issues with his joints. He denies any broken bones recently. In regards to hismultiple sclerosis, he last saw the neurologist about 6 months ago. He continues to take the medication. He reports some right leg weakness, which has improved. He also has a lingering issue with his knee surgery. Other than that, his symptoms have been fine. \u2022 insomnia. \u2022 Cardiovascular: Endorses chest pain and shortness of breath. \u2022 Musculoskeletal: Endorsed right knee weakness. \u2022 Neurological: Denies right leg instability. ", "\u2022 Respiratory: Lungs are clear to auscultation bilaterally. No wheezes, rales, or rhonchi. \u2022 Gastrointestinal: X-ray of the right knee shows some changes from arthritis. X-rays of theright knee show arthritic changes. The right knee x-ray is 4/5. The left knee is about 3/ 5. ", "Jerry White are a 54 year old male witha past medicalhistory, significantfor osteop orosis andmultiple sclerosis. He presents today for an yearly exam. \u2022 Medical Reasoning: He is experiencing decreased sleep due to insomnia.\u2022 Medical Treatment: attempted melatonin, meditation, and T stretching every morning. None seems to be beneficial. \u2022 Additional Testing: Repeat Fos amax. \u2022 Specialist Referrals: We will refer him to neurologist for further evaluation. After reviewing the patient's examination and radiographic findings today, I have had a lengthy discussion with the patient in regard to his current symptoms. I have explained to him that his x-rays from his right knee is significant for arthritis. He does have some arthritis changes in his Right knee. We discussed treatment options for this and I have recommended that he continue to exercise daily. I recommend continued physical activity to help with his symptoms. \u2022 Patient Education and Counseling: I counseled the patient on the importance of maintaining a healthy lifestyle and that his symptoms do not appear to be related to his physical activity. Patient Agreements: The patient understands and agrees with the recommended medical treatment plan. "],