{"rouge1": [0.4459234608985025, 0.4439461883408072, 0.24000000000000002, 0.3177570093457944], "rouge2": [0.21035058430717865, 0.2207207207207207, 0.08695652173913043, 0.11428571428571428], "rougeL": [0.25623960066555734, 0.23318385650224216, 0.24000000000000002, 0.24299065420560748], "rougeLsum": [0.33610648918469216, 0.2914798206278027, 0.24000000000000002, 0.26168224299065423], "bertscore_precision": [0.5923766493797302, 0.5861645340919495, 0.6192159652709961, 0.5639772415161133], "bertscore_recall": [0.630079984664917, 0.6678991317749023, 0.5984094738960266, 0.6221933364868164], "bertscore_f1": [0.6106468439102173, 0.6243683099746704, 0.6086350083351135, 0.5916566848754883], "bleurt": [0.37969857454299927, 0.5042652487754822, 0.3134082555770874, 0.44778621196746826], "pred_note": ["CHIEF COMPLAINT Continue management of psoriatic arthritis. HISTORY OF PRESENT ILLNESS Judy Gomez is a 53 y.o. female who presents today for ongoing management ofPsoriaticthritis. The patient was last seen in office for management of her ongoing pain with prednisone. She notes that she has been decreasing her dose and is currently on 1 tablet per week. There were a couple of days there where she took an extra one just because she had extra pain in her feet. She does have a desk job, so when she is moving around a lot, her feet tend to hurt a bit more. She reports that she takes her prednis one once a week. However, there was some pain with the 2nd dose of Prednisone, which she did not take on the week that she got her COVID-19 vaccinations. She called into the hotline because she was in so much pain with her first dose. She was told that the medication could interfere with the efficacy of the vaccine. She then took it again a week later. She states that she felt absolutely horrible with the first dose and called the hotline due to her pain. She denies taking the second dose until she was able to take it. Mrs. Gomez is doing well since her last visit. She is still on one tablet ofprednisone per week and notes that it seems to be enough. There was some extra pain with this one as she had a day off from her desk job and felt that her joint pain would be exacerbated by moving around. She has an appointment to get her blood drawn for the next visit. Regarding her methotrexate, she states that it helped with her joint Pain. She confirms that she took her 2nd doses of prednisolone on the same day as she received her COID-19 vaccination. REVIEW OF SYSTEMS \u2022 Constitutional: Negative. \u2022 Musculoskeletal: Positive for joint pain. PHYSICAL EXAM MSK: Examination of the right foot: Bruising in the right lower extremity. ASSESSMENT \u2022 Medical Reasoning: Bilateral joint pain, possibly psoriatics. \u2022 Patient Education and Counseling: I counseled the patient on the importance of discontinuing the use of pred steroids. \u2022 Additional Testing: We will schedule a blood draw for her for her next follow up visit. \u2022 Medical Treatment: Continue with 1 tablet ofPrednisone \u2022 Specialist Referrals: We reviewed the risks and benefits of metotrexate with the patient today. She will follow up with me in 3 months to review her progress.", "Continue management of psoriatic arthritis. Judy Gomez is a 53 y.o. female who presents today for ongoing management ofPsoriaticthritis. The patient was last seen in office for management of her ongoing pain with prednisone. She notes that she has been decreasing her dose and is currently on 1 tablet per week. There were a couple of days there where she took an extra one just because she had extra pain in her feet. She does have a desk job, so when she is moving around a lot, her feet tend to hurt a bit more. She reports that she takes her prednis one once a week. However, there was some pain with the 2nd dose of Prednisone, which she did not take on the week that she got her COVID-19 vaccinations. She called into the hotline because she was in so much pain with her first dose. She was told that the medication could interfere with the efficacy of the vaccine. She then took it again a week later. She states that she felt absolutely horrible with the first dose and called the hotline due to her pain. She denies taking the second dose until she was able to take it. Mrs. Gomez is doing well since her last visit. She is still on one tablet ofprednisone per week and notes that it seems to be enough. There was some extra pain with this one as she had a day off from her desk job and felt that her joint pain would be exacerbated by moving around. She has an appointment to get her blood drawn for the next visit. Regarding her methotrexate, she states that it helped with her joint Pain. She confirms that she took her 2nd doses of prednisolone on the same day as she received her COID-19 vaccination. \u2022 Constitutional: Negative. \u2022 Musculoskeletal: Positive for joint pain. ", "MSK: Examination of the right foot: Bruising in the right lower extremity. ", "\u2022 Medical Reasoning: Bilateral joint pain, possibly psoriatics. \u2022 Patient Education and Counseling: I counseled the patient on the importance of discontinuing the use of pred steroids. \u2022 Additional Testing: We will schedule a blood draw for her for her next follow up visit. \u2022 Medical Treatment: Continue with 1 tablet ofPrednisone \u2022 Specialist Referrals: We reviewed the risks and benefits of metotrexate with the patient today. She will follow up with me in 3 months to review her progress. "], "gt_note": ["CHIEF COMPLAINT\n\nPsoriatic arthritis management.\n\nHISTORY OF PRESENT ILLNESS\n\nJudy Gomez is a 61-year-old female who presents to the clinic today for ongoing management of psoriatic arthritis.\n\nMs. Gomez is currently taking methotrexate and prednisone 1 mg daily. She believes methotrexate has been relieving her joint pain.\n\nThe patient reports she has been doing well since her last visit. She has been able to decrease her prednisone dose to 1 mg daily; however, she took 2 mg for a couple of days due to increased pain in her bilateral feet.\n\nThe patient states when she received her first COVID-19 vaccine she held her methotrexate and felt \"horrible\" all week until the next Wednesday when she took it. She felt better by the end of the week. She did not hold methotrexate for her second COVID-19 vaccine.\n\nPHYSICAL EXAM\n\nMusculoskeletal: Full range of motion. Dystrophy of all the nails of the toes.\n\nASSESSMENT\n\n\u2022 Psoriatic arthritis.\n\u2022 High risk medication use.\n\nPLAN\n\nPsoriatic arthritis.\nStable on methotrexate and prednisone 1 mg daily. The patient will discontinue prednisone and continue methotrexate.\n\nINSTRUCTIONS\n\nThe patient will follow up in 3 months.\n", "Psoriatic arthritis management. Judy Gomez is a 61-year-old female who presents to the clinic today for ongoing management of psoriatic arthritis.\n\nMs. Gomez is currently taking methotrexate and prednisone 1 mg daily. She believes methotrexate has been relieving her joint pain.\n\nThe patient reports she has been doing well since her last visit. She has been able to decrease her prednisone dose to 1 mg daily; however, she took 2 mg for a couple of days due to increased pain in her bilateral feet.\n\nThe patient states when she received her first COVID-19 vaccine she held her methotrexate and felt \"horrible\" all week until the next Wednesday when she took it. She felt better by the end of the week. She did not hold methotrexate for her second COVID-19 vaccine. ", "Musculoskeletal: Full range of motion. Dystrophy of all the nails of the toes. ", "\u2022 Psoriatic arthritis.\n\u2022 High risk medication use. Psoriatic arthritis.\nStable on methotrexate and prednisone 1 mg daily. The patient will discontinue prednisone and continue methotrexate. The patient will follow up in 3 months. "]}