{"rouge1": [0.7128205128205128, 0.7130044843049327, 0.18518518518518517, 0.5589519650655022], "rouge2": [0.5012853470437018, 0.5360360360360361, 0.11538461538461539, 0.3700440528634361], "rougeL": [0.5384615384615384, 0.5874439461883408, 0.18518518518518517, 0.4366812227074236], "rougeLsum": [0.658974358974359, 0.632286995515695, 0.18518518518518517, 0.5414847161572053], "bertscore_precision": [0.720644474029541, 0.7325394749641418, 0.7035702466964722, 0.7943733930587769], "bertscore_recall": [0.7270859479904175, 0.7601044774055481, 0.5844775438308716, 0.6810956597328186], "bertscore_f1": [0.7238509058952332, 0.746067464351654, 0.638518214225769, 0.7333861589431763], "bleurt": [0.3770095407962799, 0.437081515789032, 0.2794981002807617, 0.47627002000808716], "pred_note": ["CHIEF COMPLAINT Annual exam. HISTORY OF PRESENT ILLNESS Elizabeth Ross is a 66-year-old female with a past medical history of significant for depression and hypertension, who presents for her annual exam. It has been a year since I last saw the patient. The patient has been doing well. There have been so many events now that she has been able to get vaccinated. She has was able to see her grandkids again and attend more birthday parties. She enjoys being in person. We have had some communication over telehealth, but it is not the same as being in-person. Regarding her depression, she has not been on medication in the past because she is on medication for other things. She reports that She has been going to therapy once a week for the past year. Initially, she was doing mostly virtually, but she is starting to get in- person. She feels that being in - person with someone really helps her. She owns a good support system at home. Her blood pressure has been running, and her blood pressure cuff has been used once a day. Her children have been vaccinated and they have been asymptomatic. She denies chest pain, shortness of breath, abdominal pain, nausea, or vomiting. REVIEW OF SYSTEMS \u2022 Ears, Nose, Mouth and Throat: Endorses nasal congestion. \u2022 Cardiovascular: Denies chest pain or dyspnea on exertion. \u2022 Respiratory: Positive cough and productive cough. \u2022 Musculoskeletal: Positive lower extremity edema. \u2022 Neurological: Positive depression. PHYSICAL EXAMINATION \u2022 Neck: No carotid bruits in the neck. \u2022 RESULTS Heart: 2/6 systolic ejection murmur, stable. Lungs are clear to auscultation bilaterally. Trace lower extremities edema Bilaterally. VITALS REVIEWED \u2022 Blood Pressure: Normal. RESULTS Lisinopril 20 mg a day prescribed. ASSESSMENT AND PLAN Elizabeth Ross, 66, female, with a history ofsignificant for depression, hypertension, presents for annual examination. Depression. \u2022 Medical Reasoning: She is doing well with therapy. Her depression is well-managed. \u2022 Additional Testing: We will order a mammogram for further evaluation. \u2022 Patient Education and Counseling: I encouraged her to continue with outpatient therapy. She should also continue to monitor her blood pressures and contact me if they start rising. Patient Agreements: The patient understands and agrees with the recommended medical treatment plan.", "Annual exam. Elizabeth Ross is a 66-year-old female with a past medical history of significant for depression and hypertension, who presents for her annual exam. It has been a year since I last saw the patient. The patient has been doing well. There have been so many events now that she has been able to get vaccinated. She has was able to see her grandkids again and attend more birthday parties. She enjoys being in person. We have had some communication over telehealth, but it is not the same as being in-person. Regarding her depression, she has not been on medication in the past because she is on medication for other things. She reports that She has been going to therapy once a week for the past year. Initially, she was doing mostly virtually, but she is starting to get in- person. She feels that being in - person with someone really helps her. She owns a good support system at home. Her blood pressure has been running, and her blood pressure cuff has been used once a day. Her children have been vaccinated and they have been asymptomatic. She denies chest pain, shortness of breath, abdominal pain, nausea, or vomiting. \u2022 Ears, Nose, Mouth and Throat: Endorses nasal congestion. \u2022 Cardiovascular: Denies chest pain or dyspnea on exertion. \u2022 Respiratory: Positive cough and productive cough. \u2022 Musculoskeletal: Positive lower extremity edema. \u2022 Neurological: Positive depression. ", "\u2022 Neck: No carotid bruits in the neck. \u2022 Lisinopril 20 mg a day prescribed. \u2022 Blood Pressure: Normal. ", "Elizabeth Ross, 66, female, with a history ofsignificant for depression, hypertension, presents for annual examination. Depression. \u2022 Medical Reasoning: She is doing well with therapy. Her depression is well-managed. \u2022 Additional Testing: We will order a mammogram for further evaluation. \u2022 Patient Education and Counseling: I encouraged her to continue with outpatient therapy. She should also continue to monitor her blood pressures and contact me if they start rising. Patient Agreements: The patient understands and agrees with the recommended medical treatment plan. "],