{"rouge1": [0.5097674418604652, 0.29975429975429974, 0.05714285714285715, 0.41489361702127664], "rouge2": [0.20503261882572227, 0.09876543209876544, 0.0, 0.09608540925266905], "rougeL": [0.1972093023255814, 0.16707616707616707, 0.05714285714285715, 0.17375886524822695], "rougeLsum": [0.44651162790697674, 0.26044226044226043, 0.05714285714285715, 0.24822695035460993], "bertscore_precision": [0.5777171850204468, 0.6319032907485962, 0.5020135045051575, 0.5928566455841064], "bertscore_recall": [0.5858418941497803, 0.5465180277824402, 0.5560328960418701, 0.5791938304901123], "bertscore_f1": [0.5817511677742004, 0.5861172676086426, 0.5276442170143127, 0.5859456062316895], "bleurt": [0.29437947273254395, 0.3264599144458771, 0.238043874502182, 0.31828969717025757], "pred_note": ["CHIEF COMPLAINT New breast reduction consult. HISTORY OF PRESENT ILLNESSulia Jones is a 25-year-old female with symptomatic macromastia, presenting for evaluation of breast reduction. The patient has attempted nonsurgical treatments, but the minimal relief, and is an ideal candidate for bilateral reduction mammoplasty. Her minimum required resection is based on a BSA of 2.65. There is potential for using a nipple graft. Physical exam findings of breast: inspection reveals asymmetrical breasts with severe ptosis. No nipple retraction or discharge. No breast tenderness, masses, or axillary lymphadenopathy is palpable. REVIEW OF SYSTEMS Musculoskeletal: Reports back pain and neck pain. Denies nipple pain. Neurological: Denies numbness or tingling in the S- in the hands. Skin: Reports rashes underneath the breasts. VITALS REVIEWED \u2022 Head and Face: Positive back pain. \u2022 Neck: Positive neck pain, as well as back pain in the neck and upper back. \u2022 Respiratory: Positive nausea. \u2022 Psychiatric: Positive stress. PHYSICAL EXAM MSK: Examination of the breasts: Mild sweating. NECK: Intact bilaterally. Bilateral bra strap indentations. ASSESSMENT \u2022 Breast reduction. PLAN After reviewing the patient's examination and radiographic findings today, I have had a lengthy discussion with the patient in regards to her current symptoms. I have explained to her that the typical approach to a breast reduction is to document her symptoms, symptoms, and pictures, and then they will be submitted to the insurance company for review and possible approval. We discussed that typically, we will take pictures of the breast, elevate the nipple position, and remove any extra fat and breash breast tissue, so that the breast will become smaller in size. She was advised that approximately 30% of the patients can not breastfeed after the reduction. We also discussed that the breasts will enlarge, especially if she can breastfeed. I advised her that after she has children, her breasts will also enlarge and appear deflated. She will have some activity restrictions for about 6 weeks after surgery, including no heavy lifting. I also advised her to avoid driving for 2 to 3 weeks. The drains stay in for about a week. At this point, she has not met with anyone prior to this consult, but I believe she is a good candidate for this procedure and I think she will benefit from it as well. I recommend that we proceed with the breast reduction as soon as her insurance is switched over. We will submit the documentation to the Insurance company in the form of a referral to a new provider, and once that is completed, the patient will be able to follow up with me again right before the surgery to discuss any last minute questions. INSTRUCTIONS The patient will follow-up with me once she has her new provider and I will notify her regarding her postoperative course.", "New breast reduction consult. ulia Jones is a 25-year-old female with symptomatic macromastia, presenting for evaluation of breast reduction. The patient has attempted nonsurgical treatments, but the minimal relief, and is an ideal candidate for bilateral reduction mammoplasty. Her minimum required resection is based on a BSA of 2.65. There is potential for using a nipple graft. Physical exam findings of breast: inspection reveals asymmetrical breasts with severe ptosis. No nipple retraction or discharge. No breast tenderness, masses, or axillary lymphadenopathy is palpable. Musculoskeletal: Reports back pain and neck pain. Denies nipple pain. Neurological: Denies numbness or tingling in the S- in the hands. Skin: Reports rashes underneath the breasts. ", "\u2022 Head and Face: Positive back pain. \u2022 Neck: Positive neck pain, as well as back pain in the neck and upper back. \u2022 Respiratory: Positive nausea. \u2022 Psychiatric: Positive stress. MSK: Examination of the breasts: Mild sweating. NECK: Intact bilaterally. Bilateral bra strap indentations. ", "\u2022 Breast reduction. After reviewing the patient's examination and radiographic findings today, I have had a lengthy discussion with the patient in regards to her current symptoms. I have explained to her that the typical approach to a breast reduction is to document her symptoms, symptoms, and pictures, and then they will be submitted to the insurance company for review and possible approval. We discussed that typically, we will take pictures of the breast, elevate the nipple position, and remove any extra fat and breash breast tissue, so that the breast will become smaller in size. She was advised that approximately 30% of the patients can not breastfeed after the reduction. We also discussed that the breasts will enlarge, especially if she can breastfeed. I advised her that after she has children, her breasts will also enlarge and appear deflated. She will have some activity restrictions for about 6 weeks after surgery, including no heavy lifting. I also advised her to avoid driving for 2 to 3 weeks. The drains stay in for about a week. At this point, she has not met with anyone prior to this consult, but I believe she is a good candidate for this procedure and I think she will benefit from it as well. I recommend that we proceed with the breast reduction as soon as her insurance is switched over. We will submit the documentation to the Insurance company in the form of a referral to a new provider, and once that is completed, the patient will be able to follow up with me again right before the surgery to discuss any last minute questions. The patient will follow-up with me once she has her new provider and I will notify her regarding her postoperative course. "],