{"rouge1": [0.5274725274725275, 0.43349753694581283, 0.045454545454545456, 0.39043824701195223], "rouge2": [0.26170798898071623, 0.17326732673267328, 0.0, 0.14457831325301204], "rougeL": [0.34615384615384615, 0.26108374384236455, 0.045454545454545456, 0.247011952191235], "rougeLsum": [0.4120879120879121, 0.30049261083743845, 0.045454545454545456, 0.247011952191235], "bertscore_precision": [0.6719590425491333, 0.6263445019721985, 0.5799270272254944, 0.6023169755935669], "bertscore_recall": [0.6930001974105835, 0.7013662457466125, 0.4135628640651703, 0.6888258457183838], "bertscore_f1": [0.6823174357414246, 0.6617358326911926, 0.4828157424926758, 0.6426733136177063], "bleurt": [0.44557511806488037, 0.5447917580604553, 0.15129601955413818, 0.3671891689300537], "pred_note": ["CHIEF COMPLAINT Left shoulder and elbow pain. HISTORY OF PRESENT ILLNESS Mr. Joseph James is a 71-year-old male who presents today for evaluation of left shoulder and elbows pain. He fell 5 months ago going up a stairs. He states he injured his left side when he stepped on the left side of his shoulder and wrist. He has had pain since. The pain is worse when he lifts and he has not been able to lift 15 or 20 pounds. The patient states he has always hit the gym and lifted weights. He notes he has been trying to keep with his routine of 2 days a week, but it has been hard. He explains that the pain has been present since. He attributes the pain to the injury to the stairs. Mr. James notes that he stepped and his feet went out and he fell on hisleft side. He reports that he injured himself while ambulating up a flight of stairs to his house. He adds that he has experienced pain and stiffness in his left elbow and shoulder. He denies any numbness or tingling at any point. He endorses that he enjoys his exercise but over the past 1 to 2 weeks he has stopped hitting the gym because the pain is too great. He does keep up his walking approximately 30 minutes almost every day. He estimates that stopping exercise and applying ice has helped a bit but it still hurts enough for him to come to the clinic. He admits to not taking medication for the pain. REVIEW OF SYSTEMS Musculoskeletal: Reports left shoulder & elbow pain, stiffness, and instability. Neurological: Denies tingles or numbness. PHYSICAL EXAMINSTRUCTIONS \u2022 General Examination: Left shoulder, elbow, tender sa space. No warmth, erythema, or deformity. Positive hawkins-kennedy and neer's test. Normal proximal and distar upper extremity strength. intact median radial ulnar sensation and abduction to 90 degrees. Normal empty tan. RESULTS Labs: Within normal limits. ASSESSMENT \u2022 Impingement syndrome of the left shoulder. PLAN After reviewing the patient's examination and radiographic findings today, I have had a lengthy discussion with the patient in regards to his current symptoms. We discussed treatment options and I have recommended that we start him in physical therapy 2 days per week. If his symptoms do not improve with therapy, we will consider a cortisone injection. \u2022 Patient Education and Counseling: I advised the patient to continue to ice his shoulder, especially his left shoulder, and rest as much as he can. \u2022 Additional Testing: We will call or email the patient if his symptoms worsen or do not improved with the therapy. Patient Agreements: The patient understands and agrees with the recommended medical treatment plan.", "Left shoulder and elbow pain. Mr. Joseph James is a 71-year-old male who presents today for evaluation of left shoulder and elbows pain. He fell 5 months ago going up a stairs. He states he injured his left side when he stepped on the left side of his shoulder and wrist. He has had pain since. The pain is worse when he lifts and he has not been able to lift 15 or 20 pounds. The patient states he has always hit the gym and lifted weights. He notes he has been trying to keep with his routine of 2 days a week, but it has been hard. He explains that the pain has been present since. He attributes the pain to the injury to the stairs. Mr. James notes that he stepped and his feet went out and he fell on hisleft side. He reports that he injured himself while ambulating up a flight of stairs to his house. He adds that he has experienced pain and stiffness in his left elbow and shoulder. He denies any numbness or tingling at any point. He endorses that he enjoys his exercise but over the past 1 to 2 weeks he has stopped hitting the gym because the pain is too great. He does keep up his walking approximately 30 minutes almost every day. He estimates that stopping exercise and applying ice has helped a bit but it still hurts enough for him to come to the clinic. He admits to not taking medication for the pain. Musculoskeletal: Reports left shoulder & elbow pain, stiffness, and instability. Neurological: Denies tingles or numbness. ", "Labs: Within normal limits. ", "\u2022 General Examination: Left shoulder, elbow, tender sa space. No warmth, erythema, or deformity. Positive hawkins-kennedy and neer's test. Normal proximal and distar upper extremity strength. intact median radial ulnar sensation and abduction to 90 degrees. Normal empty tan. \u2022 Impingement syndrome of the left shoulder. After reviewing the patient's examination and radiographic findings today, I have had a lengthy discussion with the patient in regards to his current symptoms. We discussed treatment options and I have recommended that we start him in physical therapy 2 days per week. If his symptoms do not improve with therapy, we will consider a cortisone injection. \u2022 Patient Education and Counseling: I advised the patient to continue to ice his shoulder, especially his left shoulder, and rest as much as he can. \u2022 Additional Testing: We will call or email the patient if his symptoms worsen or do not improved with the therapy. Patient Agreements: The patient understands and agrees with the recommended medical treatment plan. "],