{"rouge1": [0.6963788300835654, 0.6011560693641619, 0.6315789473684211, 0.6476190476190476], "rouge2": [0.47058823529411764, 0.3976608187134503, 0.509090909090909, 0.5436893203883496], "rougeL": [0.5626740947075209, 0.48554913294797686, 0.6315789473684211, 0.6095238095238096], "rougeLsum": [0.5905292479108635, 0.508670520231214, 0.6315789473684211, 0.6095238095238096], "bertscore_precision": [0.7508531212806702, 0.7315292954444885, 0.7764071226119995, 0.875861644744873], "bertscore_recall": [0.6844762563705444, 0.690138578414917, 0.787619948387146, 0.7366246581077576], "bertscore_f1": [0.7161298394203186, 0.7102314233779907, 0.7819733619689941, 0.8002316355705261], "bleurt": [0.4956326484680176, 0.5367986559867859, 0.556979238986969, 0.4600207805633545], "pred_note": ["CHIEF COMPLAINT Right index finger pain. HISTORY OF PRESENT ILLNESS Ms. James is a 42-year-old female who presents today for evaluation of right index finger Pain. She injured her finger when she was skiing this past weekend. She states she lost control and flipped down a few ways. Somewhere along the way, she jammed her index finger on something. She rates her pain 7/10. She has been taking ibuprofen without relief. She denies any other injuries. The patient has a history of chronic constipation. She takes MiraLax for constipation which seems to be helping. She also has a past surgical history of an appendix out. EXAM Examination of the right hand reveals a sprain of the distar- distal interphalangeal joint. RESULTS X-rays of the left hand show no obvious signs of fracture or bony abnormalities. IMPRESSION Right index hand pain. PLAN At this point, I discussed the diagnosis and treatment options with the patient. I recommend Mobic 15 mg once a day for 5 days. She will follow up with me in 2 weeks for recheck.", "Right index finger pain. Ms. James is a 42-year-old female who presents today for evaluation of right index finger Pain. She injured her finger when she was skiing this past weekend. She states she lost control and flipped down a few ways. Somewhere along the way, she jammed her index finger on something. She rates her pain 7/10. She has been taking ibuprofen without relief. She denies any other injuries. The patient has a history of chronic constipation. She takes MiraLax for constipation which seems to be helping. She also has a past surgical history of an appendix out. ", "Examination of the right hand reveals a sprain of the distar- distal interphalangeal joint. X-rays of the left hand show no obvious signs of fracture or bony abnormalities. ", "Right index hand pain. At this point, I discussed the diagnosis and treatment options with the patient. I recommend Mobic 15 mg once a day for 5 days. She will follow up with me in 2 weeks for recheck. "], "gt_note": ["CHIEF COMPLAINT:\n\nRight index finger pain.\n\nHPI:\n\nMs. James is a 42-year-old female who presents today for an evaluation of right index finger pain. She states she injured it while skiing. She states she fell and jammed her finger. She took Ibuprofen on but it did not help her. She denies any icing it or wearing a splint. She rates her pain 7/10.\n\nCURRENT MEDICATIONS:\n\nMiraLAX\n\nPAST MEDICAL HISTORY:\n\nChronic constipation\n\nPAST SURGICAL HISTORY:\n\nAppendectomy at age 7.\n\nEXAM\n\nExamination of the right hand reveals pain to palpation of the MCP and DIP joints.\n\nRESULTS\n\nX-rays of the right index finger show no obvious signs of fracture.\n\nIMPRESSION\n\nRight index finger DIP joint sprain.\n\nPLAN\n\nAt this point, I discussed the diagnosis and treatment options with the patient. I have recommended a splint. A prescription is provided for Mobic 15 mg once a day, dispense 14. She will follow up with me in 2 weeks for a repeat evaluation. If she is unimproved, we will consider hand therapy at that time. All questions were answered.\n", ":\n\nRight index finger pain. :\n\nMs. James is a 42-year-old female who presents today for an evaluation of right index finger pain. She states she injured it while skiing. She states she fell and jammed her finger. She took Ibuprofen on but it did not help her. She denies any icing it or wearing a splint. She rates her pain 7/10. :\n\nMiraLAX :\n\nChronic constipation\n\nPAST :\n\nAppendectomy at age 7. ", "Examination of the right hand reveals pain to palpation of the MCP and DIP joints. X-rays of the right index finger show no obvious signs of fracture. ", "Right index finger DIP joint sprain. At this point, I discussed the diagnosis and treatment options with the patient. I have recommended a splint. A prescription is provided for Mobic 15 mg once a day, dispense 14. She will follow up with me in 2 weeks for a repeat evaluation. If she is unimproved, we will consider hand therapy at that time. All questions were answered. "]}