{"rouge1": [0.6788990825688074, 0.7334851936218679, 0.7032967032967034, 0.46645367412140576], "rouge2": [0.43908045977011495, 0.5034324942791761, 0.5168539325842697, 0.24437299035369778], "rougeL": [0.4518348623853211, 0.5785876993166287, 0.26373626373626374, 0.28115015974440893], "rougeLsum": [0.6146788990825688, 0.6469248291571754, 0.6153846153846153, 0.40894568690095845], "bertscore_precision": [0.7267516851425171, 0.7944128513336182, 0.8436122536659241, 0.6880970001220703], "bertscore_recall": [0.7268372178077698, 0.7656921744346619, 0.7210801243782043, 0.6258764863014221], "bertscore_f1": [0.726794421672821, 0.7797881364822388, 0.7775483727455139, 0.6555135846138], "bleurt": [0.47196877002716064, 0.5491236448287964, 0.4493447542190552, 0.4334597587585449], "pred_note": ["CHIEF COMPLAINT Annual exam. HISTORY OF PRESENT ILLNESS Andrea Barnes is a 52-year-old female with a past medical history significant for rheumatoid arthritis, atrial fibrillation, and reflux, who presents today for her annual exam. It has been a year since I last saw the patient. The patient has been walking like she was told, exercising, and doing yoga. This has helped with her arthritis. She has not had any joint pain recently. She denies any stiffness or pain or flare ups over the last year. Ms. Barnes is currently taking methotrexate, which she has been taking once a week. She does not have any issues with that. Regarding her atrial Fibrillation, she has continued to have palpitations. The last one she had was about a week ago. She notes that when she starts to get stressed, they start to flare up. she has tried meditation, running with her dog, and avoidance of coffee and spicy foods to try and relieve the stress, but it has not been working. She endorses nasal congestion due to her allergies. REVIEW OF SYSTEMS \u2022 Ears, Nose, Mouth and Throat: Denies chest pain, shortness of breath, nausea, or vomiting. \u2022 Cardiovascular: Endorses dyspnea on exertion. \u2022 Respiratory: endorses cough and wheezes. \u2022 Musculoskeletal: Endorsed joint pain. Denies stiffness. PHYSICAL EXAMINATION \u2022 Head and Face: Pain to palpation of the right elbow. No lower extremity edema. \u2022 RESULTSEvent monitor: Regular rate and rhythm. Mild 2/6 systolic ejection murmur. \u2022 Lungs: Clear to auscultation bilaterally. No wheezing, rales, or rhonchi. ASSESSMENT AND PLAN Andrea Brooks is a52-year -old female who presents with an annual visit. Rheumatoids arthritis. \u2022 Medical Reasoning: She is doing well with walking, exercise, and dietary modifications. Her recent event monitor showed a conversion pause, which was interpreted as an atrialFibrillation. \u2022 Additional Testing: We will order an event monitor for further evaluation. \u2022 Patient Education and Counseling: I counseled the patient on the importance of dietary modifications and on the risks of caffeine and spicy food. Her atrialfibrillation was also reviewed, as she is going in and out of aFib. \u2022 medical Treatment: Continue met Hotrexate 2.5 mg once weekly. Referral to cardiology was ordered. Patient Agreements: The patient understands and agrees with the recommended medical treatment plan.", "Annual exam. Andrea Barnes is a 52-year-old female with a past medical history significant for rheumatoid arthritis, atrial fibrillation, and reflux, who presents today for her annual exam. It has been a year since I last saw the patient. The patient has been walking like she was told, exercising, and doing yoga. This has helped with her arthritis. She has not had any joint pain recently. She denies any stiffness or pain or flare ups over the last year. Ms. Barnes is currently taking methotrexate, which she has been taking once a week. She does not have any issues with that. Regarding her atrial Fibrillation, she has continued to have palpitations. The last one she had was about a week ago. She notes that when she starts to get stressed, they start to flare up. she has tried meditation, running with her dog, and avoidance of coffee and spicy foods to try and relieve the stress, but it has not been working. She endorses nasal congestion due to her allergies. \u2022 Ears, Nose, Mouth and Throat: Denies chest pain, shortness of breath, nausea, or vomiting. \u2022 Cardiovascular: Endorses dyspnea on exertion. \u2022 Respiratory: endorses cough and wheezes. \u2022 Musculoskeletal: Endorsed joint pain. Denies stiffness. ", "\u2022 Head and Face: Pain to palpation of the right elbow. No lower extremity edema. \u2022 Event monitor: Regular rate and rhythm. Mild 2/6 systolic ejection murmur. \u2022 Lungs: Clear to auscultation bilaterally. No wheezing, rales, or rhonchi. ", "Andrea Brooks is a52-year -old female who presents with an annual visit. Rheumatoids arthritis. \u2022 Medical Reasoning: She is doing well with walking, exercise, and dietary modifications. Her recent event monitor showed a conversion pause, which was interpreted as an atrialFibrillation. \u2022 Additional Testing: We will order an event monitor for further evaluation. \u2022 Patient Education and Counseling: I counseled the patient on the importance of dietary modifications and on the risks of caffeine and spicy food. Her atrialfibrillation was also reviewed, as she is going in and out of aFib. \u2022 medical Treatment: Continue met Hotrexate 2.5 mg once weekly. Referral to cardiology was ordered. Patient Agreements: The patient understands and agrees with the recommended medical treatment plan. "],