{"rouge1": [0.597194388777555, 0.5308641975308642, 0.7058823529411765, 0.41632653061224484], "rouge2": [0.28169014084507044, 0.31250000000000006, 0.5151515151515151, 0.14814814814814814], "rougeL": [0.3406813627254509, 0.4197530864197531, 0.676470588235294, 0.18775510204081633], "rougeLsum": [0.43687374749499003, 0.43209876543209874, 0.676470588235294, 0.18775510204081633], "bertscore_precision": [0.6166056394577026, 0.6307802796363831, 0.7217194437980652, 0.5759079456329346], "bertscore_recall": [0.6813629865646362, 0.6797133088111877, 0.870468258857727, 0.6646581888198853], "bertscore_f1": [0.6473689079284668, 0.654333233833313, 0.7891454696655273, 0.6171084642410278], "bleurt": [0.38426047563552856, 0.43294501304626465, 0.611689031124115, 0.4270513653755188], "pred_note": ["CHIEF COMPLAINT Left shoulder pain. HISTORY OF PRESENT ILLNESS Ms. anderson is a 44-year-old female who presents today for evaluation of left shoulder pain, which has been present for a week. She denies taking any pain medications, but admits to taking Tylenol for 2 or 3 days, which did not help. She states she was in gymnastics class and may have toppled over into some weird position, causing pain. CURRENT MEDICATIONS: ibuprofen 600 mg 3 times a day for week. REVIEW OF SYSTEMS \u2022 Constitutional: Denies use of heavy weights. \u2022 Musculoskeletal: Reports left shoulderpain. PHYSICAL EXAM MSK: Examination of the left shoulder: Pain. Pain with movement. Palpation: Painful. CVA: Palpated a lot. RESULTS X-rays of theleft shoulder, 3 views obtained on today's visit shows no obvious signs of acute fracture or bony abnormalities. ASSESSMENT AND PLAN 1. Left shoulder Pain, left arm. \u2022 Medical Reasoning: The patient presents today with symptoms similar to left shoulder injury. X-ray of her left shoulder, taken today, does not show any evidence of a fracture or fracture. Her previous x-rays were unremarkable. \u2022 Additional Testing: We will order a repeat x-ray for further evaluation. 2. Left arm pain, left upper extremity. | Medical Treatment: Continue with regular resting and pain reliever. 3. Continue pain reliever 600 mg of ib up to week. 4. Use ice or heat pad for pain relief. 5. Past surgery on the left arm, no evidence of pain. \u2022 Patient Education and Counseling: I counseled the patient on the importance of resting her left arm while the joint is healing. Patient Agreements: the patient understands and agrees with the recommended medical treatment plan. INSTRUCTIONS The patient will follow-up with me in 3 weeks if her pain does not improve.", "Left shoulder pain. Ms. anderson is a 44-year-old female who presents today for evaluation of left shoulder pain, which has been present for a week. She denies taking any pain medications, but admits to taking Tylenol for 2 or 3 days, which did not help. She states she was in gymnastics class and may have toppled over into some weird position, causing pain. : ibuprofen 600 mg 3 times a day for week. \u2022 Constitutional: Denies use of heavy weights. \u2022 Musculoskeletal: Reports left shoulderpain. ", "MSK: Examination of the left shoulder: Pain. Pain with movement. Palpation: Painful. CVA: Palpated a lot. X-rays of theleft shoulder, 3 views obtained on today's visit shows no obvious signs of acute fracture or bony abnormalities. ", "1. Left shoulder Pain, left arm. \u2022 Medical Reasoning: The patient presents today with symptoms similar to left shoulder injury. X-ray of her left shoulder, taken today, does not show any evidence of a fracture or fracture. Her previous x-rays were unremarkable. \u2022 Additional Testing: We will order a repeat x-ray for further evaluation. 2. Left arm pain, left upper extremity. | Medical Treatment: Continue with regular resting and pain reliever. 3. Continue pain reliever 600 mg of ib up to week. 4. Use ice or heat pad for pain relief. 5. Past surgery on the left arm, no evidence of pain. \u2022 Patient Education and Counseling: I counseled the patient on the importance of resting her left arm while the joint is healing. Patient Agreements: the patient understands and agrees with the recommended medical treatment plan. The patient will follow-up with me in 3 weeks if her pain does not improve. "], "gt_note": ["CHIEF COMPLAINT:\n\nLeft shoulder pain.\n\nHPI:\n\nMs. Anderson is a 44-year-old female who presents today for an evaluation of the left shoulder. She states that she was in gymnastics 1 week ago. The pain has been present since that time. She has pain with any type of movement of her left shoulder. She had taken Tylenol for 2 to 3 days with no improvement in her symptoms.\n\nShe has a surgical history significant for prior left upper extremity surgery.\n\nEXAM\n\nExamination of the left shoulder shows pain with range of motion.\n\nRESULTS\n\nX-rays of the left shoulder, 3 views obtained on today's visit show no obvious signs of fracture.\n\nPLAN\n\nAt this point, I discussed the diagnosis and treatment options with the patient. I have recommended taking ibuprofen 600 mg three times per day for one week. If the patient does not have relief from the ibuprofen she will take Aleve. The patient may also utilize ice or heat packs. She should rest her left arm and may not lift or carry heavy objects with her left arm. The patient should follow up in three to four weeks if the pain persists. We may repeat the left shoulder x-ray at that time.\n", ":\n\nLeft shoulder pain. :\n\nMs. Anderson is a 44-year-old female who presents today for an evaluation of the left shoulder. She states that she was in gymnastics 1 week ago. The pain has been present since that time. She has pain with any type of movement of her left shoulder. She had taken Tylenol for 2 to 3 days with no improvement in her symptoms.\n\nShe has a surgical history significant for prior left upper extremity surgery. ", "Examination of the left shoulder shows pain with range of motion. X-rays of the left shoulder, 3 views obtained on today's visit show no obvious signs of fracture. ", "At this point, I discussed the diagnosis and treatment options with the patient. I have recommended taking ibuprofen 600 mg three times per day for one week. If the patient does not have relief from the ibuprofen she will take Aleve. The patient may also utilize ice or heat packs. She should rest her left arm and may not lift or carry heavy objects with her left arm. The patient should follow up in three to four weeks if the pain persists. We may repeat the left shoulder x-ray at that time. "]}