{"rouge1": [0.5228113440197287, 0.4891041162227603, 0.34782608695652173, 0.42857142857142855], "rouge2": [0.17058096415327564, 0.18004866180048662, 0.0909090909090909, 0.08750000000000001], "rougeL": [0.2342786683107275, 0.24697336561743344, 0.17391304347826086, 0.18633540372670804], "rougeLsum": [0.3649815043156596, 0.32445520581113796, 0.3043478260869565, 0.25465838509316774], "bertscore_precision": [0.6430965662002563, 0.6558703780174255, 0.6234229803085327, 0.6044256091117859], "bertscore_recall": [0.6318342089653015, 0.6674066781997681, 0.5713314414024353, 0.5974085927009583], "bertscore_f1": [0.6374156475067139, 0.6615883111953735, 0.5962416529655457, 0.6008965969085693], "bleurt": [0.48160409927368164, 0.40792977809906006, 0.34367629885673523, 0.3333870470523834], "pred_note": ["CHIEF COMPLAINT Runny nose. HISTORY OF PRESENT ILLNESS Randy Gutierrez is a 2-year-old male who presents to the clinic today for the evaluation of a runny nose and stuffy nose. The patient began experiencing runny noses around supper last night. He has also been having a cough, but it is not barky. He states he has a sore throat and he has been pulling on his ears. He also has been rubbing at his nose. His energy is variable and he seems irritable. He is energetic but he does not go to sleep as he is fighting it. His rectal temperature is 100.3 degrees F. He had a low-grade fever today. His appetite is variable. He ate 7 ounces from a bottle of water today and barely ate cereal. He denies eating breakfast today. He was given Tylenol early this morning because he was warm when I took the sleeper off of him and we had the ac on in the house. His whole body was sweating. His mother has been applying saline mist in his nose and using the humidifier. They did put some baby vick's on his feet last night to try and help him breathe. She has also continued using the cradle cap. The Patient has been using cradle cap, regular shampoo, and aveno druff shampoo. REVIEW OF SYSTEMS \u2022 Constitutional: Negative for fever. \u2022 Ears: Positive for congestion. \u2022 Respiratory: positive for cough. \u2022 Musculoskeletal: Positive fatigue. PHYSICAL EXAMINATION \u2022 Nose: Clear mucous. \u2022 ears: Ears look okay. \u2022 Mouth: Normal. RESULTS The patient\u2019s rectum temperature was 100. 3 degrees F today. ASSESSMENT AND PLAN Randy Gutierrez. Date of birth, 8/10/2020. \u2022 Medical Reasoning: The patient has been experiencing runsny noses andstuffy noses. His symptoms appear to be viral at this time. \u2022 Patient Education and Counseling: I discussed the diagnosis with the patient. I advised him that sinus infections will start out as a virus and then will become bacterial infections if left alone and does not goes away. I did not recommend any antibiotics at this point. I encouraged him to keep up with the fluids, rest, and be watchful for a barking cough. If he develops a barky cough, he should be given a half a teaspoon of his sister's medicine. If nothing improves, he will use the same medicine again in 1 week. I also advised him to use cradle cap 2 times per week, not every day, but twice per week. \u2022 Additional Testing: If his symptoms worsen over the next week, we will contact him. \u2022 Specialist Referrals: We will refer the patient to our primary care physician for further evaluation.", "Runny nose. Randy Gutierrez is a 2-year-old male who presents to the clinic today for the evaluation of a runny nose and stuffy nose. The patient began experiencing runny noses around supper last night. He has also been having a cough, but it is not barky. He states he has a sore throat and he has been pulling on his ears. He also has been rubbing at his nose. His energy is variable and he seems irritable. He is energetic but he does not go to sleep as he is fighting it. His rectal temperature is 100.3 degrees F. He had a low-grade fever today. His appetite is variable. He ate 7 ounces from a bottle of water today and barely ate cereal. He denies eating breakfast today. He was given Tylenol early this morning because he was warm when I took the sleeper off of him and we had the ac on in the house. His whole body was sweating. His mother has been applying saline mist in his nose and using the humidifier. They did put some baby vick's on his feet last night to try and help him breathe. She has also continued using the cradle cap. The Patient has been using cradle cap, regular shampoo, and aveno druff shampoo. \u2022 Constitutional: Negative for fever. \u2022 Ears: Positive for congestion. \u2022 Respiratory: positive for cough. \u2022 Musculoskeletal: Positive fatigue. ", "\u2022 Nose: Clear mucous. \u2022 ears: Ears look okay. \u2022 Mouth: Normal. The patient\u2019s rectum temperature was 100. 3 degrees F today. ", "Randy Gutierrez. Date of birth, 8/10/2020. \u2022 Medical Reasoning: The patient has been experiencing runsny noses andstuffy noses. His symptoms appear to be viral at this time. \u2022 Patient Education and Counseling: I discussed the diagnosis with the patient. I advised him that sinus infections will start out as a virus and then will become bacterial infections if left alone and does not goes away. I did not recommend any antibiotics at this point. I encouraged him to keep up with the fluids, rest, and be watchful for a barking cough. If he develops a barky cough, he should be given a half a teaspoon of his sister's medicine. If nothing improves, he will use the same medicine again in 1 week. I also advised him to use cradle cap 2 times per week, not every day, but twice per week. \u2022 Additional Testing: If his symptoms worsen over the next week, we will contact him. \u2022 Specialist Referrals: We will refer the patient to our primary care physician for further evaluation. "],