{"rouge1": [0.6537785588752197, 0.6469622331691298, 0.6407766990291262, 0.5151515151515151], "rouge2": [0.37676056338028163, 0.3822075782537067, 0.3564356435643564, 0.2842639593908629], "rougeL": [0.42706502636203864, 0.4729064039408867, 0.42718446601941745, 0.3232323232323232], "rougeLsum": [0.5782073813708261, 0.535303776683087, 0.5048543689320388, 0.45959595959595956], "bertscore_precision": [0.7134948968887329, 0.7615450024604797, 0.7976008653640747, 0.7000996470451355], "bertscore_recall": [0.7160457968711853, 0.7288795113563538, 0.7616969347000122, 0.6201831698417664], "bertscore_f1": [0.71476811170578, 0.7448543310165405, 0.7792355418205261, 0.6577227115631104], "bleurt": [0.5358520150184631, 0.4916642904281616, 0.5492793917655945, 0.4063880443572998], "pred_note": ["CHIEF COMPLAINT Shortness of breath. HISTORY OF PRESENT ILLNESS Lawrence Butler is a 62-year-old male, with a past medical history significant for type i diabetes, congestive heart failure, depression, and reflux, who presents with complaints of shortness of Breath. The patient reports that he has been swelling up a little bit. He thinks a lot of it has to do with going to some house parties, eating some salty foods, and feeling really lethargic. When he gets short of breath, he will feel it when he is walking. It is something like walking up a flight of stairs. This has been going on for about 10 days. He states that he is a little uncomfortable when he wakes up in the morning and he feels pretty stiff. It takes him a little while to adjust to walking when he gets up. He notes that he was acutely shortof breath at night about a week ago, but it has not happened since. Regarding his diabetes, the patient has not noticed a spike in his blood sugars recently. He has been pretty good about monitoring his blood sugar during the working week, but on saturdays or Sundays we are so busy that he forgets to monitor his blood glucose but he has not seen anything spike. regarding his depression, it has been a crazy 1.5 years since his last depressive episode. He tried stretches outdoors every morning in the summer, which was great, but the weather changed and he has had to find some alternatives. He is not ready to try any medications just yet. The Patient is open to some suggestions. REVIEW OF SYSTEMS \u2022 Constitutional: Denies fevers, chills, or belly pain. \u2022 Respiratory: Endorses dyspnea on exertion. \u2022 Cardiovascular: Endorsed shortnessof breath. \u2022 Musculoskeletal: Endorse swelling in legs. PHYSICAL EXAMINATION \u2022 Neck: No jugular venous distension, carotid bruits. \u2022 Heart: Slight 3/6 systolic ejection murmur. \u2022 Lung: Crackles bilaterally at the bases. \u2022 Lower extremity: 1+ pitting edema. RESULTS X-ray of the chest is reviewed and demonstrates no evidence of airspace disease. Labs: Within normal limits. No elevated white blood cell count. There is no pneumonia. ASSESSMENT AND PLAN Mr. Lawrence Butler, a 62 yearsold male with a history of type I diabetes, Congestive heartfailure, depression, andreflux, presents with shortness OF breath. Acute heart failure exacerbation. \u2022 Medical Reasoning: He presents with symptoms similar to acute heart failure. \u2022 Additional Testing: We will order a hemoglobin A1c for further evaluation. \u2022 Patient Education and Counseling: I counseled the patient on the importance of lifestyle modifications, including reducing his red bull and caffeine intake. \u2022 Specialist Referrals: We discussed the role of dietary indiscretion in his current symptoms. \u2022 medical Treatment: Initiate Lasix 40 mg a day. I advised him to weigh himself every day. If his weight is not going down or going up, he should call me if his symptoms worsen. Patient Agreements: The patient understands and agrees with the recommended medical treatment plan. INSTRUCTIONS The patient will follow up with me once his symptoms have resolved.", "Shortness of breath. Lawrence Butler is a 62-year-old male, with a past medical history significant for type i diabetes, congestive heart failure, depression, and reflux, who presents with complaints of shortness of Breath. The patient reports that he has been swelling up a little bit. He thinks a lot of it has to do with going to some house parties, eating some salty foods, and feeling really lethargic. When he gets short of breath, he will feel it when he is walking. It is something like walking up a flight of stairs. This has been going on for about 10 days. He states that he is a little uncomfortable when he wakes up in the morning and he feels pretty stiff. It takes him a little while to adjust to walking when he gets up. He notes that he was acutely shortof breath at night about a week ago, but it has not happened since. Regarding his diabetes, the patient has not noticed a spike in his blood sugars recently. He has been pretty good about monitoring his blood sugar during the working week, but on saturdays or Sundays we are so busy that he forgets to monitor his blood glucose but he has not seen anything spike. regarding his depression, it has been a crazy 1.5 years since his last depressive episode. He tried stretches outdoors every morning in the summer, which was great, but the weather changed and he has had to find some alternatives. He is not ready to try any medications just yet. The Patient is open to some suggestions. \u2022 Constitutional: Denies fevers, chills, or belly pain. \u2022 Respiratory: Endorses dyspnea on exertion. \u2022 Cardiovascular: Endorsed shortnessof breath. \u2022 Musculoskeletal: Endorse swelling in legs. ", "\u2022 Neck: No jugular venous distension, carotid bruits. \u2022 Heart: Slight 3/6 systolic ejection murmur. \u2022 Lung: Crackles bilaterally at the bases. \u2022 Lower extremity: 1+ pitting edema. X-ray of the chest is reviewed and demonstrates no evidence of airspace disease. Labs: Within normal limits. No elevated white blood cell count. There is no pneumonia. ", "Mr. Lawrence Butler, a 62 yearsold male with a history of type I diabetes, Congestive heartfailure, depression, andreflux, presents with shortness OF breath. Acute heart failure exacerbation. \u2022 Medical Reasoning: He presents with symptoms similar to acute heart failure. \u2022 Additional Testing: We will order a hemoglobin A1c for further evaluation. \u2022 Patient Education and Counseling: I counseled the patient on the importance of lifestyle modifications, including reducing his red bull and caffeine intake. \u2022 Specialist Referrals: We discussed the role of dietary indiscretion in his current symptoms. \u2022 medical Treatment: Initiate Lasix 40 mg a day. I advised him to weigh himself every day. If his weight is not going down or going up, he should call me if his symptoms worsen. Patient Agreements: The patient understands and agrees with the recommended medical treatment plan. The patient will follow up with me once his symptoms have resolved. "],