{"rouge1": [0.6476190476190476, 0.7056798623063683, 0.16091954022988508, 0.3125], "rouge2": [0.41221374045801523, 0.4352331606217617, 0.023529411764705882, 0.18285714285714286], "rougeL": [0.43619047619047613, 0.4991394148020654, 0.11494252873563218, 0.21590909090909088], "rougeLsum": [0.5676190476190477, 0.5542168674698795, 0.11494252873563218, 0.27272727272727276], "bertscore_precision": [0.7280997633934021, 0.7415050268173218, 0.563952624797821, 0.6472753882408142], "bertscore_recall": [0.7197442650794983, 0.7177296280860901, 0.47605517506599426, 0.6009204387664795], "bertscore_f1": [0.7238979339599609, 0.7294235825538635, 0.516289472579956, 0.623237133026123], "bleurt": [0.4657630920410156, 0.5132090449333191, 0.3242798447608948, 0.3946317136287689], "pred_note": ["CHIEF COMPLAINT Emergency room follow-up. HISTORY OF PRESENT ILLNESS Mr.bert Young is a 62-year-old male with a past medical history significant for depression, type 2 diabetes, and kidney transplant, who is here today for emergency room follow up. The patient was not really staying on top of his blood sugar readings over the weekend. He notes that his wife was concerned and took him in to be checked out. His blood sugar was high. He denies he was admitted to the hospital. He explains that he was not following his diet very closely and felt woozy. His mother was in the hospital the last week for a hip replacement. She is feeling better now but has been grabbing meals at the cafeteria or picking up fast food on their way home. Mr. Young reports that when he got home from the visit, he felt a lot better. He last saw Dr. Reyes about 3 weeks ago, and everything seemed to be fine. His kidney function is good. In terms of his depression, he has been pretty diligent with his medication and following doctor's orders. He has had his moments, but he states that as he finds some time to relax, at least in the afternoon, it seems to work out. Regarding his diabetes, he is doing well. He is taking immunotherapy meds and has been diligent about it. He states that he has not eaten before he came in here and did not eat before that day. His hemoglobin A1c is 8. This is a little high. REVIEW OF SYSTEMS \u2022 Cardiovascular: Denies chest pain or dyspnea on exertion. \u2022 Respiratory: DenIES shortness of breath. \u2022 Neurological: Endorses dizziness. \u2022 Psychiatric: Endorse depression. PHYSICAL EXAMINSTRUCTIONS \u2022 Constitutional: in no apparent distress. \u2022 Neck: Supple without carotid bruits. \u2022 Musculoskeletal: Lungs are clear to auscultation bilaterally. No wheezes, rales, or rhonchi. \u2022 Cardiac: Slight 2/6 systolic ejection murmur, heard in the past. \u2022 Integumentary: 1+ edema in the lower extremities. RESULTS Ms. Butler reports that her blood sugar level was elevated in the emergency room today. Her blood glucose level was also elevated in clinic today. She has been compliant with dietary modifications and is following doctor\u2019s orders. ASSESSMENT AND PLAN \u2022 Hyperglycemia. \u2022 Medical Reasoning: Given her elevated blood sugar levels today, I have recommended that she increase her lantus to 20 units at night. \u2022 Patient Education and Counseling: I encouraged her to continue with meditation as needed. \u2022 Additional Testing: Repeat hemoglobin a1c in a couple of months. \u2022 Specialist Referrals: We discussed treatment options including medication or therapy. Patient Agreements: The patient understands and agrees with the recommended treatment plan.", "Emergency room follow-up. Mr.bert Young is a 62-year-old male with a past medical history significant for depression, type 2 diabetes, and kidney transplant, who is here today for emergency room follow up. The patient was not really staying on top of his blood sugar readings over the weekend. He notes that his wife was concerned and took him in to be checked out. His blood sugar was high. He denies he was admitted to the hospital. He explains that he was not following his diet very closely and felt woozy. His mother was in the hospital the last week for a hip replacement. She is feeling better now but has been grabbing meals at the cafeteria or picking up fast food on their way home. Mr. Young reports that when he got home from the visit, he felt a lot better. He last saw Dr. Reyes about 3 weeks ago, and everything seemed to be fine. His kidney function is good. In terms of his depression, he has been pretty diligent with his medication and following doctor's orders. He has had his moments, but he states that as he finds some time to relax, at least in the afternoon, it seems to work out. Regarding his diabetes, he is doing well. He is taking immunotherapy meds and has been diligent about it. He states that he has not eaten before he came in here and did not eat before that day. His hemoglobin A1c is 8. This is a little high. \u2022 Cardiovascular: Denies chest pain or dyspnea on exertion. \u2022 Respiratory: DenIES shortness of breath. \u2022 Neurological: Endorses dizziness. \u2022 Psychiatric: Endorse depression. ", "Ms. Butler reports that her blood sugar level was elevated in the emergency room today. Her blood glucose level was also elevated in clinic today. She has been compliant with dietary modifications and is following doctor\u2019s orders. ", "\u2022 Constitutional: in no apparent distress. \u2022 Neck: Supple without carotid bruits. \u2022 Musculoskeletal: Lungs are clear to auscultation bilaterally. No wheezes, rales, or rhonchi. \u2022 Cardiac: Slight 2/6 systolic ejection murmur, heard in the past. \u2022 Integumentary: 1+ edema in the lower extremities. \u2022 Hyperglycemia. \u2022 Medical Reasoning: Given her elevated blood sugar levels today, I have recommended that she increase her lantus to 20 units at night. \u2022 Patient Education and Counseling: I encouraged her to continue with meditation as needed. \u2022 Additional Testing: Repeat hemoglobin a1c in a couple of months. \u2022 Specialist Referrals: We discussed treatment options including medication or therapy. Patient Agreements: The patient understands and agrees with the recommended treatment plan. "],