{
  "rouge1": [
    0.5296251511487304,
    0.3977900552486188,
    0.5217391304347826,
    0.4843749999999999
  ],
  "rouge2": [
    0.22787878787878788,
    0.1340782122905028,
    0.28947368421052627,
    0.18324607329842932
  ],
  "rougeL": [
    0.2998790810157195,
    0.1988950276243094,
    0.3652173913043478,
    0.2916666666666667
  ],
  "rougeLsum": [
    0.48609431680773885,
    0.1988950276243094,
    0.43478260869565216,
    0.36979166666666663
  ],
  "bertscore_precision": [
    0.6523952484130859,
    0.617076575756073,
    0.7614351511001587,
    0.6942502856254578
  ],
  "bertscore_recall": [
    0.6424596309661865,
    0.6580299735069275,
    0.6311956644058228,
    0.6191036105155945
  ],
  "bertscore_f1": [
    0.64738929271698,
    0.6368955969810486,
    0.69022536277771,
    0.6545270681381226
  ],
  "bleurt": [
    0.3749796748161316,
    0.46352672576904297,
    0.5373420715332031,
    0.5304916501045227
  ],
  "pred_note": [
    "Possible clinical note  HISTORY OF PRESENT ILLNESS  The patient is a 52-year-old male who presented with a cough that was diagnosed as bronchitis by his primary care provider. A chest x-ray revealed a lung nodule that was confirmed by a CT scan. He was referred to the thoracic surgery clinic for further evaluation. He has no symptoms of pain, shortness of breath, or hemoptysis. He has a history of rheumatoid arthritis that is managed with methotrexate. He quit smoking seven years ago after a 20-pack-year history. He has no family history of lung cancer. He is an avid cyclist and enjoys riding on the trails.  \nPHYSICAL EXAM\n  The patient is alert and oriented. His vital signs are stable. His lungs are clear and equal bilaterally. His heart is regular and without murmurs. His skin is pink, warm, and dry. He has some swelling of his third finger knuckles consistent with his RA. His pulses are intact and his capillary refill is brisk. He has no edema or clubbing.  \nRESULTS\n  The chest CT scan showed a solitary 2 cm nodule in the lateral aspect of the right upper lobe. The nodule is smooth and without calcifications or spiculations. There is no evidence of lymphadenopathy, pleural effusion, or emphysema.  \nASSESSMENT AND PLAN\n  The patient has an incidentally found right upper lobe lung nodule that is suspicious for malignancy given his smoking history. He will undergo pulmonary function tests and a PET-CT scan to assess his lung function and the metabolic activity of the nodule. He will be scheduled for a video-assisted thoracoscopic surgery (VATS) to remove the nodule and a wedge resection of the lung. He will be admitted for one night and have a chest tube until the next day. He will be counseled on the risks and benefits of the procedure and the possible outcomes. He will continue to follow up with his rheumatologist for his RA and take his methotrexate as prescribed. He will be encouraged to maintain his physical activity and quit smoking. He will be reassured and supported by the surgical team.",
    "The patient is a 52-year-old male who presented with a cough that was diagnosed as bronchitis by his primary care provider. A chest x-ray revealed a lung nodule that was confirmed by a CT scan. He was referred to the thoracic surgery clinic for further evaluation. He has no symptoms of pain, shortness of breath, or hemoptysis. He has a history of rheumatoid arthritis that is managed with methotrexate. He quit smoking seven years ago after a 20-pack-year history. He has no family history of lung cancer. He is an avid cyclist and enjoys riding on the trails. ",
    "The patient is alert and oriented. His vital signs are stable. His lungs are clear and equal bilaterally. His heart is regular and without murmurs. His skin is pink, warm, and dry. He has some swelling of his third finger knuckles consistent with his RA. His pulses are intact and his capillary refill is brisk. He has no edema or clubbing. The chest CT scan showed a solitary 2 cm nodule in the lateral aspect of the right upper lobe. The nodule is smooth and without calcifications or spiculations. There is no evidence of lymphadenopathy, pleural effusion, or emphysema. ",
    "The patient has an incidentally found right upper lobe lung nodule that is suspicious for malignancy given his smoking history. He will undergo pulmonary function tests and a PET-CT scan to assess his lung function and the metabolic activity of the nodule. He will be scheduled for a video-assisted thoracoscopic surgery (VATS) to remove the nodule and a wedge resection of the lung. He will be admitted for one night and have a chest tube until the next day. He will be counseled on the risks and benefits of the procedure and the possible outcomes. He will continue to follow up with his rheumatologist for his RA and take his methotrexate as prescribed. He will be encouraged to maintain his physical activity and quit smoking. He will be reassured and supported by the surgical team. "
  ],