{
  "rouge1": [
    0.4750593824228029,
    0.41486068111455104,
    0.6947368421052632,
    0.304635761589404
  ],
  "rouge2": [
    0.24761904761904763,
    0.161993769470405,
    0.5212765957446809,
    0.09333333333333334
  ],
  "rougeL": [
    0.2826603325415677,
    0.21671826625387,
    0.5052631578947369,
    0.18543046357615894
  ],
  "rougeLsum": [
    0.42280285035629456,
    0.3095975232198142,
    0.6421052631578947,
    0.2185430463576159
  ],
  "bertscore_precision": [
    0.708049476146698,
    0.6877609491348267,
    0.8141371011734009,
    0.7412698268890381
  ],
  "bertscore_recall": [
    0.6493638157844543,
    0.571234405040741,
    0.7339102625846863,
    0.5857046246528625
  ],
  "bertscore_f1": [
    0.6774380207061768,
    0.6241051554679871,
    0.7719448804855347,
    0.6543685793876648
  ],
  "bleurt": [
    0.3768589496612549,
    0.43901532888412476,
    0.6014764904975891,
    0.5013313293457031
  ],
  "pred_note": [
    "Possible clinical note  HISTORY OF PRESENT ILLNESS The patient is a 62-year-old male with a history of diabetes mellitus type 2 and peripheral neuropathy who presents with a non-healing wound on his right foot. He reports that he developed a blister on his foot after wearing a new pair of shoes for travel two to three weeks ago. He saw his PCP who prescribed antibiotics but the wound did not improve. He denies any trauma, fever, chills, or drainage from the wound. He has been applying a band-aid and wearing a surgical shoe.  \nPHYSICAL EXAM\n Vital signs are stable. There is a 1 x 2 inch circular wound on the dorsal aspect of the lateral right foot, just proximal to the fifth MTP joint. There is some yellow slough with minimal granulation tissue. There is no surrounding erythema, cellulitis, necrosis, or odor. There is no bony exposure. Vascular exam reveals palpable bilateral femoral and popliteal pulses, but no palpable DP or PT pulses. Doppler signs are present. The wound is painless to palpation.  \nRESULTS\n Right foot x-ray shows no evidence of osteomyelitis.  \nASSESSMENT AND PLAN\n The patient has a diabetic foot ulcer that requires debridement, collagenase ointment, and pressure offloading. An ABI will be ordered to assess the blood supply to the foot. The patient will be followed up in two weeks and may need a vascular referral if the ABI is low. The patient also needs better glycemic control and may benefit from a diabetic consult.",
    "The patient is a 62-year-old male with a history of diabetes mellitus type 2 and peripheral neuropathy who presents with a non-healing wound on his right foot. He reports that he developed a blister on his foot after wearing a new pair of shoes for travel two to three weeks ago. He saw his PCP who prescribed antibiotics but the wound did not improve. He denies any trauma, fever, chills, or drainage from the wound. He has been applying a band-aid and wearing a surgical shoe. ",
    "Vital signs are stable. There is a 1 x 2 inch circular wound on the dorsal aspect of the lateral right foot, just proximal to the fifth MTP joint. There is some yellow slough with minimal granulation tissue. There is no surrounding erythema, cellulitis, necrosis, or odor. There is no bony exposure. Vascular exam reveals palpable bilateral femoral and popliteal pulses, but no palpable DP or PT pulses. Doppler signs are present. The wound is painless to palpation. Right foot x-ray shows no evidence of osteomyelitis. ",
    "The patient has a diabetic foot ulcer that requires debridement, collagenase ointment, and pressure offloading. An ABI will be ordered to assess the blood supply to the foot. The patient will be followed up in two weeks and may need a vascular referral if the ABI is low. The patient also needs better glycemic control and may benefit from a diabetic consult. "
  ],
  "gt_note": [
    "HISTORY OF PRESENT ILLNESS\n\nWayne Jenkins is a pleasant 43-year-old male who presents to the clinic today for the evaluation of a right foot wound, onset 2 to 3 weeks ago. He was seen by his primary care physician who referred him to our office. His last visit with a podiatrist was 2 years ago, however they moved, and he has been unable to get another podiatrist. He denies any specific injury.\n\nThe patient purchased a new pair of shoes and was breaking them in prior to traveling. Initially, he did not feel that the shoes were too tight, however a blister formed on his right foot. The patient does have neuropathy and notes this might be why he did not notice the tightness. His blister soon became a wound and he was seen by his PCP. He was placed on a round of antibiotics, which he completed yesterday. He denies any changes to the appearance of the wound. The patient denies pain or drainage. His sock will occasionally stick to his wound, regardless of if he has a Band-Aid covering it. The patient has discontinued the use of these shoes. Occasionally, he has issues with stability, which was a primary purpose of purchasing these shoes. He denies any fever or chills.\n\nRegarding his diabetes, his last hemoglobin A1C was 8.\n\nREVIEW OF SYSTEMS\n\nConstitutional: Denies fever and chills.\nSkin: Reports right foot wound.\nNeurological: Reports neuropathy.\n\nVITALS\n\nTemperature: 98.1.\nHeart rate: 72.\nRespiration: 16.\nBlood pressure: 110/65 mm Hg.\n\nPHYSICAL EXAM\n\nCV: Palpable bilateral femoral and popliteal pulses. No palpable DP or PT pulses but Doppler signs are present. No evidence of fluid collection.\nSKIN: On the right foot, there is a 1 x 2 inch circular wound on the dorsal aspect of the lateral right foot that is just proximal to the 5th MTP joint. There is some yellow slough present with minimal granulation tissue. No surrounding erythema or cellulitis. No necrosis. No odor.\n\nRESULTS\n\n3 views of the right foot were taken today. These reveal no evidence of osteomyelitis.\n\nASSESSMENT\n\n1. Right foot diabetic ulcer.\n2. Diabetes.\n\nPLAN\n\nAfter reviewing the patient's examination and radiographic findings today, I have had a lengthy discussion with the patient regarding his current symptoms. I have explained to him that his x-rays did not reveal any evidence of osteomyelitis. At this time, I have recommended that we obtain an ankle brachial index ABI to determine the blood supply to his foot to see if he can heal this wound. I have also performed a debridement in the office to remove some of the dead tissue. I have prescribed a collagenase ointment to be applied to the wound 1 time daily and instructed him to cover with a dry sterile dressing. He will continue this until we see the wound shrinking and the nice pink tissue is present. I have also recommended that the patient be placed in a surgical shoe to take pressure off the area. I do not think that antibiotics are needed at this time. He may need to see a vascular specialist if the ABI indicates that his blood supply is not optimal for wound healing.\n\nRegarding his diabetes, I explained the need for controlling his diabetes and the effects this will have on wound healing. I have recommended a diabetic consultation to discuss diet modifications to bring his hemoglobin A1c to a better level.\n\nINSTRUCTIONS\n\nThe patient will follow up with me in 2 weeks to check on his progress.",
