{
  "rouge1": [
    0.5156626506024097,
    0.5,
    0.338235294117647,
    0.40718562874251496
  ],
  "rouge2": [
    0.19806763285024157,
    0.23636363636363636,
    0.10447761194029849,
    0.15060240963855423
  ],
  "rougeL": [
    0.26265060240963856,
    0.2891566265060241,
    0.2647058823529412,
    0.2155688622754491
  ],
  "rougeLsum": [
    0.42650602409638555,
    0.3373493975903615,
    0.29411764705882354,
    0.2155688622754491
  ],
  "bertscore_precision": [
    0.6565037369728088,
    0.7547902464866638,
    0.5716300010681152,
    0.6269054412841797
  ],
  "bertscore_recall": [
    0.6682488918304443,
    0.6679928302764893,
    0.6761602759361267,
    0.6469528675079346
  ],
  "bertscore_f1": [
    0.6623242497444153,
    0.7087439894676208,
    0.6195167303085327,
    0.6367714405059814
  ],
  "bleurt": [
    0.32500654458999634,
    0.5199894905090332,
    0.38803935050964355,
    0.5528709292411804
  ],
  "pred_note": [
    "Possible clinical note  HISTORY OF PRESENT ILLNESS  The patient is a 35-year-old female who has a history of chronic headaches since her teenage years, usually associated with her menstrual cycles and stress. She reports that her headaches have worsened in frequency and severity in the past few months, and are now mostly on the right side and behind her eye, with a pulsing sensation. She also complains of ringing in her ears and intermittent blurred vision on the right side. She denies any numbness, tingling, or weakness. She has been trying to exercise more to lose weight, but her headaches limit her activity. She has not had a recent MRI of her brain, and was referred by her PCP for further evaluation.  \nPHYSICAL EXAM\n  Vitals BP 120/80, HR 72, RR 16, T 36.5, O2 98% on room air HEENT PERRLA, EOMI, funduscopic exam reveals bilateral papilledema, no other abnormalities Cardiovascular S1, S2, normal sinus rhythm, no murmurs, rubs, or gallops Respiratory Clear to auscultation bilaterally, no wheezes, rales, or rhonchi Abdominal Soft, non-tender, non-distended, no masses, no organomegaly Neurological Cranial nerves I-XII intact, normal corneal reflex, normal gait, no focal deficits Musculoskeletal Normal range of motion, no joint swelling or tenderness, no deformities  \nRESULTS\n  Pending MRI of brain and spinal tap Referred to neuro-ophthalmology for eye exam  \nASSESSMENT AND PLAN\n  The patient's symptoms are suggestive of idiopathic intracranial hypertension (IIH), a condition of increased intracranial pressure without an identifiable cause. The differential diagnosis includes other causes of increased intracranial pressure, such as brain tumor, venous sinus thrombosis, or pseudotumor cerebri. The patient will undergo an MRI of brain to rule out any structural lesions, and a spinal tap to measure the opening pressure and relieve any excess fluid. She will also be seen by a neuro-ophthalmologist to assess the extent of her papilledema and visual field defects. If the diagnosis of IIH is confirmed, she will be started on medication to lower the intracranial pressure, such as acetazolamide or topiramate, and advised to continue with exercise and weight loss as part of the treatment. She will be followed up closely for any changes in her symptoms or vision, and referred to neurosurgery if there is no improvement or worsening. She is counseled on the potential complications of IIH, such as permanent vision loss, and the importance of compliance with the treatment plan. She is given the opportunity to ask questions and express any concerns. She is scheduled for a follow-up visit in two weeks.",
    "The patient is a 35-year-old female who has a history of chronic headaches since her teenage years, usually associated with her menstrual cycles and stress. She reports that her headaches have worsened in frequency and severity in the past few months, and are now mostly on the right side and behind her eye, with a pulsing sensation. She also complains of ringing in her ears and intermittent blurred vision on the right side. She denies any numbness, tingling, or weakness. She has been trying to exercise more to lose weight, but her headaches limit her activity. She has not had a recent MRI of her brain, and was referred by her PCP for further evaluation. ",
    "Vitals BP 120/80, HR 72, RR 16, T 36.5, O2 98% on room air HEENT PERRLA, EOMI, funduscopic exam reveals bilateral papilledema, no other abnormalities Cardiovascular S1, S2, normal sinus rhythm, no murmurs, rubs, or gallops Respiratory Clear to auscultation bilaterally, no wheezes, rales, or rhonchi Abdominal Soft, non-tender, non-distended, no masses, no organomegaly Neurological Cranial nerves I-XII intact, normal corneal reflex, normal gait, no focal deficits Musculoskeletal Normal range of motion, no joint swelling or tenderness, no deformities Pending MRI of brain and spinal tap Referred to neuro-ophthalmology for eye exam ",
    "The patient's symptoms are suggestive of idiopathic intracranial hypertension (IIH), a condition of increased intracranial pressure without an identifiable cause. The differential diagnosis includes other causes of increased intracranial pressure, such as brain tumor, venous sinus thrombosis, or pseudotumor cerebri. The patient will undergo an MRI of brain to rule out any structural lesions, and a spinal tap to measure the opening pressure and relieve any excess fluid. She will also be seen by a neuro-ophthalmologist to assess the extent of her papilledema and visual field defects. If the diagnosis of IIH is confirmed, she will be started on medication to lower the intracranial pressure, such as acetazolamide or topiramate, and advised to continue with exercise and weight loss as part of the treatment. She will be followed up closely for any changes in her symptoms or vision, and referred to neurosurgery if there is no improvement or worsening. She is counseled on the potential complications of IIH, such as permanent vision loss, and the importance of compliance with the treatment plan. She is given the opportunity to ask questions and express any concerns. She is scheduled for a follow-up visit in two weeks. "
  ],