{
  "rouge1": [
    0.5958795562599049,
    0.4951456310679611,
    0.6524822695035462,
    0.42687747035573126
  ],
  "rouge2": [
    0.2798092209856916,
    0.23529411764705885,
    0.4748201438848921,
    0.14342629482071712
  ],
  "rougeL": [
    0.3391442155309033,
    0.24271844660194175,
    0.6099290780141844,
    0.26086956521739135
  ],
  "rougeLsum": [
    0.5356576862123613,
    0.3300970873786408,
    0.6099290780141844,
    0.26086956521739135
  ],
  "bertscore_precision": [
    0.7457548975944519,
    0.7444175481796265,
    0.7966888546943665,
    0.7433305382728577
  ],
  "bertscore_recall": [
    0.6864372491836548,
    0.6261476278305054,
    0.8367650508880615,
    0.6676228046417236
  ],
  "bertscore_f1": [
    0.7148677110671997,
    0.6801797151565552,
    0.816235363483429,
    0.7034456133842468
  ],
  "bleurt": [
    0.42655712366104126,
    0.5194796323776245,
    0.6236405968666077,
    0.5561018586158752
  ],
  "pred_note": [
    "Possible clinical note  HISTORY OF PRESENT ILLNESS The patient is a 52-year-old male with a history of diabetes mellitus who presents with a nonhealing foot ulcer on the right foot. He reports having the ulcer for about two months and noticing increased redness and drainage in the past week. He denies any trauma to the foot and attributes the ulcer to walking barefoot on the beach. He has not taken the antibiotics prescribed by his primary care provider.  \nPHYSICAL EXAM\n Vital signs are normal. The right foot has a 1 x 2 inch circular wound on the dorsal aspect of the lateral foot, proximal to the fifth MTP joint. There is erythema, edema, and purulent drainage. No necrosis, odor, or bony exposure is noted. The wound is non-tender to palpation. X-ray of the right foot shows no evidence of osteomyelitis.  \nRESULTS\n Ankle brachial index (ABI) is ordered to assess the vascular status of the foot.  \nASSESSMENT AND PLAN\n The patient has a diabetic foot ulcer with signs of infection. He is scheduled for a debridement of the wound and started on oral clindamycin 400 mg twice daily for seven days. He is given a surgical shoe to offload the pressure on the wound and instructed to follow up in two weeks. He is educated on the importance of controlling his blood sugar and taking his antibiotics as prescribed. He is advised to call the office if he has any worsening symptoms or signs of systemic infection.",
    "The patient is a 52-year-old male with a history of diabetes mellitus who presents with a nonhealing foot ulcer on the right foot. He reports having the ulcer for about two months and noticing increased redness and drainage in the past week. He denies any trauma to the foot and attributes the ulcer to walking barefoot on the beach. He has not taken the antibiotics prescribed by his primary care provider. ",
    "Vital signs are normal. The right foot has a 1 x 2 inch circular wound on the dorsal aspect of the lateral foot, proximal to the fifth MTP joint. There is erythema, edema, and purulent drainage. No necrosis, odor, or bony exposure is noted. The wound is non-tender to palpation. X-ray of the right foot shows no evidence of osteomyelitis. Ankle brachial index (ABI) is ordered to assess the vascular status of the foot. ",
    "The patient has a diabetic foot ulcer with signs of infection. He is scheduled for a debridement of the wound and started on oral clindamycin 400 mg twice daily for seven days. He is given a surgical shoe to offload the pressure on the wound and instructed to follow up in two weeks. He is educated on the importance of controlling his blood sugar and taking his antibiotics as prescribed. He is advised to call the office if he has any worsening symptoms or signs of systemic infection. "
  ],
  "gt_note": [
    "CHIEF COMPLAINT\n\nRight foot ulcer.\n\nHISTORY OF PRESENT ILLNESS\n\nGregory Hernandez is a pleasant 40-year-old male who presents to the clinic today for the evaluation of a non-healing right foot ulcer. Onset of ulcer was approximately 2 months ago after walking barefoot on the beach. He reports the ulcer has recently become red and is draining. At times he will also experience throbbing pain. He has seen his primary care physician and was prescribed antibiotics, however, he has not started them yet and does not recall the name of the medication.\n\nThe patient is a diabetic. He is taking medication for this, however, he does not monitor his blood sugar consistently. His last A1C was around 10.\n\nMEDICAL HISTORY\n\nPatient reports history of diabetes.\n\nREVIEW OF SYSTEMS\n\nMusculoskeletal: Reports right foot pain.\nSkin: Reports right foot ulcer with redness and drainage.\n\nVITALS\n\nVital signs are normal.\n\nPHYSICAL EXAM\n\nMSK: Examination of the right foot: There is a 1 x 2 inch circular wound on the dorsal aspect laterally just proximal to the 5th MTP joint. There is some redness and drainage present as well as edema. No necrosis, odor, or bony exposure. Nontender to palpation.\n\nRESULTS\n\n3 views of the right foot were taken. These reveal no evidence of osteomyelitis.\n\nASSESSMENT\n\nRight diabetic foot ulcer.\n\nPLAN\n\nAfter reviewing the patient's examination and radiographic findings today, I have had a lengthy discussion with the patient in regards to his current symptoms. I have explained to him that his x-rays did not reveal any evidence of osteomyelitis. I have recommended that we obtain an ankle brachial index to determine the blood supply in his foot. Debridement will be performed. A prescription for clindamycin 400 mg 2 times per day for 7 days will be provided as he does seem to have an infection. He will also be placed in a surgical shoe to provide increased support for the next month.\n\nINSTRUCTIONS\n\nThe patient will follow up with me in 2 weeks to assess his progress and for possible repeat debridement. He has been advised to call the office if his symptoms worsen and we will get him in sooner, however, if he starts to develop a fever or necrosis he has been instructed to go to the ER.\n",
    "Right foot ulcer. Gregory Hernandez is a pleasant 40-year-old male who presents to the clinic today for the evaluation of a non-healing right foot ulcer. Onset of ulcer was approximately 2 months ago after walking barefoot on the beach. He reports the ulcer has recently become red and is draining. At times he will also experience throbbing pain. He has seen his primary care physician and was prescribed antibiotics, however, he has not started them yet and does not recall the name of the medication.\n\nThe patient is a diabetic. He is taking medication for this, however, he does not monitor his blood sugar consistently. His last A1C was around 10. Patient reports history of diabetes. Musculoskeletal: Reports right foot pain.\nSkin: Reports right foot ulcer with redness and drainage. ",
    "Vital signs are normal. MSK: Examination of the right foot: There is a 1 x 2 inch circular wound on the dorsal aspect laterally just proximal to the 5th MTP joint. There is some redness and drainage present as well as edema. No necrosis, odor, or bony exposure. Nontender to palpation. 3 views of the right foot were taken. These reveal no evidence of osteomyelitis. ",
