{
  "rouge1": [
    0.5623268698060943,
    0.6496815286624205,
    0.4444444444444445,
    0.3700440528634361
  ],
  "rouge2": [
    0.29444444444444445,
    0.36538461538461536,
    0.304635761589404,
    0.14222222222222225
  ],
  "rougeL": [
    0.3739612188365651,
    0.42038216560509556,
    0.4052287581699347,
    0.2731277533039648
  ],
  "rougeLsum": [
    0.48476454293628807,
    0.4777070063694268,
    0.4313725490196078,
    0.2995594713656388
  ],
  "bertscore_precision": [
    0.7178645133972168,
    0.7795981168746948,
    0.7565646767616272,
    0.7073736190795898
  ],
  "bertscore_recall": [
    0.6736257076263428,
    0.7061874270439148,
    0.6292538046836853,
    0.632960855960846
  ],
  "bertscore_f1": [
    0.695041835308075,
    0.7410792708396912,
    0.6870614290237427,
    0.6681016683578491
  ],
  "bleurt": [
    0.41114872694015503,
    0.5259163975715637,
    0.45481717586517334,
    0.5473208427429199
  ],
  "pred_note": [
    "Possible clinical note  HISTORY OF PRESENT ILLNESS The patient is a 45-year-old male who presents with right shoulder pain that he has had for a few weeks. He reports that he was doing some work in his backyard and felt sore all over the next couple of days, but his right shoulder pain persisted. He has a history of rotator cuff injury in the same shoulder from playing baseball when he was younger. He denies any numbness, tingling, or weakness in his arm or hand. He says the pain is worse with movement and at night, and he has been taking Advil and icing the shoulder for relief. He also complains of bilateral foot and ankle pain that he attributes to his yard work. He has been elevating and icing his feet as well.  \nPHYSICAL EXAM\n Vitals are within normal limits. Right shoulder exam reveals limited active and passive range of motion and tenderness at the greater tuberosity of the humerus. No tenderness at the sternoclavicular or acromioclavicular joints. Good hand grip. Neurovascular exam of the right arm is normal. Bilateral foot and ankle exam is deferred.  \nRESULTS\n Shoulder x-ray shows no fracture.  \nASSESSMENT AND PLAN\n The patient has right shoulder rotator cuff tendinopathy, likely aggravated by his yard work. He will have an MRI of the shoulder to rule out any other pathology and will be referred to physical therapy for six to eight weeks. He will continue Advil and ice as needed and will be offered a steroid injection if no improvement. He will also try soaking his feet in epsom salts for his foot and ankle pain. He will follow up as needed.",
    "The patient is a 45-year-old male who presents with right shoulder pain that he has had for a few weeks. He reports that he was doing some work in his backyard and felt sore all over the next couple of days, but his right shoulder pain persisted. He has a history of rotator cuff injury in the same shoulder from playing baseball when he was younger. He denies any numbness, tingling, or weakness in his arm or hand. He says the pain is worse with movement and at night, and he has been taking Advil and icing the shoulder for relief. He also complains of bilateral foot and ankle pain that he attributes to his yard work. He has been elevating and icing his feet as well. ",
    "Vitals are within normal limits. Right shoulder exam reveals limited active and passive range of motion and tenderness at the greater tuberosity of the humerus. No tenderness at the sternoclavicular or acromioclavicular joints. Good hand grip. Neurovascular exam of the right arm is normal. Bilateral foot and ankle exam is deferred. Shoulder x-ray shows no fracture. ",
    "The patient has right shoulder rotator cuff tendinopathy, likely aggravated by his yard work. He will have an MRI of the shoulder to rule out any other pathology and will be referred to physical therapy for six to eight weeks. He will continue Advil and ice as needed and will be offered a steroid injection if no improvement. He will also try soaking his feet in epsom salts for his foot and ankle pain. He will follow up as needed. "
  ],