{
  "rouge1": [
    0.5931558935361216,
    0.49422632794457266,
    0.5317919075144509,
    0.3975155279503106
  ],
  "rouge2": [
    0.28462515883100376,
    0.23665893271461716,
    0.3391812865497076,
    0.18867924528301885
  ],
  "rougeL": [
    0.34474017743979724,
    0.27251732101616627,
    0.5202312138728323,
    0.2981366459627329
  ],
  "rougeLsum": [
    0.4461343472750317,
    0.27251732101616627,
    0.5202312138728323,
    0.2981366459627329
  ],
  "bertscore_precision": [
    0.7164419889450073,
    0.7838360071182251,
    0.8000878095626831,
    0.703054666519165
  ],
  "bertscore_recall": [
    0.7160221338272095,
    0.7015392780303955,
    0.7764089703559875,
    0.7800929546356201
  ],
  "bertscore_f1": [
    0.7162320017814636,
    0.7404078841209412,
    0.788070559501648,
    0.7395730018615723
  ],
  "bleurt": [
    0.33424365520477295,
    0.47642219066619873,
    0.5994104743003845,
    0.5860378742218018
  ],
  "pred_note": [
    "Possible clinical note  HISTORY OF PRESENT ILLNESS The patient is a 40-year-old male who presents with chronic low back pain and left leg pain that started about a month ago. He has a history of a fall from a roof 30 years ago that caused a possible vertebral fracture. He reports that his pain is worse with standing, walking, coughing, and sneezing, and better with lying down. He describes his pain as an electrical toothache that radiates from his lower back to his hip, calf, and big toe. He rates his pain as 6/10 at rest and 13/10 at worst. He has not taken any medications today. He has tried NSAIDs and physical therapy in the past without relief. He has no numbness, tingling, or weakness in his lower extremities. He is interested in a nerve ablation procedure that he heard from a friend.  \nPHYSICAL EXAM\n Vital signs are within normal limits. Back exam reveals no bony deformities, erythema, or ecchymosis. He has tenderness to palpation at the L4 vertebrae. He has pain with flexion and extension of his back. He has 4/5 strength in his left lower extremity and 5/5 in his right lower extremity. Reflexes are brisk and motor and sensory are intact in both lower extremities.  \nRESULTS\n MRI of the lumbar spine shows a disk herniation at the L4-L5 level with nerve root impingement.  \nASSESSMENT AND PLAN\n The patient has acute disk herniation at L4-L5 with nerve root impingement causing low back pain and left leg pain. The plan is to perform an epidural steroid injection today to reduce the inflammation and pain. He will be referred back to physical therapy to strengthen his core and back muscles. He will follow up with me in one month to evaluate his response to the injection. He is agreeable to this plan. The risks, benefits, and alternatives of the injection have been explained to him and he has given informed consent. The nurse will prepare him for the procedure.",
    "The patient is a 40-year-old male who presents with chronic low back pain and left leg pain that started about a month ago. He has a history of a fall from a roof 30 years ago that caused a possible vertebral fracture. He reports that his pain is worse with standing, walking, coughing, and sneezing, and better with lying down. He describes his pain as an electrical toothache that radiates from his lower back to his hip, calf, and big toe. He rates his pain as 6/10 at rest and 13/10 at worst. He has not taken any medications today. He has tried NSAIDs and physical therapy in the past without relief. He has no numbness, tingling, or weakness in his lower extremities. He is interested in a nerve ablation procedure that he heard from a friend. ",
    "Vital signs are within normal limits. Back exam reveals no bony deformities, erythema, or ecchymosis. He has tenderness to palpation at the L4 vertebrae. He has pain with flexion and extension of his back. He has 4/5 strength in his left lower extremity and 5/5 in his right lower extremity. Reflexes are brisk and motor and sensory are intact in both lower extremities. MRI of the lumbar spine shows a disk herniation at the L4-L5 level with nerve root impingement. ",
    "The patient has acute disk herniation at L4-L5 with nerve root impingement causing low back pain and left leg pain. The plan is to perform an epidural steroid injection today to reduce the inflammation and pain. He will be referred back to physical therapy to strengthen his core and back muscles. He will follow up with me in one month to evaluate his response to the injection. He is agreeable to this plan. The risks, benefits, and alternatives of the injection have been explained to him and he has given informed consent. The nurse will prepare him for the procedure. "
  ],