{
  "rouge1": [
    0.5289256198347106,
    0.3253012048192771,
    0.6785714285714286,
    0.3286908077994429
  ],
  "rouge2": [
    0.24861878453038672,
    0.10975609756097562,
    0.49397590361445776,
    0.15126050420168066
  ],
  "rougeL": [
    0.28650137741046827,
    0.2048192771084337,
    0.4999999999999999,
    0.21169916434540387
  ],
  "rougeLsum": [
    0.4958677685950412,
    0.22891566265060243,
    0.4999999999999999,
    0.2729805013927577
  ],
  "bertscore_precision": [
    0.6631382703781128,
    0.6024271249771118,
    0.6998170614242554,
    0.7284649610519409
  ],
  "bertscore_recall": [
    0.6587714552879333,
    0.6098790168762207,
    0.731319785118103,
    0.5725237131118774
  ],
  "bertscore_f1": [
    0.6609476804733276,
    0.6061301231384277,
    0.715221643447876,
    0.6411485075950623
  ],
  "bleurt": [
    0.39908117055892944,
    0.4448844790458679,
    0.5568510890007019,
    0.5357070565223694
  ],
  "pred_note": [
    "Possible clinical note  HISTORY OF PRESENT ILLNESS Mr. Jackson is a 45-year-old male with a history of diabetes type 2 and mild intermittent asthma who presents with right elbow pain for the last three weeks. He reports increased tennis activity with a friend who joined a country club. He describes the pain as sharp, stabbing, and shooting, worse with movement and better with rest. He rates the pain as 8/10 with use and 3/10 at rest. He has tried Tylenol, ibuprofen, and ice with minimal relief. He denies any trauma, fever, or radiation of pain. He has no other complaints.  \nPHYSICAL EXAM\n Vital signs are normal. HEENT exam is normal. Cardiovascular exam reveals a grade 3/6 systolic ejection murmur, unchanged from prior exam. Respiratory exam is normal. Abdominal exam is normal. Musculoskeletal exam reveals moderate lateral epicondylar tenderness of the right elbow, moderate pain with passive range of motion, and mild pain with resisted extension of the right wrist. There is no joint effusion or deformity. Neurological exam is normal.  \nRESULTS\n Right elbow x-ray shows no acute fracture, malalignment, or joint effusion. Hemoglobin A1c, CBC, and Chem-12 are pending.  \nASSESSMENT AND PLAN\n   - Acute lateral epicondylitis of the right elbow (tennis elbow) due to overuse. Plan Rest, ice, brace, Ultram 50 mg daily, follow-up in four weeks, consider additional imaging or physical therapy if needed. - Diabetes type 2 with suboptimal glycemic control. Plan Increase Metformin to 1000 mg twice daily, check blood sugar twice daily, follow-up in two weeks, adjust medication as needed. - Mild intermittent asthma, well controlled. Plan Continue Flovent and Albuterol as needed, refill Albuterol prescription.",
    "Mr. Jackson is a 45-year-old male with a history of diabetes type 2 and mild intermittent asthma who presents with right elbow pain for the last three weeks. He reports increased tennis activity with a friend who joined a country club. He describes the pain as sharp, stabbing, and shooting, worse with movement and better with rest. He rates the pain as 8/10 with use and 3/10 at rest. He has tried Tylenol, ibuprofen, and ice with minimal relief. He denies any trauma, fever, or radiation of pain. He has no other complaints. ",
    "Vital signs are normal. HEENT exam is normal. Cardiovascular exam reveals a grade 3/6 systolic ejection murmur, unchanged from prior exam. Respiratory exam is normal. Abdominal exam is normal. Musculoskeletal exam reveals moderate lateral epicondylar tenderness of the right elbow, moderate pain with passive range of motion, and mild pain with resisted extension of the right wrist. There is no joint effusion or deformity. Neurological exam is normal. Right elbow x-ray shows no acute fracture, malalignment, or joint effusion. Hemoglobin A1c, CBC, and Chem-12 are pending. ",
    "- Acute lateral epicondylitis of the right elbow (tennis elbow) due to overuse. Plan Rest, ice, brace, Ultram 50 mg daily, follow-up in four weeks, consider additional imaging or physical therapy if needed. - Diabetes type 2 with suboptimal glycemic control. Plan Increase Metformin to 1000 mg twice daily, check blood sugar twice daily, follow-up in two weeks, adjust medication as needed. - Mild intermittent asthma, well controlled. Plan Continue Flovent and Albuterol as needed, refill Albuterol prescription. "
  ],