{
  "rouge1": [
    0.5160305343511451,
    0.32487309644670054,
    0.5033112582781457,
    0.45090909090909087
  ],
  "rouge2": [
    0.16845329249617153,
    0.061538461538461535,
    0.18791946308724833,
    0.15384615384615385
  ],
  "rougeL": [
    0.28396946564885495,
    0.16243654822335027,
    0.3973509933774834,
    0.2981818181818182
  ],
  "rougeLsum": [
    0.4549618320610687,
    0.16243654822335027,
    0.4635761589403974,
    0.3563636363636364
  ],
  "bertscore_precision": [
    0.641295313835144,
    0.5873808264732361,
    0.6814787983894348,
    0.713089108467102
  ],
  "bertscore_recall": [
    0.6471084952354431,
    0.6505740284919739,
    0.6043930649757385,
    0.6220089197158813
  ],
  "bertscore_f1": [
    0.6441888213157654,
    0.6173645257949829,
    0.6406253576278687,
    0.6644423007965088
  ],
  "bleurt": [
    0.2708183526992798,
    0.5062979459762573,
    0.3562126159667969,
    0.5254808664321899
  ],
  "pred_note": [
    "Possible clinical note  HISTORY OF PRESENT ILLNESS  The patient is a 25-year-old female with a history of asthma since childhood. She presents with complaints of frequent coughing, wheezing, and shortness of breath that occur every month or every other month for the past six months. She reports that her symptoms are triggered by viral infections, exposure to cat dander, and sometimes by smoking in bars. She has had multiple visits to the urgent care and the emergency department for asthma exacerbations, and has been treated with antibiotics, steroids, and albuterol inhalers. She uses her albuterol inhaler almost daily and sometimes at night. She has no history of hospitalization for asthma since she was eight years old. She denies smoking, vaping, or marijuana use. She enjoys hiking but has to be careful with her breathing. She has no history of seasonal allergies.  \nPHYSICAL EXAM\n  Vitals BP 128/82, RR 16, SpO2 99% on RA HEENT Neck supple, trachea midline, no lymphadenopathy, no carotid bruits CV RRR, no murmurs, rubs, or gallops Resp Diminished breath sounds bilaterally with occasional expiratory wheezes Ext Strong bilateral pulses, no clubbing, brisk capillary refill  \nRESULTS\n  Pulmonary function test FEV1/FVC 72%, FEV1 65% predicted, consistent with moderate intermittent asthma  \nASSESSMENT AND PLAN\n  Asthma The patient has moderate intermittent asthma that is poorly controlled with frequent exacerbations and daily symptoms. She is started on flovent 110 mcg one puff twice per day as a maintenance therapy, and advised to continue using ventolin two puffs every four to six hours as needed for acute relief. She is given an asthma action plan to monitor her symptoms and adjust her medications accordingly. She is counseled on avoiding triggers, such as cat dander and smoking, and on proper inhaler technique. She is scheduled for a follow-up visit in one month or sooner if her symptoms worsen.",
    "The patient is a 25-year-old female with a history of asthma since childhood. She presents with complaints of frequent coughing, wheezing, and shortness of breath that occur every month or every other month for the past six months. She reports that her symptoms are triggered by viral infections, exposure to cat dander, and sometimes by smoking in bars. She has had multiple visits to the urgent care and the emergency department for asthma exacerbations, and has been treated with antibiotics, steroids, and albuterol inhalers. She uses her albuterol inhaler almost daily and sometimes at night. She has no history of hospitalization for asthma since she was eight years old. She denies smoking, vaping, or marijuana use. She enjoys hiking but has to be careful with her breathing. She has no history of seasonal allergies. ",
    "Vitals BP 128/82, RR 16, SpO2 99% on RA HEENT Neck supple, trachea midline, no lymphadenopathy, no carotid bruits CV RRR, no murmurs, rubs, or gallops Resp Diminished breath sounds bilaterally with occasional expiratory wheezes Ext Strong bilateral pulses, no clubbing, brisk capillary refill Pulmonary function test FEV1/FVC 72%, FEV1 65% predicted, consistent with moderate intermittent asthma ",
    "Asthma The patient has moderate intermittent asthma that is poorly controlled with frequent exacerbations and daily symptoms. She is started on flovent 110 mcg one puff twice per day as a maintenance therapy, and advised to continue using ventolin two puffs every four to six hours as needed for acute relief. She is given an asthma action plan to monitor her symptoms and adjust her medications accordingly. She is counseled on avoiding triggers, such as cat dander and smoking, and on proper inhaler technique. She is scheduled for a follow-up visit in one month or sooner if her symptoms worsen. "
  ],