{
  "rouge1": [
    0.5329249617151608,
    0.391304347826087,
    0.5542168674698796,
    0.37854889589905366
  ],
  "rouge2": [
    0.1966205837173579,
    0.11764705882352941,
    0.23170731707317072,
    0.15873015873015872
  ],
  "rougeL": [
    0.2848392036753446,
    0.1739130434782609,
    0.4216867469879519,
    0.26498422712933756
  ],
  "rougeLsum": [
    0.49617151607963256,
    0.20289855072463767,
    0.4819277108433735,
    0.3533123028391167
  ],
  "bertscore_precision": [
    0.6669578552246094,
    0.6133816242218018,
    0.7108867168426514,
    0.7353137731552124
  ],
  "bertscore_recall": [
    0.6423185467720032,
    0.624996542930603,
    0.6492125988006592,
    0.5822744965553284
  ],
  "bertscore_f1": [
    0.6544064283370972,
    0.6191346049308777,
    0.6786513328552246,
    0.6499062776565552
  ],
  "bleurt": [
    0.35492217540740967,
    0.4523898959159851,
    0.5174769163131714,
    0.5410819053649902
  ],
  "pred_note": [
    "Possible clinical note  HISTORY OF PRESENT ILLNESS The patient is a 45-year-old male who presents with right knee pain after a water skiing accident five days ago. He reports twisting his knee when he landed a jump and experiencing swelling and pain afterwards. He denies hearing or feeling any pop at the time of injury. He has been taking over-the-counter aleve twice a day and applying cold packs to the knee. He has no history of prior knee injuries. He has a history of hypertension controlled with lisinopril.  \nPHYSICAL EXAM\n Vital signs are stable with blood pressure of 120/77 mmHg. Neck exam is unremarkable. Heart exam reveals regular rate and rhythm with no murmurs. Lung exam reveals clear breath sounds bilaterally. Musculoskeletal exam reveals ecchymosis, edema, and effusion of the right knee with pain to palpation of the medial aspect. There is decreased range of motion and a negative varus, valgus, and lachman test. There is no evidence of neurovascular compromise with palpable distal pulses and no lower extremity edema.  \nRESULTS\n Pending x-ray of right knee and lipid panel.  \nASSESSMENT AND PLAN\n   - Right knee pain Likely medial collateral ligament strain. Will order x-ray to rule out fracture and refer to physical therapy for rehabilitation. Will prescribe meloxicam 15 mg once a day for anti-inflammatory and analgesic effect. Will advise to rest the knee and avoid water skiing until further evaluation. - Hypertension Well controlled with lisinopril 20 mg daily. Will continue current regimen and monitor blood pressure at home. Will order lipid panel to screen for dyslipidemia. - Health maintenance Due for tetanus booster. Will administer today.",
    "The patient is a 45-year-old male who presents with right knee pain after a water skiing accident five days ago. He reports twisting his knee when he landed a jump and experiencing swelling and pain afterwards. He denies hearing or feeling any pop at the time of injury. He has been taking over-the-counter aleve twice a day and applying cold packs to the knee. He has no history of prior knee injuries. He has a history of hypertension controlled with lisinopril. ",
    "Vital signs are stable with blood pressure of 120/77 mmHg. Neck exam is unremarkable. Heart exam reveals regular rate and rhythm with no murmurs. Lung exam reveals clear breath sounds bilaterally. Musculoskeletal exam reveals ecchymosis, edema, and effusion of the right knee with pain to palpation of the medial aspect. There is decreased range of motion and a negative varus, valgus, and lachman test. There is no evidence of neurovascular compromise with palpable distal pulses and no lower extremity edema. Pending x-ray of right knee and lipid panel. ",
    "- Right knee pain Likely medial collateral ligament strain. Will order x-ray to rule out fracture and refer to physical therapy for rehabilitation. Will prescribe meloxicam 15 mg once a day for anti-inflammatory and analgesic effect. Will advise to rest the knee and avoid water skiing until further evaluation. - Hypertension Well controlled with lisinopril 20 mg daily. Will continue current regimen and monitor blood pressure at home. Will order lipid panel to screen for dyslipidemia. - Health maintenance Due for tetanus booster. Will administer today. "
  ],