{
  "rouge1": [
    0.5473684210526316,
    0.4519230769230769,
    0.618421052631579,
    0.3977900552486188
  ],
  "rouge2": [
    0.2605633802816901,
    0.23300970873786409,
    0.36,
    0.10055865921787709
  ],
  "rougeL": [
    0.3263157894736842,
    0.3365384615384615,
    0.39473684210526316,
    0.2099447513812155
  ],
  "rougeLsum": [
    0.47017543859649125,
    0.3557692307692307,
    0.4605263157894737,
    0.23204419889502764
  ],
  "bertscore_precision": [
    0.7313948273658752,
    0.7532454133033752,
    0.7709935903549194,
    0.674863338470459
  ],
  "bertscore_recall": [
    0.6727102994918823,
    0.6375251412391663,
    0.722758412361145,
    0.6321675777435303
  ],
  "bertscore_f1": [
    0.7008261680603027,
    0.6905710101127625,
    0.746097207069397,
    0.6528180837631226
  ],
  "bleurt": [
    0.3218539357185364,
    0.5220116972923279,
    0.5529975891113281,
    0.49819719791412354
  ],
  "pred_note": [
    "Possible clinical note  HISTORY OF PRESENT ILLNESS  The patient is a 45-year-old male who presented with an ankle injury sustained while playing basketball with his son. He reported that he landed awkwardly and twisted his ankle, resulting in pain, swelling, bruising, and instability. He has been having difficulty walking and does not want to disrupt his exercise routine. He also volunteers as a basketball coach and is concerned about his recovery time.  \nPHYSICAL EXAM\n  The patient has swelling and exquisite tenderness on the lateral aspect of his right ankle, with some tenderness over the medial deltoid region. There is no skin breakdown, no gross deformity, and brisk capillary refill. He can stand and walk with difficulty, but feels unstable.  \nRESULTS\n  The patient had an x-ray of his right ankle, which showed a displaced lateral malleolar fracture at the Weber C level, with no evidence of medial or posterior malleolar fractures.  \nASSESSMENT AND PLAN\n  The patient has a lateral malleolar fracture, which requires surgical fixation with plate and screws. He will be given crutches, meloxicam, ice, and elevation instructions. He will be referred to an orthopedic surgeon for further management. He will be out of commission for about three months, but can continue coaching from the sidelines. He will be advised to follow up with his primary care provider and the surgeon as needed.",
    "The patient is a 45-year-old male who presented with an ankle injury sustained while playing basketball with his son. He reported that he landed awkwardly and twisted his ankle, resulting in pain, swelling, bruising, and instability. He has been having difficulty walking and does not want to disrupt his exercise routine. He also volunteers as a basketball coach and is concerned about his recovery time. ",
    "The patient has swelling and exquisite tenderness on the lateral aspect of his right ankle, with some tenderness over the medial deltoid region. There is no skin breakdown, no gross deformity, and brisk capillary refill. He can stand and walk with difficulty, but feels unstable. The patient had an x-ray of his right ankle, which showed a displaced lateral malleolar fracture at the Weber C level, with no evidence of medial or posterior malleolar fractures. ",
    "The patient has a lateral malleolar fracture, which requires surgical fixation with plate and screws. He will be given crutches, meloxicam, ice, and elevation instructions. He will be referred to an orthopedic surgeon for further management. He will be out of commission for about three months, but can continue coaching from the sidelines. He will be advised to follow up with his primary care provider and the surgeon as needed. "
  ],
  "gt_note": [
    "CHIEF COMPLAINT\n\nRight ankle injury.\n\nHISTORY OF PRESENT ILLNESS\n\nJerry Cook is a 45-year-old male who presents today with a right ankle injury.\n\nThe patient sustained an injury to the right ankle while playing basketball with his son. He reports he landed awkwardly and twisted his right ankle after jumping to make a layup. His pain is primarily located along the lateral aspect of the right ankle. He notes bruising and swelling. The patient is able to weight-bear while standing. He experiences pain and feelings of instability within the ankle while ambulating and is concerned for further injury.\n\nSOCIAL HISTORY\n\nThe patient works from home and plans to coach his son\u2019s basketball team in 04/2022. He enjoys working out and reports he recently resumed engaging in a consistent gym routine.\n\nREVIEW OF SYSTEMS\n\nMusculoskeletal: Reports right ankle pain and instability.\nSkin: Reports right ankle bruising and swelling.\n\nPHYSICAL EXAM\n\nCV: Brisk capillary refill.\nSKIN: No epidermolysis. Intact.\nMSK: Examination of the right ankle: Exquisite tenderness laterally. Mild tenderness over the medial deltoid region. Swelling on the lateral side of the ankle. No horrible malalignment.\n\nRESULTS\n\nX-rays, including AP, lateral, and oblique views of the right ankle, were obtained in the office and reviewed today. These demonstrate a displaced lateral malleolus at the Weber C level. There is no evidence of medial or posterior malleolar fractures.\n\nASSESSMENT\n\nRight lateral malleolar fracture.\n\nPLAN\n\nAfter reviewing the patient's examination and radiographic findings today, I have had a lengthy discussion with him regarding treatment options. Recommendation was made for an open reduction internal fixation of the right ankle. We discussed the risks and benefits of the procedure as well as the postoperative recovery period following surgery. I advised that it will be 3 months before he can resume his exercise routine. In the meantime, I will prescribe meloxicam to reduce swelling. I recommended he ice and elevate the ankle as well. He will be given crutches to assist with ambulation.\n\nThe patient understands and agrees with the recommended medical treatment plan.",
    "Right ankle injury. Jerry Cook is a 45-year-old male who presents today with a right ankle injury.\n\nThe patient sustained an injury to the right ankle while playing basketball with his son. He reports he landed awkwardly and twisted his right ankle after jumping to make a layup. His pain is primarily located along the lateral aspect of the right ankle. He notes bruising and swelling. The patient is able to weight-bear while standing. He experiences pain and feelings of instability within the ankle while ambulating and is concerned for further injury. The patient works from home and plans to coach his son\u2019s basketball team in 04/2022. He enjoys working out and reports he recently resumed engaging in a consistent gym routine. Musculoskeletal: Reports right ankle pain and instability.\nSkin: Reports right ankle bruising and swelling. ",
    "CV: Brisk capillary refill.\nSKIN: No epidermolysis. Intact.\nMSK: Examination of the right ankle: Exquisite tenderness laterally. Mild tenderness over the medial deltoid region. Swelling on the lateral side of the ankle. No horrible malalignment. X-rays, including AP, lateral, and oblique views of the right ankle, were obtained in the office and reviewed today. These demonstrate a displaced lateral malleolus at the Weber C level. There is no evidence of medial or posterior malleolar fractures. ",
