{
  "rouge1": [
    0.5901162790697675,
    0.5472972972972973,
    0.48000000000000004,
    0.46616541353383456
  ],
  "rouge2": [
    0.2040816326530612,
    0.24489795918367346,
    0.16326530612244897,
    0.09848484848484848
  ],
  "rougeL": [
    0.28488372093023256,
    0.2567567567567568,
    0.4,
    0.2180451127819549
  ],
  "rougeLsum": [
    0.45639534883720934,
    0.2702702702702703,
    0.4,
    0.2180451127819549
  ],
  "bertscore_precision": [
    0.6879690289497375,
    0.7066831588745117,
    0.690488874912262,
    0.6623583436012268
  ],
  "bertscore_recall": [
    0.649017870426178,
    0.6554067134857178,
    0.5934267044067383,
    0.6451306343078613
  ],
  "bertscore_f1": [
    0.6679260730743408,
    0.6800797581672668,
    0.6382889747619629,
    0.6536310315132141
  ],
  "bleurt": [
    0.36170703172683716,
    0.46929019689559937,
    0.5609389543533325,
    0.5418945550918579
  ],
  "pred_note": [
    "Possible clinical note  HISTORY OF PRESENT ILLNESS  The patient is a 35-year-old male who presents with a history of shortness of breath, watery eyes, and wheezing for the past two months. He reports that he moved to the city two years ago and bought a large plot of land where he enjoys hunting deer. He has a cat at home and a refrigerator full of venison. He denies any rash, nausea, vomiting, lip or throat swelling, or previous allergies. He states that he has noticed the symptoms in all situations, whether at home, near his cat, or outside. He went to the urgent care once and received a nebulizer and an albuterol inhaler, which he uses as needed. He admits to occasional heavy drinking and diarrhea.  \nPHYSICAL EXAM\n  Vital signs are stable. The patient appears well and not in distress. No rash or angioedema is noted. No stridor is heard. Lungs auscultation reveals faint expiratory wheezes bilaterally in all fields. Chest x-ray and pulmonary function test are normal.  \nRESULTS\n  The patient has newly diagnosed allergic asthma.  \nASSESSMENT AND PLAN\n  The patient is advised to continue the albuterol inhaler as soon as he feels any symptoms and not to wait until they worsen. He is prescribed singulair 10 mg daily to prevent asthma attacks. He is referred for allergy skin testing to identify the triggers and potential avoidance strategies. He is scheduled for a follow-up visit next week to perform the skin testing. He is counseled to limit his alcohol intake and monitor his diarrhea. He is asked to consider rehoming his cat or minimizing his exposure to it. He is educated about the signs and symptoms of anaphylaxis and the use of an epinephrine auto-injector. He has no questions at this time.",
    "The patient is a 35-year-old male who presents with a history of shortness of breath, watery eyes, and wheezing for the past two months. He reports that he moved to the city two years ago and bought a large plot of land where he enjoys hunting deer. He has a cat at home and a refrigerator full of venison. He denies any rash, nausea, vomiting, lip or throat swelling, or previous allergies. He states that he has noticed the symptoms in all situations, whether at home, near his cat, or outside. He went to the urgent care once and received a nebulizer and an albuterol inhaler, which he uses as needed. He admits to occasional heavy drinking and diarrhea. ",
    "Vital signs are stable. The patient appears well and not in distress. No rash or angioedema is noted. No stridor is heard. Lungs auscultation reveals faint expiratory wheezes bilaterally in all fields. Chest x-ray and pulmonary function test are normal. The patient has newly diagnosed allergic asthma. ",
    "The patient is advised to continue the albuterol inhaler as soon as he feels any symptoms and not to wait until they worsen. He is prescribed singulair 10 mg daily to prevent asthma attacks. He is referred for allergy skin testing to identify the triggers and potential avoidance strategies. He is scheduled for a follow-up visit next week to perform the skin testing. He is counseled to limit his alcohol intake and monitor his diarrhea. He is asked to consider rehoming his cat or minimizing his exposure to it. He is educated about the signs and symptoms of anaphylaxis and the use of an epinephrine auto-injector. He has no questions at this time. "
  ],