{
  "rouge1": [
    0.567774936061381,
    0.4578947368421053,
    0.5390070921985816,
    0.43859649122807015
  ],
  "rouge2": [
    0.2512820512820513,
    0.253968253968254,
    0.27338129496402874,
    0.1327433628318584
  ],
  "rougeL": [
    0.36061381074168797,
    0.3578947368421052,
    0.5106382978723404,
    0.2543859649122807
  ],
  "rougeLsum": [
    0.5012787723785167,
    0.3578947368421052,
    0.5106382978723404,
    0.2543859649122807
  ],
  "bertscore_precision": [
    0.6795088052749634,
    0.7719794511795044,
    0.7536737322807312,
    0.6751676201820374
  ],
  "bertscore_recall": [
    0.6626852750778198,
    0.6213456392288208,
    0.6831536293029785,
    0.7051491737365723
  ],
  "bertscore_f1": [
    0.6709915995597839,
    0.6885199546813965,
    0.716683030128479,
    0.6898328065872192
  ],
  "bleurt": [
    0.39024823904037476,
    0.5011191964149475,
    0.5711196064949036,
    0.551105797290802
  ],
  "pred_note": [
    "Possible clinical note  HISTORY OF PRESENT ILLNESS The patient is a 34-year-old female who injured her right knee while skiing in Vermont last weekend. She reports that she caught her ski when coming off the lift and fell, feeling a pop in her knee. She was unable to bear weight and had to be taken down by the ski patrol. She has had persistent pain, swelling, and instability of the right knee since then. She denies any numbness, tingling, or vascular compromise in the right lower extremity. She is otherwise healthy and active, with no chronic medical conditions. She has two four-year-old twins and a husband who works intermittently.  \nPHYSICAL EXAM\n The patient is alert and oriented, with normal vital signs. Her heart sounds are regular and without murmurs. Her lungs are clear to auscultation. Her right knee examination reveals edema and an effusion, pain to palpation of the lateral knee, decreased flexion and extension, a positive Lachman sign, and intact distal pulses. There is no leg edema or ankle deformity.  \nRESULTS\n The patient had a right knee x-ray that showed no bony abnormality.  \nASSESSMENT AND PLAN\n The patient has a high suspicion for a right ACL tear, based on the mechanism of injury, the physical exam findings, and the patient's symptoms. She will undergo a right knee MRI to confirm the diagnosis and to rule out any other associated injuries, such as meniscal or collateral ligament tears. She will be fitted with a knee brace to provide stability and support. She will continue with ibuprofen for pain relief. She will be counseled on the possible surgical options and graft choices for ACL reconstruction, depending on the MRI results and her activity level and goals. She will follow up with the orthopedic surgeon after the MRI. She understands the risks and benefits of the plan and has no questions at this time.",
    "The patient is a 34-year-old female who injured her right knee while skiing in Vermont last weekend. She reports that she caught her ski when coming off the lift and fell, feeling a pop in her knee. She was unable to bear weight and had to be taken down by the ski patrol. She has had persistent pain, swelling, and instability of the right knee since then. She denies any numbness, tingling, or vascular compromise in the right lower extremity. She is otherwise healthy and active, with no chronic medical conditions. She has two four-year-old twins and a husband who works intermittently. ",
    "The patient is alert and oriented, with normal vital signs. Her heart sounds are regular and without murmurs. Her lungs are clear to auscultation. Her right knee examination reveals edema and an effusion, pain to palpation of the lateral knee, decreased flexion and extension, a positive Lachman sign, and intact distal pulses. There is no leg edema or ankle deformity. The patient had a right knee x-ray that showed no bony abnormality. ",
    "The patient has a high suspicion for a right ACL tear, based on the mechanism of injury, the physical exam findings, and the patient's symptoms. She will undergo a right knee MRI to confirm the diagnosis and to rule out any other associated injuries, such as meniscal or collateral ligament tears. She will be fitted with a knee brace to provide stability and support. She will continue with ibuprofen for pain relief. She will be counseled on the possible surgical options and graft choices for ACL reconstruction, depending on the MRI results and her activity level and goals. She will follow up with the orthopedic surgeon after the MRI. She understands the risks and benefits of the plan and has no questions at this time. "
  ],