{
  "rouge1": [
    0.4180418041804181,
    0.32020997375328086,
    0.32786885245901637,
    0.3091482649842271
  ],
  "rouge2": [
    0.10804851157662623,
    0.13720316622691292,
    0.04419889502762431,
    0.044444444444444446
  ],
  "rougeL": [
    0.19801980198019803,
    0.2047244094488189,
    0.20765027322404372,
    0.1640378548895899
  ],
  "rougeLsum": [
    0.38283828382838286,
    0.2782152230971129,
    0.26229508196721313,
    0.24605678233438488
  ],
  "bertscore_precision": [
    0.6285011768341064,
    0.7114614248275757,
    0.6361224055290222,
    0.6734920740127563
  ],
  "bertscore_recall": [
    0.6230319738388062,
    0.5515595078468323,
    0.5794172883033752,
    0.5418410897254944
  ],
  "bertscore_f1": [
    0.6257545948028564,
    0.6213884353637695,
    0.606447160243988,
    0.6005359888076782
  ],
  "bleurt": [
    0.38780176639556885,
    0.43834710121154785,
    0.4538038969039917,
    0.49424171447753906
  ],
  "pred_note": [
    "Possible clinical note  HISTORY OF PRESENT ILLNESS  The patient is a 56-year-old male with a history of diabetes and hypertension who presents with difficulty swallowing for the past four to five weeks. He describes a sensation of something stuck in his throat, especially with solid foods, and occasionally needs to wash them down. He denies choking, coughing, hemoptysis, hematemesis, melena, weight loss, chest pain, or dyspnea. He has been taking metformin and norvasc as prescribed and reports good adherence and blood sugar control.  \nPHYSICAL EXAM\n  The patient is alert and oriented. His vital signs are stable. His neck is supple, without masses, lymphadenopathy, or thyroid enlargement. His oropharynx is normal, without erythema, exudates, or lesions. His chest is clear to auscultation bilaterally. His heart is regular, without murmurs, rubs, or gallops. His abdomen is soft and non-distended, with mild epigastric tenderness, but no organomegaly or masses. His back and extremities are normal. His neurological exam is intact.  \nRESULTS\n  The patient had blood work done, including a hemoglobin A1c, which is pending. He also had a referral for ophthalmology and gastroenterology.  \nASSESSMENT AND PLAN\n  The patient has dysphagia, which is concerning for esophageal stricture, tumor, or reflux. He will be started on prilosec 20 mg daily and referred to GI for endoscopy. He will be instructed to chew his foods well and avoid hard or large items. He will be advised to seek urgent care if he develops severe or persistent symptoms. He will follow up in one month to review his blood work and adjust his diabetes and hypertension management if needed. He was given a refill for norvasc.",
    "The patient is a 56-year-old male with a history of diabetes and hypertension who presents with difficulty swallowing for the past four to five weeks. He describes a sensation of something stuck in his throat, especially with solid foods, and occasionally needs to wash them down. He denies choking, coughing, hemoptysis, hematemesis, melena, weight loss, chest pain, or dyspnea. He has been taking metformin and norvasc as prescribed and reports good adherence and blood sugar control. ",
    "The patient is alert and oriented. His vital signs are stable. His neck is supple, without masses, lymphadenopathy, or thyroid enlargement. His oropharynx is normal, without erythema, exudates, or lesions. His chest is clear to auscultation bilaterally. His heart is regular, without murmurs, rubs, or gallops. His abdomen is soft and non-distended, with mild epigastric tenderness, but no organomegaly or masses. His back and extremities are normal. His neurological exam is intact. The patient had blood work done, including a hemoglobin A1c, which is pending. He also had a referral for ophthalmology and gastroenterology. ",
    "The patient has dysphagia, which is concerning for esophageal stricture, tumor, or reflux. He will be started on prilosec 20 mg daily and referred to GI for endoscopy. He will be instructed to chew his foods well and avoid hard or large items. He will be advised to seek urgent care if he develops severe or persistent symptoms. He will follow up in one month to review his blood work and adjust his diabetes and hypertension management if needed. He was given a refill for norvasc. "
  ],