{
  "rouge1": [
    0.6184971098265896,
    0.5336927223719676,
    0.7552447552447552,
    0.31081081081081074
  ],
  "rouge2": [
    0.2898550724637681,
    0.2601626016260163,
    0.524822695035461,
    0.06849315068493152
  ],
  "rougeL": [
    0.34393063583815026,
    0.33423180592991913,
    0.4615384615384615,
    0.21621621621621617
  ],
  "rougeLsum": [
    0.5520231213872832,
    0.4420485175202157,
    0.6853146853146853,
    0.21621621621621617
  ],
  "bertscore_precision": [
    0.7252880334854126,
    0.7472934722900391,
    0.7920804023742676,
    0.6421237587928772
  ],
  "bertscore_recall": [
    0.7031299471855164,
    0.6489558815956116,
    0.7591270804405212,
    0.6599838137626648
  ],
  "bertscore_f1": [
    0.7140371799468994,
    0.6946617364883423,
    0.7752537131309509,
    0.6509312987327576
  ],
  "bleurt": [
    0.37638211250305176,
    0.5034778714179993,
    0.5148310661315918,
    0.5450364351272583
  ],
  "pred_note": [
    "Possible clinical note  HISTORY OF PRESENT ILLNESS  The patient is a 58-year-old male who presents with chronic lumbar back pain for two years. He reports that the pain started after moving furniture one weekend and has not improved with physical therapy or pain medications. He describes the pain as a sharp stabbing sensation in his back that radiates to his right leg and toe. He also has numbness and tingling in his right leg and foot. He denies any weakness, loss of sensation, or bowel or bladder dysfunction. He has no history of trauma, infection, or spine surgery. He has gained weight due to reduced activity and has a history of smoking, which he quit 20 years ago. He has no family history of spine conditions. He enjoys playing golf but has been limited by his pain.  \nPHYSICAL EXAM\n  Vitals stable Musculoskeletal no erythema or ecchymosis of the skin, midline tenderness at L4-L5 disk space, right-sided lumbar paravertebral tenderness, pain with lumbar flexion, positive supine straight leg test on the right Neurological decreased sensation to light touch at the right lateral thigh (L4 dermatome), symmetrical patellar and achilles reflexes  \nRESULTS\n  MRI of the lumbar spine disk herniation with nerve impingement at L4-L5 level  \nASSESSMENT AND PLAN\n  The patient has chronic lumbar back pain with L4-L5 herniated disk and radiculopathy. The plan is to perform a spinal injection with corticosteroid under fluoroscopy to reduce the inflammation and pain. The patient agrees to the procedure and will be monitored for response and adverse effects. The patient will be advised to avoid heavy lifting, twisting, or bending and to maintain a healthy weight and exercise regimen. The patient will be scheduled for a follow-up visit in four weeks.",
    "The patient is a 58-year-old male who presents with chronic lumbar back pain for two years. He reports that the pain started after moving furniture one weekend and has not improved with physical therapy or pain medications. He describes the pain as a sharp stabbing sensation in his back that radiates to his right leg and toe. He also has numbness and tingling in his right leg and foot. He denies any weakness, loss of sensation, or bowel or bladder dysfunction. He has no history of trauma, infection, or spine surgery. He has gained weight due to reduced activity and has a history of smoking, which he quit 20 years ago. He has no family history of spine conditions. He enjoys playing golf but has been limited by his pain. ",
    "Vitals stable Musculoskeletal no erythema or ecchymosis of the skin, midline tenderness at L4-L5 disk space, right-sided lumbar paravertebral tenderness, pain with lumbar flexion, positive supine straight leg test on the right Neurological decreased sensation to light touch at the right lateral thigh (L4 dermatome), symmetrical patellar and achilles reflexes MRI of the lumbar spine disk herniation with nerve impingement at L4-L5 level ",
    "The patient has chronic lumbar back pain with L4-L5 herniated disk and radiculopathy. The plan is to perform a spinal injection with corticosteroid under fluoroscopy to reduce the inflammation and pain. The patient agrees to the procedure and will be monitored for response and adverse effects. The patient will be advised to avoid heavy lifting, twisting, or bending and to maintain a healthy weight and exercise regimen. The patient will be scheduled for a follow-up visit in four weeks. "
  ],