{
  "rouge1": [
    0.4639321074964639,
    0.29357798165137616,
    0.3888888888888889,
    0.48
  ],
  "rouge2": [
    0.1843971631205674,
    0.0747663551401869,
    0.19718309859154928,
    0.16548463356973994
  ],
  "rougeL": [
    0.2489391796322489,
    0.18348623853211007,
    0.2777777777777778,
    0.25411764705882356
  ],
  "rougeLsum": [
    0.4243281471004244,
    0.2018348623853211,
    0.3472222222222222,
    0.40941176470588236
  ],
  "bertscore_precision": [
    0.6225177049636841,
    0.5980565547943115,
    0.6228048205375671,
    0.6475170850753784
  ],
  "bertscore_recall": [
    0.6211588978767395,
    0.5377728939056396,
    0.6774711608886719,
    0.6058939099311829
  ],
  "bertscore_f1": [
    0.6218375563621521,
    0.5663149952888489,
    0.6489888429641724,
    0.6260143518447876
  ],
  "bleurt": [
    0.28673726320266724,
    0.4569937586784363,
    0.3113585412502289,
    0.5616356730461121
  ],
  "pred_note": [
    "Possible clinical note  HISTORY OF PRESENT ILLNESS  The patient is a 45-year-old female who presents for a follow-up visit after passing a kidney stone last week. She has a history of recurrent kidney stones, hypertension, and type 2 diabetes. She reports no pain, blood in urine, or other symptoms related to the kidney stone. She also reports taking her medications as prescribed for her hypertension and diabetes, but admits to having difficulty with her diet and sleep.  \nPHYSICAL EXAM\n  Vital signs BP 150/90, HR 80, RR 16, T 98.6 General Alert and oriented, no acute distress HEENT Normocephalic, atraumatic, pupils equal and reactive, oropharynx clear Neck Supple, no thyromegaly or lymphadenopathy Cardiovascular Regular rate and rhythm, grade 2/6 systolic ejection murmur at left sternal border, no rubs or gallops Respiratory Clear to auscultation bilaterally, no wheezes, rales, or rhonchi Abdomen Soft, non-tender, non-distended, no masses, no organomegaly, no CVA tenderness Extremities No edema, no cyanosis, no clubbing Neurologic Grossly intact, no focal deficits  \nRESULTS\n  Urinalysis Pending Urine culture Pending A1C 6.7 Lipid panel Pending  \nASSESSMENT AND PLAN\n  1. Kidney stone The patient passed a kidney stone last week and has no residual symptoms. She will be referred to urology for further evaluation and management of her recurrent kidney stones. She will also have a urinalysis and urine culture to rule out any infection or other abnormalities. 2. Hypertension The patient has a history of hypertension and is on amlodipine 2.5 mg daily. She reports good blood pressure control at home, but has elevated readings in the office. She will continue her current medication and monitor her blood pressure at home. She will also be referred to nutrition for dietary counseling and sodium restriction. 3. Diabetes The patient has a history of type 2 diabetes and is on metformin 500 mg daily. She reports poor adherence to blood glucose monitoring and has a high A1C. She will continue her current medication and start checking her blood glucose before each meal. She will also be referred to nutrition for dietary counseling and carbohydrate counting. 4. Insomnia The patient reports occasional insomnia and difficulty falling asleep. She admits to poor sleep hygiene and using electronic devices at night. She will be advised to practice good sleep hygiene and avoid caffeine and alcohol before bedtime. She will also be prescribed melatonin 10 mg as needed for sleep.",
    "The patient is a 45-year-old female who presents for a follow-up visit after passing a kidney stone last week. She has a history of recurrent kidney stones, hypertension, and type 2 diabetes. She reports no pain, blood in urine, or other symptoms related to the kidney stone. She also reports taking her medications as prescribed for her hypertension and diabetes, but admits to having difficulty with her diet and sleep. ",
    "Vital signs BP 150/90, HR 80, RR 16, T 98.6 General Alert and oriented, no acute distress HEENT Normocephalic, atraumatic, pupils equal and reactive, oropharynx clear Neck Supple, no thyromegaly or lymphadenopathy Cardiovascular Regular rate and rhythm, grade 2/6 systolic ejection murmur at left sternal border, no rubs or gallops Respiratory Clear to auscultation bilaterally, no wheezes, rales, or rhonchi Abdomen Soft, non-tender, non-distended, no masses, no organomegaly, no CVA tenderness Extremities No edema, no cyanosis, no clubbing Neurologic Grossly intact, no focal deficits Urinalysis Pending Urine culture Pending A1C 6.7 Lipid panel Pending ",
    "1. Kidney stone The patient passed a kidney stone last week and has no residual symptoms. She will be referred to urology for further evaluation and management of her recurrent kidney stones. She will also have a urinalysis and urine culture to rule out any infection or other abnormalities. 2. Hypertension The patient has a history of hypertension and is on amlodipine 2.5 mg daily. She reports good blood pressure control at home, but has elevated readings in the office. She will continue her current medication and monitor her blood pressure at home. She will also be referred to nutrition for dietary counseling and sodium restriction. 3. Diabetes The patient has a history of type 2 diabetes and is on metformin 500 mg daily. She reports poor adherence to blood glucose monitoring and has a high A1C. She will continue her current medication and start checking her blood glucose before each meal. She will also be referred to nutrition for dietary counseling and carbohydrate counting. 4. Insomnia The patient reports occasional insomnia and difficulty falling asleep. She admits to poor sleep hygiene and using electronic devices at night. She will be advised to practice good sleep hygiene and avoid caffeine and alcohol before bedtime. She will also be prescribed melatonin 10 mg as needed for sleep. "
  ],