{
  "rouge1": [
    0.5168539325842696,
    0.3753846153846154,
    0.37037037037037035,
    0.42231075697211157
  ],
  "rouge2": [
    0.19154929577464788,
    0.13622291021671826,
    0.20754716981132076,
    0.15261044176706826
  ],
  "rougeL": [
    0.25561797752808985,
    0.19692307692307695,
    0.31481481481481477,
    0.25498007968127495
  ],
  "rougeLsum": [
    0.4325842696629214,
    0.24000000000000002,
    0.31481481481481477,
    0.25498007968127495
  ],
  "bertscore_precision": [
    0.6709824800491333,
    0.6997294425964355,
    0.6695846319198608,
    0.6987487077713013
  ],
  "bertscore_recall": [
    0.6427388787269592,
    0.5639855861663818,
    0.704931378364563,
    0.6960329413414001
  ],
  "bertscore_f1": [
    0.656557023525238,
    0.6245669722557068,
    0.6868035197257996,
    0.697388231754303
  ],
  "bleurt": [
    0.3391907513141632,
    0.4641476273536682,
    0.6105139255523682,
    0.5944662094116211
  ],
  "pred_note": [
    "Possible clinical note  HISTORY OF PRESENT ILLNESS  The patient is a 32-year-old male who presents with neck pain following multiple car crashes, the most recent one in February of this year. He reports severe, sharp, incapacitating pain that radiates to his left arm and right leg, as well as headaches, dizziness, numbness, and spasms. He has a history of neck surgery and fentanyl use, but has not had a prescription for several weeks. He is under the care of a therapist, a lawyer, and another provider named Pamela.  \nPHYSICAL EXAM\n  The patient has pain on palpation of the cervical spine, both on the bony process and on the muscle. He has limited range of motion in all directions, especially flexion and extension. He has no bruising, swelling, or laceration visible. He appears fatigued and distressed.  \nRESULTS\n  The patient had an x-ray of the cervical spine, which showed no fracture. He is scheduled for an MRI to rule out any soft tissue injury or other pathology.  \nASSESSMENT AND PLAN\n  The patient is diagnosed with a neck sprain, possibly complicated by previous trauma and opioid dependence. He is prescribed robaxin 1500 mg every 6 to 8 hours for muscle relaxation and pain relief. He is advised to apply ice and heat as needed, and to perform gentle neck exercises daily. He is referred to physical therapy and pain medicine for further evaluation and possible local injections. He is given a work excuse until the MRI results are available. He is instructed to follow up with the provider after the MRI, and to contact the office if his pain worsens or he develops any new symptoms. He is also encouraged to continue his therapy and legal consultations.",
    "The patient is a 32-year-old male who presents with neck pain following multiple car crashes, the most recent one in February of this year. He reports severe, sharp, incapacitating pain that radiates to his left arm and right leg, as well as headaches, dizziness, numbness, and spasms. He has a history of neck surgery and fentanyl use, but has not had a prescription for several weeks. He is under the care of a therapist, a lawyer, and another provider named Pamela. ",
    "The patient has pain on palpation of the cervical spine, both on the bony process and on the muscle. He has limited range of motion in all directions, especially flexion and extension. He has no bruising, swelling, or laceration visible. He appears fatigued and distressed. The patient had an x-ray of the cervical spine, which showed no fracture. He is scheduled for an MRI to rule out any soft tissue injury or other pathology. ",
    "The patient is diagnosed with a neck sprain, possibly complicated by previous trauma and opioid dependence. He is prescribed robaxin 1500 mg every 6 to 8 hours for muscle relaxation and pain relief. He is advised to apply ice and heat as needed, and to perform gentle neck exercises daily. He is referred to physical therapy and pain medicine for further evaluation and possible local injections. He is given a work excuse until the MRI results are available. He is instructed to follow up with the provider after the MRI, and to contact the office if his pain worsens or he develops any new symptoms. He is also encouraged to continue his therapy and legal consultations. "
  ],