{
  "rouge1": [
    0.3972445464982779,
    0.2985781990521327,
    0.5544554455445545,
    0.35
  ],
  "rouge2": [
    0.1956271576524741,
    0.16666666666666669,
    0.2828282828282828,
    0.14465408805031446
  ],
  "rougeL": [
    0.2801377726750861,
    0.21800947867298578,
    0.45544554455445546,
    0.275
  ],
  "rougeLsum": [
    0.3788748564867967,
    0.27014218009478674,
    0.495049504950495,
    0.33125
  ],
  "bertscore_precision": [
    0.6253015398979187,
    0.7166996002197266,
    0.761890172958374,
    0.7142170667648315
  ],
  "bertscore_recall": [
    0.5902833938598633,
    0.5168856382369995,
    0.6907093524932861,
    0.5639440417289734
  ],
  "bertscore_f1": [
    0.6072880029678345,
    0.6006098389625549,
    0.7245557308197021,
    0.6302467584609985
  ],
  "bleurt": [
    0.3854493200778961,
    0.3815680742263794,
    0.4719390273094177,
    0.46742427349090576
  ],
  "pred_note": [
    "Possible clinical note  HISTORY OF PRESENT ILLNESS  The patient is a 59-year-old male with a past medical history of depression, type two diabetes, and hypertension who presents today with an upper respiratory infection. He reports feeling tired, short of breath, and having joint pain after doing some yard work in the last week. He denies any history of seasonal allergies or covid exposure. He has received both doses of the covid vaccine. He has no fever, cough, or other symptoms.  \nPHYSICAL EXAM\n  Vital signs are normal. Heart sounds are regular and strong. Lungs have scattered ronchi bilaterally that clear with cough. There is some edema of the lower extremities and pain to palpation of the elbows bilaterally.  \nRESULTS\n  Chest x-ray is normal. Hemoglobin A1c is elevated at 8. Covid test is pending.  \nASSESSMENT AND PLAN\n  - Upper respiratory infection Likely viral syndrome. Will send covid test. Prescribe robitussin for cough and advise ibuprofen or tylenol for fever. Expect improvement in a few days. - Depression Stable. No medication or psychotherapy at this time. Will reassess in four months. - Type two diabetes Suboptimal control. Increase metformin to 1000 mg twice daily. Order hemoglobin A1c in four months. - Hypertension Well controlled. Continue lisinopril 20 mg daily. Order lipid panel. Refill lisinopril. - Follow up in four months. Call if symptoms worsen.",
    "The patient is a 59-year-old male with a past medical history of depression, type two diabetes, and hypertension who presents today with an upper respiratory infection. He reports feeling tired, short of breath, and having joint pain after doing some yard work in the last week. He denies any history of seasonal allergies or covid exposure. He has received both doses of the covid vaccine. He has no fever, cough, or other symptoms. ",
    "Vital signs are normal. Heart sounds are regular and strong. Lungs have scattered ronchi bilaterally that clear with cough. There is some edema of the lower extremities and pain to palpation of the elbows bilaterally. Chest x-ray is normal. Hemoglobin A1c is elevated at 8. Covid test is pending. ",
    "- Upper respiratory infection Likely viral syndrome. Will send covid test. Prescribe robitussin for cough and advise ibuprofen or tylenol for fever. Expect improvement in a few days. - Depression Stable. No medication or psychotherapy at this time. Will reassess in four months. - Type two diabetes Suboptimal control. Increase metformin to 1000 mg twice daily. Order hemoglobin A1c in four months. - Hypertension Well controlled. Continue lisinopril 20 mg daily. Order lipid panel. Refill lisinopril. - Follow up in four months. Call if symptoms worsen. "
  ],
  "gt_note": [
    "CHIEF COMPLAINT\n\nUpper respiratory infection.\n\nHISTORY OF PRESENT ILLNESS\n\nAndrew Campbell is a 59-year-old male with a past medical history significant for depression, type 2 diabetes, and hypertension. He presents today with an upper respiratory infection.\n\nThe patient reports that he has been doing a bit of work out in the yard in the last week or so. He started to feel really tired and short of breath. The patient denies coughing up anything, but he feels like he will soon be coughing up phlegm. He denies having a fever, but he felt a little warm. He attributed this to exerting himself. He reports that his elbows hurt quite a bit. He notes his knees were pretty tired and he felt some tension around his knees. The patient attributes these symptoms to lifting heavy bags. He has not been wearing a mask as much recently. He believes that he caught his first cold and his symptoms have worsened. He has had both of his COVID vaccinations.\n\nHe denies any history of seasonal allergies.\n\nRegarding his depression, he states it has been a crazy year and a half. He was a little concerned about that, but for the most part, he has been doing well with it. His wife got him into barre classes and this has been relaxing.\n\nRegarding his diabetes, he has been monitoring his sugar levels while he is at work, but is not as consistent on Saturdays and Sundays. His diet has been pretty good for the most part, except for some house parties. They have not been elevated since his respiratory symptoms began.\n\nThe patient has been monitoring his blood pressure at home. He reports that he is very regular with monitoring his blood pressure during the week, though less consistently on weekends. He reports his blood pressure has been under control. He has continued to utilize lisinopril 20 mg, daily.\n\nThe patient denies nausea, vomiting, diarrhea.\n\nREVIEW OF SYSTEMS\n\n\u2022 Constitutional: Denies fever.\n\u2022 Cardiovascular: Endorses dyspnea on exertion.\n\u2022 Respiratory: Endorses shortness of breath and cough.\n\u2022 Gastrointestinal: Denies nausea or diarrhea.\n\u2022 Musculoskeletal: Endorses bilateral elbow and knee pain.\n\u2022 Psychiatric: Endorses depression.\n\nPHYSICAL EXAMINATION\n\n\u2022 Respiratory: Scattered rhonchi bilaterally, clears with cough.\n\u2022 Cardiovascular: No murmurs, gallops, or rubs. No extra heart sounds.\n\u2022 Musculoskeletal: Edema in the bilateral lower extremities. Pain to palpation of the bilateral elbows.\n\nRESULTS\n\nX-ray of the chest is unremarkable. No airspace disease. No signs of pneumonia.\n\nHemoglobin A1c is elevated at 8.\n\nASSESSMENT AND PLAN\n\nAndrew Campbell is a 59-year-old male with a past medical history significant for depression, type 2 diabetes, and hypertension. He presents today with an upper respiratory infection.\n\nUpper respiratory infection.\n\u2022 Medical Reasoning: I believe he has contracted a viral syndrome. His chest x-ray was unremarkable and he has received both doses of the COVID-19 vaccination.\n\u2022 Additional Testing: We will obtain a COVID-19 test to rule this out.\n\u2022 Medical Treatment: I recommend he use Robitussin for cough, as well as ibuprofen or Tylenol if he develops a fever.\n\nDepression.\n\u2022 Medical Reasoning: He has been practicing barre classes and is doing well overall.\n\u2022 Medical Treatment: I offered medication or psychotherapy, but the patient opted to defer at this time.\n\nDiabetes type 2.\n\u2022 Medical Reasoning: His blood glucose levels have been well controlled based on home monitoring, but his recent hemoglobin A1c was elevated.\n\u2022 Additional Testing: We will repeat a hemoglobin A1c in 4 months.\n\u2022 Medical Treatment: We will increase his metformin to 1000 mg twice daily.\n\nHypertension.\n\u2022 Medical Reasoning: He has been compliant with lisinopril and his blood pressures have been well controlled based on home monitoring.\n\u2022 Additional Testing: We will order a lipid panel.\n\u2022 Medical Treatment: He will continue on lisinopril 20 mg once daily. This was refilled today.\n\nFollow up: I would like to see him back in approximately 4 months.\n\nPatient Agreements: The patient understands and agrees with the recommended medical treatment plan.",
