{
  "rouge1": [
    0.613664596273292,
    0.593103448275862,
    0.8920863309352518,
    0.4022988505747127
  ],
  "rouge2": [
    0.3511830635118306,
    0.3333333333333333,
    0.8321167883211679,
    0.13294797687861273
  ],
  "rougeL": [
    0.4322981366459627,
    0.4,
    0.8920863309352518,
    0.264367816091954
  ],
  "rougeLsum": [
    0.5714285714285714,
    0.4758620689655172,
    0.8920863309352518,
    0.3103448275862069
  ],
  "bertscore_precision": [
    0.7506325244903564,
    0.8364660739898682,
    0.8783245086669922,
    0.684335470199585
  ],
  "bertscore_recall": [
    0.7137352228164673,
    0.7182667255401611,
    0.9063639044761658,
    0.5512095093727112
  ],
  "bertscore_f1": [
    0.7317190766334534,
    0.7728733420372009,
    0.8921238780021667,
    0.6106005907058716
  ],
  "bleurt": [
    0.4075661301612854,
    0.5622190237045288,
    0.7218919396400452,
    0.49491339921951294
  ],
  "pred_note": [
    "Possible clinical note  HISTORY OF PRESENT ILLNESS Kayla Ward, a 13-year-old female, presents with her mother for a new visit for acne located on the face, which started about two years ago and is present most every day. She has been using persa-gel and washing regularly, which is somewhat helpful. There are no associated symptoms including itching, bleeding, or pain. No additional past medical history. She lives with her parents and sister. They have a dog, bird, and bunnies. She is in 7th grade. She plays basketball and volleyball and tap. She wears sunscreen in the summer, SPF 30. No additional family history.  \nPHYSICAL EXAM\n Full exam is performed today, except for under the underwear and under the bra. Multiple benign nevi on the trunk and extremities. Scattered skin colored papules. Open and closed comedones. And erythematous papules on the face, primarily on the forehead and with also some on the central cheeks and chin. The chest and back are relatively spared. And the remainder of the examination is normal.  \nRESULTS\n No laboratory or imaging tests were ordered or performed.  \nASSESSMENT AND PLAN\n The patient has mild to moderate acne, mostly comedonal with small inflammatory component. The plan is to start with a topical therapy consisting of a mild cleanser, a noncomedogenic moisturizer with sunscreen, adapalene 0.1% cream, and persa-gel. The patient is instructed to use the adapalene a few nights a week and gradually increase to every night, and to wear sunscreen when outside. The patient is also counseled on the benign nature of her moles and the importance of regular skin checks. The patient will follow up in six months or sooner if needed. No questions or concerns were expressed by the patient or her mother.",
    "Kayla Ward, a 13-year-old female, presents with her mother for a new visit for acne located on the face, which started about two years ago and is present most every day. She has been using persa-gel and washing regularly, which is somewhat helpful. There are no associated symptoms including itching, bleeding, or pain. No additional past medical history. She lives with her parents and sister. They have a dog, bird, and bunnies. She is in 7th grade. She plays basketball and volleyball and tap. She wears sunscreen in the summer, SPF 30. No additional family history. ",
    "Full exam is performed today, except for under the underwear and under the bra. Multiple benign nevi on the trunk and extremities. Scattered skin colored papules. Open and closed comedones. And erythematous papules on the face, primarily on the forehead and with also some on the central cheeks and chin. The chest and back are relatively spared. And the remainder of the examination is normal. No laboratory or imaging tests were ordered or performed. ",
    "The patient has mild to moderate acne, mostly comedonal with small inflammatory component. The plan is to start with a topical therapy consisting of a mild cleanser, a noncomedogenic moisturizer with sunscreen, adapalene 0.1% cream, and persa-gel. The patient is instructed to use the adapalene a few nights a week and gradually increase to every night, and to wear sunscreen when outside. The patient is also counseled on the benign nature of her moles and the importance of regular skin checks. The patient will follow up in six months or sooner if needed. No questions or concerns were expressed by the patient or her mother. "
  ],