{
  "rouge1": [
    0.5020661157024793,
    0.5106382978723404,
    0.5892857142857142,
    0.3361344537815126
  ],
  "rouge2": [
    0.2298136645962733,
    0.27350427350427353,
    0.2909090909090909,
    0.10140845070422534
  ],
  "rougeL": [
    0.3078512396694215,
    0.3404255319148936,
    0.375,
    0.2184873949579832
  ],
  "rougeLsum": [
    0.4338842975206612,
    0.4085106382978723,
    0.46428571428571425,
    0.25210084033613445
  ],
  "bertscore_precision": [
    0.6526463031768799,
    0.7652181386947632,
    0.7459405660629272,
    0.6604346632957458
  ],
  "bertscore_recall": [
    0.6555859446525574,
    0.6308422684669495,
    0.7353169918060303,
    0.5349419713020325
  ],
  "bertscore_f1": [
    0.6541128158569336,
    0.691563069820404,
    0.7405907511711121,
    0.5911011099815369
  ],
  "bleurt": [
    0.41471952199935913,
    0.5135980248451233,
    0.5041953921318054,
    0.3888077735900879
  ],
  "pred_note": [
    "A possible clinical note is  HISTORY OF PRESENT ILLNESS Lawrence is a 62-year-old male with a past medical history significant for type I diabetes, congestive heart failure, depression, and reflux, who presents with complaints of shortness of breath for 10 days. He attributes his symptoms to dietary indiscretion, especially salty foods. He reports feeling lethargic and swollen in his legs. He has difficulty lying flat in bed and woke up acutely short of breath once a week ago. He denies chest pain, fever, chills, cough, or abdominal pain. He is on an insulin pump and monitors his blood sugars regularly, except on weekends. He has a history of chocolate bar consumption. He has tried natural solutions for his depression, such as stretching outdoors, but has not been consistent. He is not interested in medications for his depression. He is on omeprazole for his reflux and has cut back on his red bull, caffeine, and alcohol intake.  \nPHYSICAL EXAM\n Vital signs are stable and pulse oximetry is normal. Neck exam reveals no jugular venous distension or carotid bruits. Heart exam reveals a 3/6 systolic ejection murmur. Lung exam reveals bilateral crackles at the bases. Lower extremity exam reveals 1+ pitting edema.  \nRESULTS\n Chest x-ray shows no evidence of airspace disease. Labs show no leukocytosis or anemia. Hemoglobin A1c is pending.  \nASSESSMENT AND PLAN\n  - Acute heart failure exacerbation Start lasix 40 mg daily, monitor weight daily, call if weight is not decreasing or increasing, or if shortness of breath worsens. Advise to avoid salty foods and fluids. Refer to cardiology for further evaluation and management. - Type I diabetes Order hemoglobin A1c in one month, follow up with endocrinology, ensure eye exam is up to date. Educate on the importance of blood sugar monitoring and insulin adjustment. - Depression Refer to psychiatry for talk therapy, no medications at this time. Encourage exercise and social support. - Reflux Continue omeprazole 20 mg daily, avoid triggers such as red bull, caffeine, and alcohol.",
    "Lawrence is a 62-year-old male with a past medical history significant for type I diabetes, congestive heart failure, depression, and reflux, who presents with complaints of shortness of breath for 10 days. He attributes his symptoms to dietary indiscretion, especially salty foods. He reports feeling lethargic and swollen in his legs. He has difficulty lying flat in bed and woke up acutely short of breath once a week ago. He denies chest pain, fever, chills, cough, or abdominal pain. He is on an insulin pump and monitors his blood sugars regularly, except on weekends. He has a history of chocolate bar consumption. He has tried natural solutions for his depression, such as stretching outdoors, but has not been consistent. He is not interested in medications for his depression. He is on omeprazole for his reflux and has cut back on his red bull, caffeine, and alcohol intake. ",
    "Vital signs are stable and pulse oximetry is normal. Neck exam reveals no jugular venous distension or carotid bruits. Heart exam reveals a 3/6 systolic ejection murmur. Lung exam reveals bilateral crackles at the bases. Lower extremity exam reveals 1+ pitting edema. Chest x-ray shows no evidence of airspace disease. Labs show no leukocytosis or anemia. Hemoglobin A1c is pending. ",
    "- Acute heart failure exacerbation Start lasix 40 mg daily, monitor weight daily, call if weight is not decreasing or increasing, or if shortness of breath worsens. Advise to avoid salty foods and fluids. Refer to cardiology for further evaluation and management. - Type I diabetes Order hemoglobin A1c in one month, follow up with endocrinology, ensure eye exam is up to date. Educate on the importance of blood sugar monitoring and insulin adjustment. - Depression Refer to psychiatry for talk therapy, no medications at this time. Encourage exercise and social support. - Reflux Continue omeprazole 20 mg daily, avoid triggers such as red bull, caffeine, and alcohol. "
  ],