{
  "rouge1": [
    0.399228543876567,
    0.2920634920634921,
    0.5116279069767442,
    0.23703703703703705
  ],
  "rouge2": [
    0.17198067632850242,
    0.06389776357827476,
    0.31496062992125984,
    0.06691449814126393
  ],
  "rougeL": [
    0.21407907425265188,
    0.16507936507936508,
    0.4496124031007752,
    0.12962962962962965
  ],
  "rougeLsum": [
    0.36451301832208294,
    0.21587301587301588,
    0.4496124031007752,
    0.19629629629629627
  ],
  "bertscore_precision": [
    0.6580216288566589,
    0.7380128502845764,
    0.6625419855117798,
    0.6812065839767456
  ],
  "bertscore_recall": [
    0.630785346031189,
    0.5461760759353638,
    0.6643936038017273,
    0.5351458191871643
  ],
  "bertscore_f1": [
    0.6441157460212708,
    0.6277657747268677,
    0.6634665131568909,
    0.5994066596031189
  ],
  "bleurt": [
    0.39817124605178833,
    0.41678857803344727,
    0.5185398459434509,
    0.43060529232025146
  ],
  "pred_note": [
    "Possible summary  Clinical note for Diana Scott, a 100-year-old female with a new worrisome heart murmur, referred by her PCP.  HISTORY OF PRESENT ILLNESS Diana has no chest pain or dyspnea, but she has severe bilateral leg pain for a month, which limits her mobility. She also has occasional lightheadedness and dizziness, for which she takes meclizine. She has lost 10 pounds over a year. She has a family history of heart problems. She denies any fever, chills, syncope, or palpitations.  \nPHYSICAL EXAM\n She is elderly but not in acute distress. She has a 4/6 systolic murmur at the right upper sternal border with mild radiation to the carotids. Her S2 is preserved. Her gait is normal for age. The rest of the exam is unremarkable.  \nRESULTS\n Her EKG shows sinus rhythm with frequent PVCs and an anterior septal infarct pattern. Her blood pressure is well controlled on amlodipine and lisinopril. Her lipid profile is managed by her PCP on simvastatin.  \nASSESSMENT AND PLAN\n The most likely diagnosis is aortic stenosis, which could explain her symptoms and murmur. She will undergo an echocardiogram today to assess the severity and the valve morphology. Depending on the results, she may need further evaluation for ischemia, PVC burden, or TAVR candidacy. She will follow up in three to four weeks to discuss the next steps. She may be able to stop her statin if her PCP agrees. She will continue her levothyroxine for her hypothyroidism.",
    "Diana has no chest pain or dyspnea, but she has severe bilateral leg pain for a month, which limits her mobility. She also has occasional lightheadedness and dizziness, for which she takes meclizine. She has lost 10 pounds over a year. She has a family history of heart problems. She denies any fever, chills, syncope, or palpitations. ",
    "She is elderly but not in acute distress. She has a 4/6 systolic murmur at the right upper sternal border with mild radiation to the carotids. Her S2 is preserved. Her gait is normal for age. The rest of the exam is unremarkable. Her EKG shows sinus rhythm with frequent PVCs and an anterior septal infarct pattern. Her blood pressure is well controlled on amlodipine and lisinopril. Her lipid profile is managed by her PCP on simvastatin. ",
    "The most likely diagnosis is aortic stenosis, which could explain her symptoms and murmur. She will undergo an echocardiogram today to assess the severity and the valve morphology. Depending on the results, she may need further evaluation for ischemia, PVC burden, or TAVR candidacy. She will follow up in three to four weeks to discuss the next steps. She may be able to stop her statin if her PCP agrees. She will continue her levothyroxine for her hypothyroidism. "
  ],
  "gt_note": [
    "CHIEF COMPLAINT\n\nHeart murmur.\n\nHISTORY OF PRESENT ILLNESS\n\nDiana Scott is a 100-year-old female who presents today for evaluation of a heart murmur.\n\nMs. Scott has been recently diagnosed with a \u201cnew, worrisome\u201d heart murmur. She denies chest pain, syncope, palpitations, fevers, or chills. She reports shortness of breath if she walks too fast, too long, or tries to drink a whole glass of water without stopping. The patient requires a walker and can walk around her cul-de-sac or to the end of the driveway without shortness of breath. Compared to 6 months ago, her functioning has declined 20-30%. Prior to 6 months, symptoms were absent. For the past month she has been experiencing severe, bilateral leg pain, which was limiting her mobility. She did see her doctor last week who completed a chest x-ray and prescribed pain medicine. Occasionally, she feels dizzy but takes medication for this and it subsides. Her ankles have been swelling for the past 6 months, but the swelling fluctuates day to day. Her weight has been slowly decreasing over the past year, with her current weight at 120 pounds, previous weight was 130 pounds. She also reports feeling \u201coverly tired\u201d but attributes this to her polypharmacy.\n\nThe patient is unsure if she has completed any cardiovascular testing.\n\nPAST HISTORY\n\nMedical\nHyperlipidemia.\nHypertension.\nHypothyroid.\n\nSOCIAL HISTORY\n\nRequires a walker to ambulate.\n\nFAMILY HISTORY\n\nSon had a myocardial infarction.\nBrother had a stroke and has diabetes.\nOlder sister has an unknown heart problem.\nFamily is positive for heart disease.\n\nCURRENT MEDICATIONS\n\nLevothyroxine.\nLisinopril.\nSimvastatin 20 mg.\nMeclizine.\nAmlodipine.\n\nALLERGIES\n\nNo known drug allergies.\n\nPHYSICAL EXAM\n\nConstitutional\nElderly, no acute distress.\n\nCardiovascular\nNormal S1, S2 preserved, irregular rhythm and normal rate. 4/6 systolic murmur at the RUSB with mild radiation to the carotids.\n\nMusculoskeletal\nLower extremity edema\n\nNeurologic\nGait normal for age.\n\nRESULTS\n\nEKG\nImpression: Sinus rhythm with frequent PVCs as well as anterior septal infarct pattern.\n\nASSESSMENT\n\n\u2022 Cardiac murmur.\n\u2022 PVCs.\n\u2022 Hypertension.\n\u2022 Hyperlipidemia.\n\u2022 Hypothyroid.\n\u2022 Lightheadedness/dizziness.\n\nPLAN\n\nCardiac murmur\nDiana has a 4/6 systolic murmur at the RUSB with mild radiation to the carotids. This is most likely representative of aortic stenosis. She does have symptoms including a significant increase in fatigue over the last 6 months, shortness of breath, and some lightheadedness. This could be due to severe aortic stenosis, however, her S2 is relatively preserved which would be more consistent with moderate. She is unsure if she has had an echocardiogram, although some of her outside records do note diastolic dysfunction, so it is possible that she had one as some point in the past. We will order a repeat echocardiogram today to assess overall cardiac structure and function as well as valvular disease. If she does truly have severe aortic stenosis, I briefly discussed a TAVR procedure today as she is not a candidate for a surgical AVR given her age co-morbidities and frailty. She is unsure if she would be interested in this, but we will assess first with the echocardiogram and then discuss further at follow-up. She does not appear significantly volume overloaded today.\n\nPVCs\nHer referral mentions tachycardia. Her EKG today shows sinus rhythm with frequent PVCs as well as anterior septal infarct pattern. She does not have any significant palpitations. We will check an echocardiogram to assess overall cardiac structure and function. Depending on results as well as the severity of her aortic stenosis, we will need to consider an ischemic evaluation or possibly a heart monitor to assess the overall burden of PVCs. At this point, she is asymptomatic, so we will start with the echocardiogram only.\n\nHypertension\nShe is taking amlodipine and lisinopril. We will continue these as is.\n\nHyperlipidemia\nThis is managed by her PCP. She is on simvastatin 20 mg. She is having bilateral leg pain over the past month. This could be related to the simvastatin possibly and given her age, it would not be 