{
  "rouge1": [
    0.610917537746806,
    0.638961038961039,
    0.45679012345679004,
    0.44055944055944063
  ],
  "rouge2": [
    0.3515715948777649,
    0.402088772845953,
    0.2625,
    0.23943661971830987
  ],
  "rougeL": [
    0.39488966318234614,
    0.4675324675324676,
    0.32098765432098764,
    0.3146853146853147
  ],
  "rougeLsum": [
    0.5876887340301974,
    0.5558441558441558,
    0.3950617283950617,
    0.4335664335664336
  ],
  "bertscore_precision": [
    0.6915650963783264,
    0.7651703357696533,
    0.6432006359100342,
    0.7202621102333069
  ],
  "bertscore_recall": [
    0.6917348504066467,
    0.6660544872283936,
    0.6841222047805786,
    0.5815150141716003
  ],
  "bertscore_f1": [
    0.6916499733924866,
    0.7121804356575012,
    0.6630306243896484,
    0.6434945464134216
  ],
  "bleurt": [
    0.4343189001083374,
    0.5526297688484192,
    0.477980375289917,
    0.4826800227165222
  ],
  "pred_note": [
    "Possible clinical note  HISTORY OF PRESENT ILLNESS The patient is a 52-year-old female with a past medical history significant for rheumatoid arthritis, atrial fibrillation, and reflux who presents today for her annual exam. She reports that she has been walking, exercising, and doing yoga, which has helped with her arthritis symptoms. She denies any joint pain, stiffness, or flare ups over the last year. She is taking methotrexate once a week and has no issues with it. She also reports that she has been having palpitations, especially when stressed, and had the last episode a week ago. She had an event monitor done last month, which showed intermittent a-fib with conversion pauses. She also reports that she has cut out soda and has been taking protonix for her reflux, which has improved her symptoms. She has no chest pain, shortness of breath, nausea, or vomiting. She has nasal congestion due to allergies.  \nPHYSICAL EXAM\n On physical examination, the patient is alert and oriented. Her vital signs are blood pressure 120/80 mmHg, pulse 72 beats per minute, respiratory rate 16 breaths per minute, temperature 98.6 degrees Fahrenheit, and oxygen saturation 98% on room air. Her heart examination reveals a 2/6 systolic ejection murmur, but she is in normal sinus rhythm. Her lungs are clear to auscultation. She has edema and erythema of the right elbow with pain to palpation. She has no lower extremity edema.  \nRESULTS\n The event monitor shows episodes of a-fib with conversion pauses. The autoimmune panel shows normal levels of rheumatoid factor, anti-CCP, and ESR.  \nASSESSMENT AND PLAN\n The patient has three problems rheumatoid arthritis, atrial fibrillation, and reflux. For her rheumatoid arthritis, she will continue on methotrexate 2.5 mg once weekly and will be referred to rheumatology if needed. She will also get a refill of the medication. For her atrial fibrillation, she will be referred to cardiology for a cardiac ablation to restore normal sinus rhythm. For her reflux, she will continue on protonix 40 mg daily and will avoid triggers. She will follow up as needed and will call if she has any concerns.",
    "The patient is a 52-year-old female with a past medical history significant for rheumatoid arthritis, atrial fibrillation, and reflux who presents today for her annual exam. She reports that she has been walking, exercising, and doing yoga, which has helped with her arthritis symptoms. She denies any joint pain, stiffness, or flare ups over the last year. She is taking methotrexate once a week and has no issues with it. She also reports that she has been having palpitations, especially when stressed, and had the last episode a week ago. She had an event monitor done last month, which showed intermittent a-fib with conversion pauses. She also reports that she has cut out soda and has been taking protonix for her reflux, which has improved her symptoms. She has no chest pain, shortness of breath, nausea, or vomiting. She has nasal congestion due to allergies. ",
    "On physical examination, the patient is alert and oriented. Her vital signs are blood pressure 120/80 mmHg, pulse 72 beats per minute, respiratory rate 16 breaths per minute, temperature 98.6 degrees Fahrenheit, and oxygen saturation 98% on room air. Her heart examination reveals a 2/6 systolic ejection murmur, but she is in normal sinus rhythm. Her lungs are clear to auscultation. She has edema and erythema of the right elbow with pain to palpation. She has no lower extremity edema. The event monitor shows episodes of a-fib with conversion pauses. The autoimmune panel shows normal levels of rheumatoid factor, anti-CCP, and ESR. ",
    "The patient has three problems rheumatoid arthritis, atrial fibrillation, and reflux. For her rheumatoid arthritis, she will continue on methotrexate 2.5 mg once weekly and will be referred to rheumatology if needed. She will also get a refill of the medication. For her atrial fibrillation, she will be referred to cardiology for a cardiac ablation to restore normal sinus rhythm. For her reflux, she will continue on protonix 40 mg daily and will avoid triggers. She will follow up as needed and will call if she has any concerns. "
  ],