{
  "rouge1": [
    0.5367847411444142,
    0.4880952380952381,
    0.512396694214876,
    0.43373493975903615
  ],
  "rouge2": [
    0.25136612021857924,
    0.2574850299401198,
    0.3025210084033613,
    0.15384615384615385
  ],
  "rougeL": [
    0.3188010899182562,
    0.32142857142857145,
    0.4132231404958678,
    0.2329317269076305
  ],
  "rougeLsum": [
    0.4659400544959128,
    0.36904761904761907,
    0.4462809917355372,
    0.3534136546184739
  ],
  "bertscore_precision": [
    0.6852192282676697,
    0.761879563331604,
    0.709574818611145,
    0.717629075050354
  ],
  "bertscore_recall": [
    0.6595572829246521,
    0.6443722248077393,
    0.7347809076309204,
    0.5844751596450806
  ],
  "bertscore_f1": [
    0.6721433997154236,
    0.698216438293457,
    0.7219579219818115,
    0.6442438960075378
  ],
  "bleurt": [
    0.40202343463897705,
    0.5352099537849426,
    0.4935057759284973,
    0.5138591527938843
  ],
  "pred_note": [
    "Possible clinical note  HISTORY OF PRESENT ILLNESS The patient is a 34-year-old female with a history of hypertension, who presents with back pain for six days. She reports walking for 30 minutes to an hour daily and lifting weights three times a week. She denies any trauma or injury prior to the onset of the pain. She describes the pain as a spasm in the lower back, affecting both sides equally. She has been taking ibuprofen and applying heat, but with minimal relief. She denies any numbness, tingling, or weakness in the lower extremities. She has been monitoring her blood pressure at home and following a low-salt diet. She has seasonal allergies, but no other symptoms.  \nPHYSICAL EXAM\n Vital signs are stable and within normal limits. Heart exam reveals a 2/6 systolic ejection murmur, unchanged from previous visits. Lung exam is clear. Abdomen is soft and non-tender. Back exam shows tenderness on the right lateral aspect of the lumbar spine, and pain with flexion and extension. Straight leg raise is negative bilaterally. Neurological exam is normal.  \nRESULTS\n Lumbar spine x-ray shows no fracture or malalignment. CBC, CMP, and urinalysis are normal.  \nASSESSMENT AND PLAN\n The patient has a lumbar strain, likely related to her physical activity. She is prescribed meloxicam 15 mg once daily, and advised to ice and heat the area as needed. She is referred to physical therapy for strengthening exercises. She is also diagnosed with hypertension, well controlled on lisinopril 10 mg daily. She is given a refill of the medication and instructed to continue monitoring her blood pressure and following a low-salt diet. She is advised to follow up as needed.",
    "The patient is a 34-year-old female with a history of hypertension, who presents with back pain for six days. She reports walking for 30 minutes to an hour daily and lifting weights three times a week. She denies any trauma or injury prior to the onset of the pain. She describes the pain as a spasm in the lower back, affecting both sides equally. She has been taking ibuprofen and applying heat, but with minimal relief. She denies any numbness, tingling, or weakness in the lower extremities. She has been monitoring her blood pressure at home and following a low-salt diet. She has seasonal allergies, but no other symptoms. ",
    "Vital signs are stable and within normal limits. Heart exam reveals a 2/6 systolic ejection murmur, unchanged from previous visits. Lung exam is clear. Abdomen is soft and non-tender. Back exam shows tenderness on the right lateral aspect of the lumbar spine, and pain with flexion and extension. Straight leg raise is negative bilaterally. Neurological exam is normal. Lumbar spine x-ray shows no fracture or malalignment. CBC, CMP, and urinalysis are normal. ",
    "The patient has a lumbar strain, likely related to her physical activity. She is prescribed meloxicam 15 mg once daily, and advised to ice and heat the area as needed. She is referred to physical therapy for strengthening exercises. She is also diagnosed with hypertension, well controlled on lisinopril 10 mg daily. She is given a refill of the medication and instructed to continue monitoring her blood pressure and following a low-salt diet. She is advised to follow up as needed. "
  ],