{
  "rouge1": [
    0.47469066366704155,
    0.5318681318681319,
    0.4954128440366973,
    0.22222222222222224
  ],
  "rouge2": [
    0.27733934611048483,
    0.3487858719646799,
    0.2990654205607477,
    0.08813559322033898
  ],
  "rougeL": [
    0.2924634420697413,
    0.33406593406593404,
    0.42201834862385323,
    0.14814814814814814
  ],
  "rougeLsum": [
    0.4431946006749156,
    0.43516483516483523,
    0.47706422018348627,
    0.19528619528619529
  ],
  "bertscore_precision": [
    0.6845694184303284,
    0.7707822918891907,
    0.7413469552993774,
    0.6968042850494385
  ],
  "bertscore_recall": [
    0.6542429327964783,
    0.6237510442733765,
    0.6884737610816956,
    0.5036419630050659
  ],
  "bertscore_f1": [
    0.6690626740455627,
    0.6895155906677246,
    0.7139326930046082,
    0.5846823453903198
  ],
  "bleurt": [
    0.3552737236022949,
    0.5164932012557983,
    0.5435380935668945,
    0.4908163547515869
  ],
  "pred_note": [
    "Possible clinical note  HISTORY OF PRESENT ILLNESS Albert is a 62-year-old male with a past medical history significant for depression, type 2 diabetes, and kidney transplant, who is here today for emergency room follow-up. He reports that he was not monitoring his blood sugar readings over the weekend and felt woozy. His wife took him to the ER, where his blood sugar was found to be high. He was not admitted to the hospital and felt better after returning home. He attributes his poor dietary choices to his mother's hospitalization for a hip replacement. He has been following his diet more closely since then. He denies any chest pain, shortness of breath, lightheadedness, or dizziness. He has been managing his depression with meditation and does not want to start medication or therapy. He has been compliant with his immunosuppression medications for his kidney transplant and has regular follow-ups with his nephrologist.  \nPHYSICAL EXAM\n Vital signs are within normal limits. He does not appear in any distress. No carotid bruits are appreciated. Heart exam reveals a 2/6 systolic ejection murmur, which is unchanged from previous visits. Lungs are clear to auscultation. He has 1+ edema in his lower extremities.  \nRESULTS\n Blood glucose is 162 mg/dL. Hemoglobin A1c is 8%. Kidney function is stable.  \nASSESSMENT AND PLAN\n  - Hyperglycemia Increase lantus to 20 units at night. Monitor blood sugar and report any changes. Order hemoglobin A1c in two months. - Depression Continue meditation and avoid medication or therapy at this time. Call if symptoms worsen or need support. - Kidney transplant Refer to nephrologist for immunosuppression management. No changes needed at this time.",
    "Albert is a 62-year-old male with a past medical history significant for depression, type 2 diabetes, and kidney transplant, who is here today for emergency room follow-up. He reports that he was not monitoring his blood sugar readings over the weekend and felt woozy. His wife took him to the ER, where his blood sugar was found to be high. He was not admitted to the hospital and felt better after returning home. He attributes his poor dietary choices to his mother's hospitalization for a hip replacement. He has been following his diet more closely since then. He denies any chest pain, shortness of breath, lightheadedness, or dizziness. He has been managing his depression with meditation and does not want to start medication or therapy. He has been compliant with his immunosuppression medications for his kidney transplant and has regular follow-ups with his nephrologist. ",
    "Vital signs are within normal limits. He does not appear in any distress. No carotid bruits are appreciated. Heart exam reveals a 2/6 systolic ejection murmur, which is unchanged from previous visits. Lungs are clear to auscultation. He has 1+ edema in his lower extremities. Blood glucose is 162 mg/dL. Hemoglobin A1c is 8%. Kidney function is stable. ",
    "- Hyperglycemia Increase lantus to 20 units at night. Monitor blood sugar and report any changes. Order hemoglobin A1c in two months. - Depression Continue meditation and avoid medication or therapy at this time. Call if symptoms worsen or need support. - Kidney transplant Refer to nephrologist for immunosuppression management. No changes needed at this time. "
  ],